race_id,numeric_race_id,date,course,race_number,race_name,horse_number,horse_name,horse_url,horse_id,sex,age,weight_carried_today,jockey_today,odds_today,popularity_today,history_index,history_date,history_place,history_race_name,history_class,history_frame_number,history_horse_number,history_distance_text,history_surface,history_distance,history_course_condition,history_finish,history_popularity,history_odds,history_last3f,history_margin,history_weight,history_passing,history_time,history_jockey,history_horse_weight,history_weather,corner1,corner2,corner3,corner4
2026-07-25-01-06,202604020106,2026-07-25,新潟,6,豊栄特別,1,ガリレア,https://db.netkeiba.com/horse/2023100681/,2023100681,牡,3,55.0,石橋脩,,,0,2026/06/28,2福島2,ラジオNIKKEI賞(GIII),,5,10,芝1800,芝,1800,良,5.0,16,151.8,34.7,0.4,54,8-8-4-3,1:45.6,石橋脩,450(0),晴,8.0,8.0,4.0,3.0
2026-07-25-01-06,202604020106,2026-07-25,新潟,6,豊栄特別,1,ガリレア,https://db.netkeiba.com/horse/2023100681/,2023100681,牡,3,55.0,石橋脩,,,1,2026/04/11,3中山5,ニュージーランドT(GII),,7,13,芝1600,芝,1600,良,11.0,12,161.6,35.1,1.3,57,5-5-5,1:34.6,石橋脩,450(+2),晴,5.0,5.0,5.0,5.0
2026-07-25-01-06,202604020106,2026-07-25,新潟,6,豊栄特別,1,ガリレア,https://db.netkeiba.com/horse/2023100681/,2023100681,牡,3,55.0,石橋脩,,,2,2026/03/15,2中山6,フジTVスプリングS(GII),,3,6,芝1800,芝,1800,良,10.0,10,55.6,35.2,0.7,57,8-8-9-10,1:46.7,石橋脩,448(0),晴,8.0,8.0,9.0,10.0
2026-07-25-01-06,202604020106,2026-07-25,新潟,6,豊栄特別,1,ガリレア,https://db.netkeiba.com/horse/2023100681/,2023100681,牡,3,55.0,石橋脩,,,3,2026/02/15,1東京6,共同通信杯(GIII),,3,3,芝1800,芝,1800,良,7.0,8,96.6,35.3,1.0,57,2-1-1,1:46.5,石橋脩,448(+10),晴,2.0,1.0,1.0,1.0
2026-07-25-01-06,202604020106,2026-07-25,新潟,6,豊栄特別,1,ガリレア,https://db.netkeiba.com/horse/2023100681/,2023100681,牡,3,55.0,石橋脩,,,4,2025/11/15,4京都3,デイリー杯2歳S(GII),,3,3,芝1600,芝,1600,良,7.0,5,19.1,36.1,1.7,56,2-2,1:34.8,杉原誠人,438(-4),晴,2.0,2.0,,2.0
2026-07-25-01-06,202604020106,2026-07-25,新潟,6,豊栄特別,1,ガリレア,https://db.netkeiba.com/horse/2023100681/,2023100681,牡,3,55.0,石橋脩,,,5,2025/10/11,4東京3,サウジアラビアRC(GIII),,1,1,芝1600,芝,1600,良,2.0,7,53.4,34.0,0.3,56,3-3,1:34.1,杉原誠人,442(+2),小雨,3.0,3.0,,3.0
2026-07-25-01-06,202604020106,2026-07-25,新潟,6,豊栄特別,1,ガリレア,https://db.netkeiba.com/horse/2023100681/,2023100681,牡,3,55.0,石橋脩,,,6,2025/08/24,3新潟2,2歳未勝利,,1,1,芝1600,芝,1600,良,1.0,3,13.4,33.3,0.0,55,1-1,1:37.4,杉原誠人,440(+6),晴,1.0,1.0,,1.0
2026-07-25-01-06,202604020106,2026-07-25,新潟,6,豊栄特別,1,ガリレア,https://db.netkeiba.com/horse/2023100681/,2023100681,牡,3,55.0,石橋脩,,,7,2025/07/27,2新潟2,2歳新馬,,5,5,芝1600,芝,1600,良,5.0,9,83.3,33.3,0.4,55,2-2,1:37.5,杉原誠人,434(0),晴,2.0,2.0,,2.0
2026-07-25-01-06,202604020106,2026-07-25,新潟,6,豊栄特別,2,ギフテッド,https://db.netkeiba.com/horse/2022102920/,2022102920,牝,4,56.0,今村,,,0,2026/06/20,3東京5,相模湖特別(2勝クラス),,4,5,芝1400,芝,1400,稍,9.0,12,95.4,34.1,0.9,56,7-7,1:22.5,今村聖奈,464(+10),雨,7.0,7.0,,7.0
2026-07-25-01-06,202604020106,2026-07-25,新潟,6,豊栄特別,2,ギフテッド,https://db.netkeiba.com/horse/2022102920/,2022102920,牝,4,56.0,今村,,,1,2025/10/12,4東京4,鷹巣山特別(2勝クラス),,1,2,芝1600,芝,1600,良,7.0,7,19.2,33.6,0.5,52,8-9,1:32.5,今村聖奈,454(0),曇,8.0,9.0,,9.0
2026-07-25-01-06,202604020106,2026-07-25,新潟,6,豊栄特別,2,ギフテッド,https://db.netkeiba.com/horse/2022102920/,2022102920,牝,4,56.0,今村,,,2,2025/08/23,3新潟1,3歳以上1勝クラス,,8,11,芝1600,芝,1600,良,1.0,2,4.5,33.2,0.0,51,5-5,1:33.0,今村聖奈,454(+4),晴,5.0,5.0,,5.0
2026-07-25-01-06,202604020106,2026-07-25,新潟,6,豊栄特別,2,ギフテッド,https://db.netkeiba.com/horse/2022102920/,2022102920,牝,4,56.0,今村,,,3,2025/06/22,3東京6,3歳以上1勝クラス,,7,13,芝1600,芝,1600,良,2.0,11,47.3,35.5,0.1,51,5-5,1:34.0,今村聖奈,450(+8),晴,5.0,5.0,,5.0
2026-07-25-01-06,202604020106,2026-07-25,新潟,6,豊栄特別,2,ギフテッド,https://db.netkeiba.com/horse/2022102920/,2022102920,牝,4,56.0,今村,,,4,2025/04/19,3中山7,3歳1勝クラス,,8,8,芝1800,芝,1800,良,7.0,6,45.2,33.9,0.9,55,3-3-3-7,1:46.9,菅原明良,442(-10),晴,3.0,3.0,3.0,7.0
2026-07-25-01-06,202604020106,2026-07-25,新潟,6,豊栄特別,2,ギフテッド,https://db.netkeiba.com/horse/2022102920/,2022102920,牝,4,56.0,今村,,,5,2025/02/15,1東京5,デイリー杯クイーンC(GIII),,8,14,芝1600,芝,1600,良,13.0,13,233.5,36.9,2.8,55,4-7,1:35.0,岩田康誠,452(-6),晴,4.0,7.0,,7.0
2026-07-25-01-06,202604020106,2026-07-25,新潟,6,豊栄特別,2,ギフテッド,https://db.netkeiba.com/horse/2022102920/,2022102920,牝,4,56.0,今村,,,6,2025/01/05,1中山1,ジュニアC(L),,2,2,芝1600,芝,1600,良,8.0,7,28.3,34.3,1.1,55,14-14-14,1:34.6,菅原明良,458(0),曇,14.0,14.0,14.0,14.0
2026-07-25-01-06,202604020106,2026-07-25,新潟,6,豊栄特別,2,ギフテッド,https://db.netkeiba.com/horse/2022102920/,2022102920,牝,4,56.0,今村,,,7,2024/12/07,5中山3,2歳新馬,,6,11,芝1600,芝,1600,良,1.0,2,4.4,34.8,-0.2,55,3-2-3,1:36.7,菅原明良,458(0),晴,3.0,2.0,3.0,3.0
2026-07-25-01-06,202604020106,2026-07-25,新潟,6,豊栄特別,3,ケイケイ,https://db.netkeiba.com/horse/2021103799/,2021103799,セ,5,58.0,木幡巧,,,0,2026/05/30,2東京11,葉山特別(2勝クラス),,7,9,芝1600,芝,1600,良,9.0,9,103.5,33.9,1.4,58,7-7,1:33.8,木幡巧也,478(-4),晴,7.0,7.0,,7.0
2026-07-25-01-06,202604020106,2026-07-25,新潟,6,豊栄特別,3,ケイケイ,https://db.netkeiba.com/horse/2021103799/,2021103799,セ,5,58.0,木幡巧,,,1,2026/05/17,2東京8,テレ玉杯(2勝クラス),,2,2,芝1600,芝,1600,良,5.0,9,46.6,33.2,0.5,58,5-5,1:33.3,木幡巧也,482(+2),晴,5.0,5.0,,5.0
2026-07-25-01-06,202604020106,2026-07-25,新潟,6,豊栄特別,3,ケイケイ,https://db.netkeiba.com/horse/2021103799/,2021103799,セ,5,58.0,木幡巧,,,2,2026/04/05,3中山4,4歳以上2勝クラス,,7,10,芝1600,芝,1600,稍,10.0,6,24.0,35.7,1.5,58,4-7-6,1:36.1,木幡巧也,480(-10),曇,4.0,7.0,6.0,6.0
2026-07-25-01-06,202604020106,2026-07-25,新潟,6,豊栄特別,3,ケイケイ,https://db.netkeiba.com/horse/2021103799/,2021103799,セ,5,58.0,木幡巧,,,3,2026/02/15,1東京6,4歳以上2勝クラス,,5,8,芝1600,芝,1600,良,10.0,10,48.2,34.3,0.8,58,10-9,1:33.4,大野拓弥,490(+4),晴,10.0,9.0,,9.0
2026-07-25-01-06,202604020106,2026-07-25,新潟,6,豊栄特別,3,ケイケイ,https://db.netkeiba.com/horse/2021103799/,2021103799,セ,5,58.0,木幡巧,,,4,2026/01/25,1中山9,4歳以上2勝クラス,,8,10,芝1600,芝,1600,良,5.0,7,37.9,35.2,0.6,58,2-2-2,1:34.2,大野拓弥,486(+4),晴,2.0,2.0,2.0,2.0
2026-07-25-01-06,202604020106,2026-07-25,新潟,6,豊栄特別,3,ケイケイ,https://db.netkeiba.com/horse/2021103799/,2021103799,セ,5,58.0,木幡巧,,,5,2025/12/21,5中山6,3歳以上2勝クラス,,6,11,芝1600,芝,1600,重,7.0,8,20.7,35.3,0.7,58,13-13-12,1:35.2,木幡巧也,482(0),雨,13.0,13.0,12.0,12.0
2026-07-25-01-06,202604020106,2026-07-25,新潟,6,豊栄特別,3,ケイケイ,https://db.netkeiba.com/horse/2021103799/,2021103799,セ,5,58.0,木幡巧,,,6,2025/11/29,5東京7,3歳以上2勝クラス,,8,9,芝1600,芝,1600,良,3.0,6,88.2,34.1,0.5,58,5-4,1:34.3,木幡巧也,482(+2),晴,5.0,4.0,,4.0
2026-07-25-01-06,202604020106,2026-07-25,新潟,6,豊栄特別,3,ケイケイ,https://db.netkeiba.com/horse/2021103799/,2021103799,セ,5,58.0,木幡巧,,,7,2025/11/15,5東京3,3歳以上2勝クラス,,5,7,芝1600,芝,1600,良,7.0,11,92.1,33.7,0.8,58,7-7,1:34.2,木幡巧也,480(+10),晴,7.0,7.0,,7.0
2026-07-25-01-06,202604020106,2026-07-25,新潟,6,豊栄特別,3,ケイケイ,https://db.netkeiba.com/horse/2021103799/,2021103799,セ,5,58.0,木幡巧,,,8,2025/09/21,4中山7,木更津特別(2勝クラス),,5,5,芝1600,芝,1600,良,5.0,8,57.1,35.1,0.5,58,2-4-4,1:32.5,大野拓弥,470(0),曇,2.0,4.0,4.0,4.0
2026-07-25-01-06,202604020106,2026-07-25,新潟,6,豊栄特別,3,ケイケイ,https://db.netkeiba.com/horse/2021103799/,2021103799,セ,5,58.0,木幡巧,,,9,2025/05/31,2東京11,葉山特別(2勝クラス),,8,15,芝1600,芝,1600,重,13.0,12,50.5,37.1,1.7,58,4-4,1:37.6,大野拓弥,470(+2),小雨,4.0,4.0,,4.0
2026-07-25-01-06,202604020106,2026-07-25,新潟,6,豊栄特別,3,ケイケイ,https://db.netkeiba.com/horse/2021103799/,2021103799,セ,5,58.0,木幡巧,,,10,2025/03/23,2中山8,鎌ケ谷特別(2勝クラス),,6,7,芝1600,芝,1600,良,3.0,7,39.6,35.5,0.6,58,6-6-5,1:33.7,木幡巧也,468(-8),晴,6.0,6.0,5.0,5.0
2026-07-25-01-06,202604020106,2026-07-25,新潟,6,豊栄特別,3,ケイケイ,https://db.netkeiba.com/horse/2021103799/,2021103799,セ,5,58.0,木幡巧,,,11,2025/03/09,2中山4,4歳以上2勝クラス,,7,13,芝1600,芝,1600,稍,9.0,9,24.1,36.0,1.0,58,16-15-13,1:35.2,大野拓弥,476(0),晴,16.0,15.0,13.0,13.0
2026-07-25-01-06,202604020106,2026-07-25,新潟,6,豊栄特別,3,ケイケイ,https://db.netkeiba.com/horse/2021103799/,2021103799,セ,5,58.0,木幡巧,,,12,2025/02/16,1東京6,4歳以上2勝クラス,,3,3,芝1600,芝,1600,良,4.0,7,24.2,34.1,0.5,58,5-5,1:34.4,大野拓弥,476(0),晴,5.0,5.0,,5.0
2026-07-25-01-06,202604020106,2026-07-25,新潟,6,豊栄特別,3,ケイケイ,https://db.netkeiba.com/horse/2021103799/,2021103799,セ,5,58.0,木幡巧,,,13,2025/01/19,1中山7,4歳以上2勝クラス,,6,10,芝1800,芝,1800,良,9.0,11,32.6,34.8,0.8,57,12-11-8-7,1:49.1,大野拓弥,476(+8),曇,12.0,11.0,8.0,7.0
2026-07-25-01-06,202604020106,2026-07-25,新潟,6,豊栄特別,3,ケイケイ,https://db.netkeiba.com/horse/2021103799/,2021103799,セ,5,58.0,木幡巧,,,14,2024/12/22,5中山8,オルフェーヴルC(2勝クラス),,1,2,芝1600,芝,1600,良,8.0,5,11.9,35.3,0.6,57,10-11-12,1:34.0,松山弘平,468(-8),晴,10.0,11.0,12.0,12.0
2026-07-25-01-06,202604020106,2026-07-25,新潟,6,豊栄特別,3,ケイケイ,https://db.netkeiba.com/horse/2021103799/,2021103799,セ,5,58.0,木幡巧,,,15,2024/12/08,5中山4,3歳以上2勝クラス,,6,12,芝1600,芝,1600,良,3.0,7,25.6,35.2,0.2,57,10-9-11,1:33.9,大野拓弥,476(+18),晴,10.0,9.0,11.0,11.0
2026-07-25-01-06,202604020106,2026-07-25,新潟,6,豊栄特別,3,ケイケイ,https://db.netkeiba.com/horse/2021103799/,2021103799,セ,5,58.0,木幡巧,,,16,2024/09/22,4中山7,木更津特別(2勝クラス),,8,12,芝1600,芝,1600,良,8.0,8,61.3,34.5,1.5,56,12-12-11,1:33.9,大野拓弥,458(+2),曇,12.0,12.0,11.0,11.0
2026-07-25-01-06,202604020106,2026-07-25,新潟,6,豊栄特別,3,ケイケイ,https://db.netkeiba.com/horse/2021103799/,2021103799,セ,5,58.0,木幡巧,,,17,2024/04/13,2阪神7,アーリントンC(GIII),,7,14,芝1600,芝,1600,良,11.0,10,71.9,33.7,1.2,57,5-5,1:35.3,岩田康誠,456(-8),晴,5.0,5.0,,5.0
2026-07-25-01-06,202604020106,2026-07-25,新潟,6,豊栄特別,3,ケイケイ,https://db.netkeiba.com/horse/2021103799/,2021103799,セ,5,58.0,木幡巧,,,18,2024/03/31,3中山4,3歳1勝クラス,,4,4,芝1600,芝,1600,良,1.0,7,16.9,34.3,-0.1,57,8-8-5,1:33.7,大野拓弥,464(+4),晴,8.0,8.0,5.0,5.0
2026-07-25-01-06,202604020106,2026-07-25,新潟,6,豊栄特別,3,ケイケイ,https://db.netkeiba.com/horse/2021103799/,2021103799,セ,5,58.0,木幡巧,,,19,2024/03/09,1中京1,3歳未勝利,,2,3,芝1600,芝,1600,良,1.0,2,4.6,35.1,0.0,57,4-2-3,1:35.3,吉田隼人,460(-4),晴,4.0,2.0,3.0,3.0
2026-07-25-01-06,202604020106,2026-07-25,新潟,6,豊栄特別,3,ケイケイ,https://db.netkeiba.com/horse/2021103799/,2021103799,セ,5,58.0,木幡巧,,,20,2024/01/14,1中山5,3歳未勝利,,1,1,芝1600,芝,1600,稍,8.0,3,6.5,35.3,1.2,57,8-9-13,1:34.9,木幡巧也,464(+2),晴,8.0,9.0,13.0,13.0
2026-07-25-01-06,202604020106,2026-07-25,新潟,6,豊栄特別,3,ケイケイ,https://db.netkeiba.com/horse/2021103799/,2021103799,セ,5,58.0,木幡巧,,,21,2023/12/23,5中山7,2歳未勝利,,5,9,芝1600,芝,1600,良,2.0,4,6.6,35.5,0.1,56,5-4-3,1:34.5,木幡巧也,462(+2),晴,5.0,4.0,3.0,3.0
2026-07-25-01-06,202604020106,2026-07-25,新潟,6,豊栄特別,3,ケイケイ,https://db.netkeiba.com/horse/2021103799/,2021103799,セ,5,58.0,木幡巧,,,22,2023/12/02,5中山1,2歳未勝利,,4,8,芝1600,芝,1600,良,5.0,8,66.0,34.5,0.5,56,7-8-8,1:34.0,大野拓弥,460(+2),晴,7.0,8.0,8.0,8.0
2026-07-25-01-06,202604020106,2026-07-25,新潟,6,豊栄特別,3,ケイケイ,https://db.netkeiba.com/horse/2021103799/,2021103799,セ,5,58.0,木幡巧,,,23,2023/11/11,5東京3,2歳未勝利,,4,4,芝1600,芝,1600,良,2.0,6,61.6,34.1,0.7,56,2-2,1:35.5,木幡巧也,458(+6),曇,2.0,2.0,,2.0
2026-07-25-01-06,202604020106,2026-07-25,新潟,6,豊栄特別,3,ケイケイ,https://db.netkeiba.com/horse/2021103799/,2021103799,セ,5,58.0,木幡巧,,,24,2023/10/21,4東京6,2歳未勝利,,2,2,芝1400,芝,1400,良,5.0,9,179.2,34.0,0.9,56,10-10,1:23.5,大野拓弥,452(-2),晴,10.0,10.0,,10.0
2026-07-25-01-06,202604020106,2026-07-25,新潟,6,豊栄特別,3,ケイケイ,https://db.netkeiba.com/horse/2021103799/,2021103799,セ,5,58.0,木幡巧,,,25,2023/10/09,4東京3,2歳新馬,,4,4,芝1600,芝,1600,稍,9.0,11,168.1,35.4,1.5,56,5-4,1:38.4,大野拓弥,454(0),雨,5.0,4.0,,4.0
2026-07-25-01-06,202604020106,2026-07-25,新潟,6,豊栄特別,4,コルドンブルー,https://db.netkeiba.com/horse/2022106619/,2022106619,牝,4,56.0,岩田望,,,0,2026/05/16,3京都7,4歳以上1勝クラス,,6,6,芝1600,芝,1600,良,1.0,2,3.3,33.2,0.0,56,7-5,1:33.3,岩田望来,446(+8),晴,7.0,5.0,,5.0
2026-07-25-01-06,202604020106,2026-07-25,新潟,6,豊栄特別,4,コルドンブルー,https://db.netkeiba.com/horse/2022106619/,2022106619,牝,4,56.0,岩田望,,,1,2026/04/25,3京都1,4歳以上1勝クラス,,3,6,芝1400,芝,1400,良,3.0,1,3.4,33.3,0.5,56,13-13,1:20.7,岩田望来,438(0),晴,13.0,13.0,,13.0
2026-07-25-01-06,202604020106,2026-07-25,新潟,6,豊栄特別,4,コルドンブルー,https://db.netkeiba.com/horse/2022106619/,2022106619,牝,4,56.0,岩田望,,,2,2026/03/29,2阪神2,4歳以上1勝クラス,,1,1,芝1400,芝,1400,良,3.0,2,3.9,33.8,0.3,56,9-9,1:20.5,岩田望来,438(+4),晴,9.0,9.0,,9.0
2026-07-25-01-06,202604020106,2026-07-25,新潟,6,豊栄特別,4,コルドンブルー,https://db.netkeiba.com/horse/2022106619/,2022106619,牝,4,56.0,岩田望,,,3,2025/01/18,1中京6,紅梅S(L),,8,11,芝1400,芝,1400,良,3.0,5,9.7,34.4,0.6,55,12-12,1:21.7,鮫島克駿,434(-4),晴,12.0,12.0,,12.0
2026-07-25-01-06,202604020106,2026-07-25,新潟,6,豊栄特別,4,コルドンブルー,https://db.netkeiba.com/horse/2022106619/,2022106619,牝,4,56.0,岩田望,,,4,2024/12/14,4中京5,2歳未勝利,,6,12,芝1400,芝,1400,良,1.0,1,2.2,35.1,-0.3,55,8-8,1:22.3,鮫島克駿,438(0),晴,8.0,8.0,,8.0
2026-07-25-01-06,202604020106,2026-07-25,新潟,6,豊栄特別,4,コルドンブルー,https://db.netkeiba.com/horse/2022106619/,2022106619,牝,4,56.0,岩田望,,,5,2024/10/14,4新潟4,2歳未勝利,,5,9,芝1400,芝,1400,良,2.0,1,2.6,35.8,0.2,55,11-12,1:22.7,佐々木大,438(0),晴,11.0,12.0,,12.0
2026-07-25-01-06,202604020106,2026-07-25,新潟,6,豊栄特別,4,コルドンブルー,https://db.netkeiba.com/horse/2022106619/,2022106619,牝,4,56.0,岩田望,,,6,2024/09/14,3中京3,2歳新馬,,6,6,芝1400,芝,1400,良,2.0,8,16.8,33.9,0.2,55,6-7,1:22.4,鮫島克駿,438(0),晴,6.0,7.0,,7.0
2026-07-25-01-06,202604020106,2026-07-25,新潟,6,豊栄特別,5,コンフェルマ,https://db.netkeiba.com/horse/2021105970/,2021105970,セ,5,58.0,小牧加,,,0,2026/05/23,1新潟7,障害4歳以上未勝利,,1,1,障2890,障,2890,稍,7.0,3,9.7,13.4,2.7,60,11-11-10-10,3:14.1,小牧加矢,486(-20),晴,11.0,11.0,10.0,10.0
2026-07-25-01-06,202604020106,2026-07-25,新潟,6,豊栄特別,5,コンフェルマ,https://db.netkeiba.com/horse/2021105970/,2021105970,セ,5,58.0,小牧加,,,1,2025/04/19,2阪神7,丹波特別(2勝クラス),,6,10,芝1400,芝,1400,良,12.0,6,12.0,34.1,0.9,56,11-10,1:20.9,松山弘平,506(-4),晴,11.0,10.0,,10.0
2026-07-25-01-06,202604020106,2026-07-25,新潟,6,豊栄特別,5,コンフェルマ,https://db.netkeiba.com/horse/2021105970/,2021105970,セ,5,58.0,小牧加,,,2,2025/03/02,1阪神2,淡路特別(2勝クラス),,8,9,芝2200,芝,2200,良,9.0,3,4.4,41.0,5.6,57,1-1-1-5,2:17.4,松山弘平,510(+18),小雨,1.0,1.0,1.0,5.0
2026-07-25-01-06,202604020106,2026-07-25,新潟,6,豊栄特別,5,コンフェルマ,https://db.netkeiba.com/horse/2021105970/,2021105970,セ,5,58.0,小牧加,,,3,2024/09/29,4中山9,3歳以上1勝クラス,,6,12,芝2200,芝,2200,良,1.0,4,6.6,34.6,-0.4,55,1-1-1-1,2:13.4,松山弘平,492(+2),曇,1.0,1.0,1.0,1.0
2026-07-25-01-06,202604020106,2026-07-25,新潟,6,豊栄特別,5,コンフェルマ,https://db.netkeiba.com/horse/2021105970/,2021105970,セ,5,58.0,小牧加,,,4,2024/07/28,2新潟2,3歳未勝利,,2,3,芝2200,芝,2200,良,1.0,2,3.0,35.1,-0.2,57,1-1-1-1,2:14.7,松山弘平,490(-10),曇,1.0,1.0,1.0,1.0
2026-07-25-01-06,202604020106,2026-07-25,新潟,6,豊栄特別,5,コンフェルマ,https://db.netkeiba.com/horse/2021105970/,2021105970,セ,5,58.0,小牧加,,,5,2024/03/16,1阪神7,3歳未勝利,,4,4,芝2400,芝,2400,良,2.0,2,2.9,34.6,0.1,57,2-2-2-2,2:27.0,岩田望来,500(-14),晴,2.0,2.0,2.0,2.0
2026-07-25-01-06,202604020106,2026-07-25,新潟,6,豊栄特別,5,コンフェルマ,https://db.netkeiba.com/horse/2021105970/,2021105970,セ,5,58.0,小牧加,,,6,2024/01/20,1京都6,3歳新馬,,4,4,芝2000,芝,2000,重,4.0,3,5.6,35.8,0.4,57,9-7-9-8,2:05.2,岩田望来,514(0),曇,9.0,7.0,9.0,8.0
2026-07-25-01-06,202604020106,2026-07-25,新潟,6,豊栄特別,6,ゴールドスター,https://db.netkeiba.com/horse/2021103561/,2021103561,牡,5,58.0,横山和,,,0,2026/06/06,3東京1,テレビ山梨杯(2勝クラス),,6,12,芝1400,芝,1400,良,16.0,11,58.6,33.2,1.2,56,17-17,1:21.3,横山和生,466(-2),晴,17.0,17.0,,17.0
2026-07-25-01-06,202604020106,2026-07-25,新潟,6,豊栄特別,6,ゴールドスター,https://db.netkeiba.com/horse/2021103561/,2021103561,牡,5,58.0,横山和,,,1,2026/05/10,2東京6,4歳以上2勝クラス,,8,10,芝1400,芝,1400,良,6.0,7,13.7,33.6,0.4,58,8-8,1:21.0,横山和生,468(-2),晴,8.0,8.0,,8.0
2026-07-25-01-06,202604020106,2026-07-25,新潟,6,豊栄特別,6,ゴールドスター,https://db.netkeiba.com/horse/2021103561/,2021103561,牡,5,58.0,横山和,,,2,2026/02/22,1東京8,4歳以上2勝クラス,,3,5,芝1400,芝,1400,良,8.0,8,21.6,33.1,0.5,58,14-15,1:21.4,横山和生,470(+8),晴,14.0,15.0,,15.0
2026-07-25-01-06,202604020106,2026-07-25,新潟,6,豊栄特別,6,ゴールドスター,https://db.netkeiba.com/horse/2021103561/,2021103561,牡,5,58.0,横山和,,,3,2025/11/23,5東京5,3歳以上2勝クラス,,6,11,芝1400,芝,1400,良,15.0,4,6.1,33.3,1.1,58,13-14,1:21.6,横山和生,462(+2),曇,13.0,14.0,,14.0
2026-07-25-01-06,202604020106,2026-07-25,新潟,6,豊栄特別,6,ゴールドスター,https://db.netkeiba.com/horse/2021103561/,2021103561,牡,5,58.0,横山和,,,4,2025/10/25,4東京8,精進湖特別(2勝クラス),,2,2,芝1400,芝,1400,稍,4.0,5,9.3,33.1,0.0,58,10-10,1:21.4,川田将雅,460(0),雨,10.0,10.0,,10.0
2026-07-25-01-06,202604020106,2026-07-25,新潟,6,豊栄特別,6,ゴールドスター,https://db.netkeiba.com/horse/2021103561/,2021103561,牡,5,58.0,横山和,,,5,2025/08/31,2札幌4,HBC賞(2勝クラス),,1,2,芝1200,芝,1200,稍,4.0,5,7.5,34.8,0.2,56,7-7,1:09.8,浜中俊,460(-2),曇,7.0,7.0,,7.0
2026-07-25-01-06,202604020106,2026-07-25,新潟,6,豊栄特別,6,ゴールドスター,https://db.netkeiba.com/horse/2021103561/,2021103561,牡,5,58.0,横山和,,,6,2025/08/23,2札幌1,オールスターJ第1戦(2勝クラス),,4,5,芝1200,芝,1200,良,5.0,4,8.5,34.8,0.3,58,4-5,1:09.3,横山武史,462(0),晴,4.0,5.0,,5.0
2026-07-25-01-06,202604020106,2026-07-25,新潟,6,豊栄特別,6,ゴールドスター,https://db.netkeiba.com/horse/2021103561/,2021103561,牡,5,58.0,横山和,,,7,2025/08/03,1札幌4,苫小牧特別(2勝クラス),,6,8,芝1200,芝,1200,良,8.0,5,6.4,34.2,0.3,58,10-8,1:08.7,石川裕紀,462(0),晴,10.0,8.0,,8.0
2026-07-25-01-06,202604020106,2026-07-25,新潟,6,豊栄特別,6,ゴールドスター,https://db.netkeiba.com/horse/2021103561/,2021103561,牡,5,58.0,横山和,,,8,2025/05/24,1新潟7,大日岳特別(2勝クラス),,4,7,芝1200,芝,1200,良,3.0,3,7.5,33.9,0.1,58,7-7,1:09.9,菊沢一樹,462(-8),曇,7.0,7.0,,7.0
2026-07-25-01-06,202604020106,2026-07-25,新潟,6,豊栄特別,6,ゴールドスター,https://db.netkeiba.com/horse/2021103561/,2021103561,牡,5,58.0,横山和,,,9,2025/03/01,1小倉11,西日本新聞杯(2勝クラス),,6,11,芝1200,芝,1200,良,5.0,4,9.4,34.7,0.5,58,7-8,1:08.9,丹内祐次,470(+2),曇,7.0,8.0,,8.0
2026-07-25-01-06,202604020106,2026-07-25,新潟,6,豊栄特別,6,ゴールドスター,https://db.netkeiba.com/horse/2021103561/,2021103561,牡,5,58.0,横山和,,,10,2025/02/02,1小倉4,周防灘特別(2勝クラス),,8,16,芝1200,芝,1200,稍,6.0,5,10.3,35.7,0.5,58,2-2,1:10.0,鮫島克駿,468(+12),曇,2.0,2.0,,2.0
2026-07-25-01-06,202604020106,2026-07-25,新潟,6,豊栄特別,6,ゴールドスター,https://db.netkeiba.com/horse/2021103561/,2021103561,牡,5,58.0,横山和,,,11,2024/12/21,5中山7,クリスマスC(2勝クラス),,5,9,芝1200,芝,1200,良,5.0,3,4.9,34.5,0.7,57,5-6,1:08.7,田辺裕信,456(-2),晴,5.0,6.0,,6.0
2026-07-25-01-06,202604020106,2026-07-25,新潟,6,豊栄特別,6,ゴールドスター,https://db.netkeiba.com/horse/2021103561/,2021103561,牡,5,58.0,横山和,,,12,2024/10/12,4新潟3,朝日岳特別(1勝クラス),,4,8,芝1200,芝,1200,良,1.0,3,6.0,34.4,-0.4,57,1-1,1:08.5,田辺裕信,458(-4),晴,1.0,1.0,,1.0
2026-07-25-01-06,202604020106,2026-07-25,新潟,6,豊栄特別,6,ゴールドスター,https://db.netkeiba.com/horse/2021103561/,2021103561,牡,5,58.0,横山和,,,13,2024/09/15,4中山4,3歳以上1勝クラス,,7,13,芝1200,芝,1200,良,3.0,3,4.9,34.7,0.4,56,2-2,1:08.2,横山武史,462(+10),晴,2.0,2.0,,2.0
2026-07-25-01-06,202604020106,2026-07-25,新潟,6,豊栄特別,6,ゴールドスター,https://db.netkeiba.com/horse/2021103561/,2021103561,牡,5,58.0,横山和,,,14,2024/03/23,3中山1,3歳未勝利,,6,11,ダ1200,ダ,1200,良,1.0,1,3.6,37.6,-0.3,57,1-1,1:12.0,横山武史,452(-6),曇,1.0,1.0,,1.0
2026-07-25-01-06,202604020106,2026-07-25,新潟,6,豊栄特別,6,ゴールドスター,https://db.netkeiba.com/horse/2021103561/,2021103561,牡,5,58.0,横山和,,,15,2024/01/13,1中山4,3歳未勝利,,3,6,ダ1200,ダ,1200,良,4.0,1,2.5,38.3,1.3,57,4-3,1:13.3,ルメール,458(-6),晴,4.0,3.0,,3.0
2026-07-25-01-06,202604020106,2026-07-25,新潟,6,豊栄特別,6,ゴールドスター,https://db.netkeiba.com/horse/2021103561/,2021103561,牡,5,58.0,横山和,,,16,2023/12/24,5中山8,2歳未勝利,,2,4,芝1200,芝,1200,良,4.0,3,8.0,35.2,0.4,56,5-3,1:09.4,マーカン,464(0),曇,5.0,3.0,,3.0
2026-07-25-01-06,202604020106,2026-07-25,新潟,6,豊栄特別,6,ゴールドスター,https://db.netkeiba.com/horse/2021103561/,2021103561,牡,5,58.0,横山和,,,17,2023/11/04,3福島1,2歳新馬,,6,12,芝1200,芝,1200,良,2.0,2,4.6,35.6,0.3,56,5-5,1:11.1,丸田恭介,464(0),曇,5.0,5.0,,5.0
2026-07-25-01-06,202604020106,2026-07-25,新潟,6,豊栄特別,7,シャンソンドール,https://db.netkeiba.com/horse/2022105038/,2022105038,牝,4,56.0,レーン,,,0,2026/05/16,2東京7,調布特別(2勝クラス),,3,3,芝1800,芝,1800,良,2.0,1,1.7,33.3,0.1,56,7-2-1,1:46.1,レーン,498(+4),晴,7.0,2.0,1.0,1.0
2026-07-25-01-06,202604020106,2026-07-25,新潟,6,豊栄特別,7,シャンソンドール,https://db.netkeiba.com/horse/2022105038/,2022105038,牝,4,56.0,レーン,,,1,2026/02/22,1東京8,4歳以上1勝クラス,,2,4,芝1800,芝,1800,良,1.0,1,2.4,34.2,0.0,55,2-3-3,1:46.1,ルメール,494(+16),晴,2.0,3.0,3.0,3.0
2026-07-25-01-06,202604020106,2026-07-25,新潟,6,豊栄特別,7,シャンソンドール,https://db.netkeiba.com/horse/2022105038/,2022105038,牝,4,56.0,レーン,,,2,2025/11/22,3福島5,3歳以上1勝クラス,,7,14,芝2000,芝,2000,良,3.0,1,2.5,35.7,0.4,54,1-1-1-1,1:58.7,戸崎圭太,478(0),晴,1.0,1.0,1.0,1.0
2026-07-25-01-06,202604020106,2026-07-25,新潟,6,豊栄特別,7,シャンソンドール,https://db.netkeiba.com/horse/2022105038/,2022105038,牝,4,56.0,レーン,,,3,2025/09/14,4中山4,3歳未勝利,,1,2,芝2000,芝,2000,良,1.0,1,3.5,35.0,-0.2,55,1-1-1-1,1:58.4,戸崎圭太,478(+18),曇,1.0,1.0,1.0,1.0
2026-07-25-01-06,202604020106,2026-07-25,新潟,6,豊栄特別,7,シャンソンドール,https://db.netkeiba.com/horse/2022105038/,2022105038,牝,4,56.0,レーン,,,4,2025/01/12,1中山4,3歳未勝利,,7,13,芝2000,芝,2000,良,2.0,6,12.5,35.1,0.1,55,12-11-11-11,2:02.1,マーカン,460(+2),曇,12.0,11.0,11.0,11.0
2026-07-25-01-06,202604020106,2026-07-25,新潟,6,豊栄特別,7,シャンソンドール,https://db.netkeiba.com/horse/2022105038/,2022105038,牝,4,56.0,レーン,,,5,2024/11/09,3福島3,2歳新馬,,3,6,芝2000,芝,2000,良,2.0,8,11.3,36.2,0.0,55,6-5-4-4,2:04.7,菊沢一樹,458(0),晴,6.0,5.0,4.0,4.0
2026-07-25-01-06,202604020106,2026-07-25,新潟,6,豊栄特別,8,ジーネキング,https://db.netkeiba.com/horse/2023104885/,2023104885,牡,3,55.0,菊沢,,,0,2026/06/28,2福島2,ラジオNIKKEI賞(GIII),,2,3,芝1800,芝,1800,良,7.0,6,11.1,34.7,0.6,56,5-6-8-7,1:45.8,菊沢一樹,494(+4),晴,5.0,6.0,8.0,7.0
2026-07-25-01-06,202604020106,2026-07-25,新潟,6,豊栄特別,8,ジーネキング,https://db.netkeiba.com/horse/2023104885/,2023104885,牡,3,55.0,菊沢,,,1,2026/05/10,2東京6,NHKマイルC(GI),,3,6,芝1600,芝,1600,良,13.0,13,43.7,34.9,0.9,57,7-7,1:32.4,斎藤新,490(-4),晴,7.0,7.0,,7.0
2026-07-25-01-06,202604020106,2026-07-25,新潟,6,豊栄特別,8,ジーネキング,https://db.netkeiba.com/horse/2023104885/,2023104885,牡,3,55.0,菊沢,,,2,2026/04/11,3中山5,ニュージーランドT(GII),,3,5,芝1600,芝,1600,良,3.0,4,11.8,34.0,0.3,57,7-6-5,1:33.6,横山和生,494(-2),晴,7.0,6.0,5.0,5.0
2026-07-25-01-06,202604020106,2026-07-25,新潟,6,豊栄特別,8,ジーネキング,https://db.netkeiba.com/horse/2023104885/,2023104885,牡,3,55.0,菊沢,,,3,2026/03/15,2中山6,フジTVスプリングS(GII),,4,7,芝1800,芝,1800,良,12.0,12,73.5,35.9,0.9,57,2-2-3-2,1:46.9,横山和生,496(+4),晴,2.0,2.0,3.0,2.0
2026-07-25-01-06,202604020106,2026-07-25,新潟,6,豊栄特別,8,ジーネキング,https://db.netkeiba.com/horse/2023104885/,2023104885,牡,3,55.0,菊沢,,,4,2026/01/18,1中山7,京成杯(GIII),,6,10,芝2000,芝,2000,良,10.0,7,27.3,35.3,0.6,57,1-1-1-1,1:59.9,斎藤新,492(+2),晴,1.0,1.0,1.0,1.0
2026-07-25-01-06,202604020106,2026-07-25,新潟,6,豊栄特別,8,ジーネキング,https://db.netkeiba.com/horse/2023104885/,2023104885,牡,3,55.0,菊沢,,,5,2025/12/27,5中山7,ホープフルS(GI),,7,14,芝2000,芝,2000,良,12.0,11,55.0,36.1,1.1,56,2-2-2-2,2:02.1,斎藤新,490(+12),曇,2.0,2.0,2.0,2.0
2026-07-25-01-06,202604020106,2026-07-25,新潟,6,豊栄特別,8,ジーネキング,https://db.netkeiba.com/horse/2023104885/,2023104885,牡,3,55.0,菊沢,,,6,2025/09/06,2札幌5,札幌2歳S(GIII),,1,1,芝1800,芝,1800,良,2.0,10,31.1,36.1,0.0,55,1-1-1-1,1:50.6,斎藤新,478(+4),曇,1.0,1.0,1.0,1.0
2026-07-25-01-06,202604020106,2026-07-25,新潟,6,豊栄特別,8,ジーネキング,https://db.netkeiba.com/horse/2023104885/,2023104885,牡,3,55.0,菊沢,,,7,2025/08/16,2新潟7,2歳未勝利,,6,8,芝1800,芝,1800,良,1.0,1,1.5,34.4,-0.2,55,1-1,1:48.2,戸崎圭太,474(-2),晴,1.0,1.0,,1.0
2026-07-25-01-06,202604020106,2026-07-25,新潟,6,豊栄特別,8,ジーネキング,https://db.netkeiba.com/horse/2023104885/,2023104885,牡,3,55.0,菊沢,,,8,2025/07/27,2新潟2,2歳未勝利,,6,6,芝1800,芝,1800,良,2.0,2,4.4,33.4,0.4,55,1-1,1:47.8,戸崎圭太,476(-2),晴,1.0,1.0,,1.0
2026-07-25-01-06,202604020106,2026-07-25,新潟,6,豊栄特別,8,ジーネキング,https://db.netkeiba.com/horse/2023104885/,2023104885,牡,3,55.0,菊沢,,,9,2025/06/29,2福島2,2歳新馬,,8,13,芝1800,芝,1800,良,3.0,3,5.4,36.7,0.5,55,3-3-3-2,1:50.0,大野拓弥,478(0),晴,3.0,3.0,3.0,2.0
2026-07-25-01-06,202604020106,2026-07-25,新潟,6,豊栄特別,9,ソニックライン,https://db.netkeiba.com/horse/2021105871/,2021105871,セ,5,58.0,ゴンサルベ,,,0,2026/06/07,3東京2,3歳以上1勝クラス,,8,16,芝1600,芝,1600,良,1.0,4,14.3,34.0,-0.1,58,9-9,1:32.8,ゴンサル,488(-4),曇,9.0,9.0,,9.0
2026-07-25-01-06,202604020106,2026-07-25,新潟,6,豊栄特別,9,ソニックライン,https://db.netkeiba.com/horse/2021105871/,2021105871,セ,5,58.0,ゴンサルベ,,,1,2026/05/23,2東京9,4歳以上1勝クラス,,6,11,芝1600,芝,1600,良,3.0,3,7.0,35.0,0.6,58,2-2,1:32.9,横山武史,492(+2),曇,2.0,2.0,,2.0
2026-07-25-01-06,202604020106,2026-07-25,新潟,6,豊栄特別,9,ソニックライン,https://db.netkeiba.com/horse/2021105871/,2021105871,セ,5,58.0,ゴンサルベ,,,2,2026/04/25,2東京1,4歳以上1勝クラス,,7,7,芝1600,芝,1600,良,3.0,2,4.3,33.3,0.1,58,3-3,1:37.3,岩田康誠,490(-6),晴,3.0,3.0,,3.0
2026-07-25-01-06,202604020106,2026-07-25,新潟,6,豊栄特別,9,ソニックライン,https://db.netkeiba.com/horse/2021105871/,2021105871,セ,5,58.0,ゴンサルベ,,,3,2026/02/14,1東京5,4歳以上1勝クラス,,1,2,芝1600,芝,1600,良,4.0,7,13.2,34.1,0.6,58,8-9,1:34.2,岩田康誠,496(+2),晴,8.0,9.0,,9.0
2026-07-25-01-06,202604020106,2026-07-25,新潟,6,豊栄特別,9,ソニックライン,https://db.netkeiba.com/horse/2021105871/,2021105871,セ,5,58.0,ゴンサルベ,,,4,2025/11/15,5東京3,3歳以上1勝クラス,,1,1,ダ1400,ダ,1400,良,5.0,5,9.6,36.2,0.6,58,8-6,1:25.3,マーカン,494(+4),晴,8.0,6.0,,6.0
2026-07-25-01-06,202604020106,2026-07-25,新潟,6,豊栄特別,9,ソニックライン,https://db.netkeiba.com/horse/2021105871/,2021105871,セ,5,58.0,ゴンサルベ,,,5,2025/10/04,4東京1,3歳以上1勝クラス,,4,8,ダ1600,ダ,1600,良,6.0,4,7.7,37.4,0.6,58,1-1,1:38.7,荻野極,490(+6),曇,1.0,1.0,,1.0
2026-07-25-01-06,202604020106,2026-07-25,新潟,6,豊栄特別,9,ソニックライン,https://db.netkeiba.com/horse/2021105871/,2021105871,セ,5,58.0,ゴンサルベ,,,6,2025/08/02,2新潟3,五頭連峰特別(1勝クラス),,5,9,芝1600,芝,1600,良,3.0,6,21.6,33.1,0.4,58,3-3,1:32.8,荻野極,484(-10),晴,3.0,3.0,,3.0
2026-07-25-01-06,202604020106,2026-07-25,新潟,6,豊栄特別,9,ソニックライン,https://db.netkeiba.com/horse/2021105871/,2021105871,セ,5,58.0,ゴンサルベ,,,7,2025/05/31,2東京11,4歳以上1勝クラス,,1,2,ダ1600,ダ,1600,不,4.0,2,6.2,36.4,0.8,58,3-3,1:36.2,三浦皇成,494(+4),小雨,3.0,3.0,,3.0
2026-07-25-01-06,202604020106,2026-07-25,新潟,6,豊栄特別,9,ソニックライン,https://db.netkeiba.com/horse/2021105871/,2021105871,セ,5,58.0,ゴンサルベ,,,8,2025/05/17,2東京7,4歳以上1勝クラス,,6,9,ダ1600,ダ,1600,不,2.0,2,4.1,36.6,1.1,58,3-4,1:36.8,三浦皇成,490(-4),雨,3.0,4.0,,4.0
2026-07-25-01-06,202604020106,2026-07-25,新潟,6,豊栄特別,9,ソニックライン,https://db.netkeiba.com/horse/2021105871/,2021105871,セ,5,58.0,ゴンサルベ,,,9,2025/03/30,3中山2,4歳以上1勝クラス,,7,13,ダ1800,ダ,1800,稍,9.0,4,6.7,40.8,1.9,58,3-3-3-4,1:55.5,戸崎圭太,494(-8),晴,3.0,3.0,3.0,4.0
2026-07-25-01-06,202604020106,2026-07-25,新潟,6,豊栄特別,9,ソニックライン,https://db.netkeiba.com/horse/2021105871/,2021105871,セ,5,58.0,ゴンサルベ,,,10,2024/12/14,4中京5,3歳以上1勝クラス,,7,14,ダ1800,ダ,1800,良,9.0,4,6.1,38.5,0.7,57,9-8-9-10,1:55.0,ドイル,502(+2),晴,9.0,8.0,9.0,10.0
2026-07-25-01-06,202604020106,2026-07-25,新潟,6,豊栄特別,9,ソニックライン,https://db.netkeiba.com/horse/2021105871/,2021105871,セ,5,58.0,ゴンサルベ,,,11,2024/10/27,4東京8,3歳以上1勝クラス,,3,3,ダ1600,ダ,1600,良,8.0,2,2.7,36.9,1.4,56,8-8,1:38.4,Ｃ．デム,500(0),曇,8.0,8.0,,8.0
2026-07-25-01-06,202604020106,2026-07-25,新潟,6,豊栄特別,9,ソニックライン,https://db.netkeiba.com/horse/2021105871/,2021105871,セ,5,58.0,ゴンサルベ,,,12,2024/10/06,4東京2,3歳以上1勝クラス,,1,2,ダ1600,ダ,1600,重,3.0,1,2.1,36.2,0.2,56,13-13,1:35.3,ルメール,500(+4),曇,13.0,13.0,,13.0
2026-07-25-01-06,202604020106,2026-07-25,新潟,6,豊栄特別,9,ソニックライン,https://db.netkeiba.com/horse/2021105871/,2021105871,セ,5,58.0,ゴンサルベ,,,13,2024/08/04,2新潟4,3歳以上1勝クラス,,7,14,芝1600,芝,1600,良,7.0,3,3.7,33.8,0.8,55,11-11,1:33.3,ルメール,496(-8),晴,11.0,11.0,,11.0
2026-07-25-01-06,202604020106,2026-07-25,新潟,6,豊栄特別,9,ソニックライン,https://db.netkeiba.com/horse/2021105871/,2021105871,セ,5,58.0,ゴンサルベ,,,14,2024/02/18,1東京8,3歳1勝クラス,,6,7,芝1600,芝,1600,良,2.0,2,3.6,33.9,0.1,57,3-4,1:35.8,ルメール,504(+8),晴,3.0,4.0,,4.0
2026-07-25-01-06,202604020106,2026-07-25,新潟,6,豊栄特別,9,ソニックライン,https://db.netkeiba.com/horse/2021105871/,2021105871,セ,5,58.0,ゴンサルベ,,,15,2024/01/06,1中山1,ジュニアC(L),,6,6,芝1600,芝,1600,良,5.0,4,6.1,34.5,0.6,57,9-6-8,1:33.1,キングス,496(+4),晴,9.0,6.0,8.0,8.0
2026-07-25-01-06,202604020106,2026-07-25,新潟,6,豊栄特別,9,ソニックライン,https://db.netkeiba.com/horse/2021105871/,2021105871,セ,5,58.0,ゴンサルベ,,,16,2023/11/04,5東京1,2歳未勝利,,5,5,ダ1600,ダ,1600,良,1.0,1,2.0,36.9,-0.1,56,4-3,1:37.3,モレイラ,492(0),晴,4.0,3.0,,3.0
2026-07-25-01-06,202604020106,2026-07-25,新潟,6,豊栄特別,9,ソニックライン,https://db.netkeiba.com/horse/2021105871/,2021105871,セ,5,58.0,ゴンサルベ,,,17,2023/08/19,2札幌3,2歳未勝利,,7,9,芝1800,芝,1800,良,3.0,3,3.1,35.7,1.6,55,12-12-11-9,1:50.1,モレイラ,492(+4),晴,12.0,12.0,11.0,9.0
2026-07-25-01-06,202604020106,2026-07-25,新潟,6,豊栄特別,9,ソニックライン,https://db.netkeiba.com/horse/2021105871/,2021105871,セ,5,58.0,ゴンサルベ,,,18,2023/07/30,1札幌4,2歳新馬,,7,9,芝1800,芝,1800,良,3.0,1,2.6,34.7,0.7,55,10-10-8-8,1:52.3,横山武史,488(0),曇,10.0,10.0,8.0,8.0
2026-07-25-01-06,202604020106,2026-07-25,新潟,6,豊栄特別,10,ドリームクルーズ,https://db.netkeiba.com/horse/2021104899/,2021104899,牝,5,56.0,吉田豊,,,0,2026/05/24,2東京10,国分寺特別(2勝クラス),,3,3,芝1800,芝,1800,良,8.0,5,16.9,35.2,0.9,51,1-2-2,1:47.0,吉田豊,500(+2),曇,1.0,2.0,2.0,2.0
2026-07-25-01-06,202604020106,2026-07-25,新潟,6,豊栄特別,10,ドリームクルーズ,https://db.netkeiba.com/horse/2021104899/,2021104899,牝,5,56.0,吉田豊,,,1,2026/05/02,1新潟1,胎内川特別(2勝クラス),,4,7,芝1800,芝,1800,稍,15.0,8,14.4,37.4,1.2,56,1-1,1:48.9,横山琉人,498(+4),晴,1.0,1.0,,1.0
2026-07-25-01-06,202604020106,2026-07-25,新潟,6,豊栄特別,10,ドリームクルーズ,https://db.netkeiba.com/horse/2021104899/,2021104899,牝,5,56.0,吉田豊,,,2,2025/10/26,4東京9,山中湖特別(2勝クラス),,5,5,芝1800,芝,1800,稍,9.0,7,11.9,34.6,0.9,56,2-1-1,1:48.4,吉田豊,494(0),曇,2.0,1.0,1.0,1.0
2026-07-25-01-06,202604020106,2026-07-25,新潟,6,豊栄特別,10,ドリームクルーズ,https://db.netkeiba.com/horse/2021104899/,2021104899,牝,5,56.0,吉田豊,,,3,2025/10/04,4東京1,八ヶ岳特別(2勝クラス),,5,5,芝1800,芝,1800,良,8.0,5,12.0,35.9,1.0,56,1-1-1,1:46.4,吉田豊,494(+8),曇,1.0,1.0,1.0,1.0
2026-07-25-01-06,202604020106,2026-07-25,新潟,6,豊栄特別,10,ドリームクルーズ,https://db.netkeiba.com/horse/2021104899/,2021104899,牝,5,56.0,吉田豊,,,4,2025/07/26,2新潟1,3歳以上1勝クラス,,3,3,芝1800,芝,1800,良,1.0,5,12.4,33.5,-0.3,56,1-1,1:46.0,吉田豊,486(-2),晴,1.0,1.0,,1.0
2026-07-25-01-06,202604020106,2026-07-25,新潟,6,豊栄特別,10,ドリームクルーズ,https://db.netkeiba.com/horse/2021104899/,2021104899,牝,5,56.0,吉田豊,,,5,2025/06/21,3東京5,3歳以上1勝クラス,,2,3,芝1800,芝,1800,良,6.0,9,62.2,35.5,0.8,56,1-1-1,1:47.2,吉田豊,488(-4),晴,1.0,1.0,1.0,1.0
2026-07-25-01-06,202604020106,2026-07-25,新潟,6,豊栄特別,10,ドリームクルーズ,https://db.netkeiba.com/horse/2021104899/,2021104899,牝,5,56.0,吉田豊,,,6,2025/06/01,2東京12,4歳以上1勝クラス,,6,12,芝1800,芝,1800,稍,8.0,8,33.8,34.7,1.1,56,3-5-5,1:46.9,ディー,492(+2),晴,3.0,5.0,5.0,5.0
2026-07-25-01-06,202604020106,2026-07-25,新潟,6,豊栄特別,10,ドリームクルーズ,https://db.netkeiba.com/horse/2021104899/,2021104899,牝,5,56.0,吉田豊,,,7,2025/05/18,2東京8,4歳以上1勝クラス,,2,2,芝1800,芝,1800,良,4.0,4,17.3,34.4,0.7,56,1-1-1,1:48.2,ディー,490(+2),曇,1.0,1.0,1.0,1.0
2026-07-25-01-06,202604020106,2026-07-25,新潟,6,豊栄特別,10,ドリームクルーズ,https://db.netkeiba.com/horse/2021104899/,2021104899,牝,5,56.0,吉田豊,,,8,2025/04/26,2東京1,4歳以上1勝クラス,,6,8,芝1600,芝,1600,良,8.0,7,15.3,34.3,0.6,56,2-2,1:34.3,ディー,488(+6),曇,2.0,2.0,,2.0
2026-07-25-01-06,202604020106,2026-07-25,新潟,6,豊栄特別,10,ドリームクルーズ,https://db.netkeiba.com/horse/2021104899/,2021104899,牝,5,56.0,吉田豊,,,9,2025/03/16,2中京2,4歳以上1勝クラス,,3,5,芝1600,芝,1600,重,8.0,7,16.8,35.6,0.9,56,10-13-11,1:38.1,武豊,482(-8),曇,10.0,13.0,11.0,11.0
2026-07-25-01-06,202604020106,2026-07-25,新潟,6,豊栄特別,10,ドリームクルーズ,https://db.netkeiba.com/horse/2021104899/,2021104899,牝,5,56.0,吉田豊,,,10,2025/01/05,1中山1,4歳以上1勝クラス,,1,1,ダ1800,ダ,1800,良,15.0,7,17.7,39.9,2.1,55,9-9-10-10,1:57.1,松岡正海,490(+6),晴,9.0,9.0,10.0,10.0
2026-07-25-01-06,202604020106,2026-07-25,新潟,6,豊栄特別,10,ドリームクルーズ,https://db.netkeiba.com/horse/2021104899/,2021104899,牝,5,56.0,吉田豊,,,11,2024/12/07,4中京3,3歳以上1勝クラス,,1,1,ダ1400,ダ,1400,良,5.0,4,21.9,37.9,1.8,55,7-5,1:25.8,松岡正海,484(-12),曇,7.0,5.0,,5.0
2026-07-25-01-06,202604020106,2026-07-25,新潟,6,豊栄特別,10,ドリームクルーズ,https://db.netkeiba.com/horse/2021104899/,2021104899,牝,5,56.0,吉田豊,,,12,2024/11/16,5東京5,3歳以上1勝クラス,,6,12,ダ1600,ダ,1600,良,12.0,8,16.1,38.7,1.5,55,3-3,1:38.8,西村淳也,496(0),曇,3.0,3.0,,3.0
2026-07-25-01-06,202604020106,2026-07-25,新潟,6,豊栄特別,10,ドリームクルーズ,https://db.netkeiba.com/horse/2021104899/,2021104899,牝,5,56.0,吉田豊,,,13,2024/10/27,4東京8,3歳以上1勝クラス,,2,4,芝1400,芝,1400,良,8.0,1,4.2,33.7,0.3,54,9-9,1:21.4,武豊,496(+2),曇,9.0,9.0,,9.0
2026-07-25-01-06,202604020106,2026-07-25,新潟,6,豊栄特別,10,ドリームクルーズ,https://db.netkeiba.com/horse/2021104899/,2021104899,牝,5,56.0,吉田豊,,,14,2024/10/14,4東京4,3歳以上1勝クラス,,7,13,芝1600,芝,1600,良,3.0,5,15.0,35.2,0.2,54,2-2,1:32.9,西村淳也,494(-4),晴,2.0,2.0,,2.0
2026-07-25-01-06,202604020106,2026-07-25,新潟,6,豊栄特別,10,ドリームクルーズ,https://db.netkeiba.com/horse/2021104899/,2021104899,牝,5,56.0,吉田豊,,,15,2024/09/08,4中山2,3歳以上1勝クラス,,2,4,芝1600,芝,1600,良,11.0,5,13.1,33.4,0.8,54,11-12-13,1:33.6,吉田豊,498(+2),晴,11.0,12.0,13.0,13.0
2026-07-25-01-06,202604020106,2026-07-25,新潟,6,豊栄特別,10,ドリームクルーズ,https://db.netkeiba.com/horse/2021104899/,2021104899,牝,5,56.0,吉田豊,,,16,2024/06/02,3東京2,3歳未勝利,,7,14,芝1400,芝,1400,稍,1.0,1,2.5,34.8,-0.1,55,2-2,1:21.6,横山武史,496(0),曇,2.0,2.0,,2.0
2026-07-25-01-06,202604020106,2026-07-25,新潟,6,豊栄特別,10,ドリームクルーズ,https://db.netkeiba.com/horse/2021104899/,2021104899,牝,5,56.0,吉田豊,,,17,2024/05/04,2東京5,3歳未勝利,,3,5,芝1600,芝,1600,良,2.0,2,3.1,34.5,0.2,55,1-1,1:33.9,横山武史,496(0),晴,1.0,1.0,,1.0
2026-07-25-01-06,202604020106,2026-07-25,新潟,6,豊栄特別,10,ドリームクルーズ,https://db.netkeiba.com/horse/2021104899/,2021104899,牝,5,56.0,吉田豊,,,18,2024/04/13,3中山7,3歳未勝利,,1,2,芝1600,芝,1600,良,2.0,2,4.6,35.3,0.2,55,2-1-1,1:35.0,横山武史,496(0),晴,2.0,1.0,1.0,1.0
2026-07-25-01-06,202604020106,2026-07-25,新潟,6,豊栄特別,10,ドリームクルーズ,https://db.netkeiba.com/horse/2021104899/,2021104899,牝,5,56.0,吉田豊,,,19,2024/03/17,2中山8,3歳未勝利,,2,3,芝1600,芝,1600,良,3.0,4,7.1,35.4,0.3,55,7-6-7,1:35.8,坂井瑠星,496(0),晴,7.0,6.0,7.0,7.0
2026-07-25-01-06,202604020106,2026-07-25,新潟,6,豊栄特別,10,ドリームクルーズ,https://db.netkeiba.com/horse/2021104899/,2021104899,牝,5,56.0,吉田豊,,,20,2024/02/18,1東京8,3歳未勝利,,5,9,芝1800,芝,1800,良,4.0,8,46.4,33.9,0.5,55,6-6-6,1:48.9,ピーヒュ,496(-4),晴,6.0,6.0,6.0,6.0
2026-07-25-01-06,202604020106,2026-07-25,新潟,6,豊栄特別,10,ドリームクルーズ,https://db.netkeiba.com/horse/2021104899/,2021104899,牝,5,56.0,吉田豊,,,21,2023/11/26,5東京8,2歳新馬,,2,3,芝1800,芝,1800,良,9.0,5,18.4,33.8,1.0,55,16-15-13,1:52.0,大野拓弥,500(0),曇,16.0,15.0,13.0,13.0
2026-07-25-01-06,202604020106,2026-07-25,新潟,6,豊栄特別,11,ナグルファル,https://db.netkeiba.com/horse/2022105552/,2022105552,セ,4,58.0,和田陽,,,0,2026/04/05,2阪神4,4歳以上2勝クラス,,6,10,ダ1800,ダ,1800,重,12.0,6,14.6,38.4,2.8,55,14-14-13-12,1:53.0,和田陽希,522(+4),晴,14.0,14.0,13.0,12.0
2026-07-25-01-06,202604020106,2026-07-25,新潟,6,豊栄特別,11,ナグルファル,https://db.netkeiba.com/horse/2022105552/,2022105552,セ,4,58.0,和田陽,,,1,2026/02/22,1阪神2,天神橋特別(2勝クラス),,6,6,芝1600,芝,1600,良,9.0,4,6.4,34.1,0.5,55,2-2,1:34.7,吉村誠之,518(+2),晴,2.0,2.0,,2.0
2026-07-25-01-06,202604020106,2026-07-25,新潟,6,豊栄特別,11,ナグルファル,https://db.netkeiba.com/horse/2022105552/,2022105552,セ,4,58.0,和田陽,,,2,2025/10/04,3京都1,3歳以上2勝クラス,,4,4,芝2000,芝,2000,重,12.0,5,12.9,37.0,1.9,56,11-10-4-4,2:01.2,西村淳也,516(+2),曇,11.0,10.0,4.0,4.0
2026-07-25-01-06,202604020106,2026-07-25,新潟,6,豊栄特別,11,ナグルファル,https://db.netkeiba.com/horse/2022105552/,2022105552,セ,4,58.0,和田陽,,,3,2025/08/30,2札幌3,札幌日刊スポーツ杯(2勝クラス),,8,14,芝2000,芝,2000,稍,5.0,4,6.6,37.5,1.0,55,2-2-2-2,2:04.5,横山武史,514(+8),曇,2.0,2.0,2.0,2.0
2026-07-25-01-06,202604020106,2026-07-25,新潟,6,豊栄特別,11,ナグルファル,https://db.netkeiba.com/horse/2022105552/,2022105552,セ,4,58.0,和田陽,,,4,2025/05/10,2京都5,京都新聞杯(GII),,6,6,芝2200,芝,2200,稍,6.0,7,17.3,34.6,0.8,57,1-1-2-1,2:15.5,浜中俊,506(+2),曇,1.0,1.0,2.0,1.0
2026-07-25-01-06,202604020106,2026-07-25,新潟,6,豊栄特別,11,ナグルファル,https://db.netkeiba.com/horse/2022105552/,2022105552,セ,4,58.0,和田陽,,,5,2025/03/09,2中山4,報知弥生ディープ記念(GII),,2,2,芝2000,芝,2000,稍,12.0,3,5.3,38.1,1.6,57,5-5-6-9,2:02.9,川田将雅,504(+2),晴,5.0,5.0,6.0,9.0
2026-07-25-01-06,202604020106,2026-07-25,新潟,6,豊栄特別,11,ナグルファル,https://db.netkeiba.com/horse/2022105552/,2022105552,セ,4,58.0,和田陽,,,6,2024/12/07,7京都3,エリカ賞(1勝クラス),,2,2,芝2000,芝,2000,良,1.0,1,1.9,34.0,-0.7,56,2-2-2-2,2:00.6,坂井瑠星,502(0),晴,2.0,2.0,2.0,2.0
2026-07-25-01-06,202604020106,2026-07-25,新潟,6,豊栄特別,11,ナグルファル,https://db.netkeiba.com/horse/2022105552/,2022105552,セ,4,58.0,和田陽,,,7,2024/10/12,5京都3,2歳新馬,,7,11,芝2000,芝,2000,良,1.0,1,3.3,34.2,-0.1,56,1-2-2-2,2:00.7,川田将雅,502(0),晴,1.0,2.0,2.0,2.0
2026-07-25-01-06,202604020106,2026-07-25,新潟,6,豊栄特別,12,ナファロア,https://db.netkeiba.com/horse/2021105150/,2021105150,セ,5,58.0,石橋脩,,,0,2026/05/23,2東京9,高尾特別(2勝クラス),,3,6,芝1400,芝,1400,良,12.0,10,99.7,33.0,0.8,58,16-16,1:22.1,石橋脩,452(-2),曇,16.0,16.0,,16.0
2026-07-25-01-06,202604020106,2026-07-25,新潟,6,豊栄特別,12,ナファロア,https://db.netkeiba.com/horse/2021105150/,2021105150,セ,5,58.0,石橋脩,,,1,2026/05/10,2東京6,4歳以上2勝クラス,,7,8,芝1400,芝,1400,良,8.0,10,130.3,33.4,0.5,58,11-11,1:21.1,石橋脩,454(-12),晴,11.0,11.0,,11.0
2026-07-25-01-06,202604020106,2026-07-25,新潟,6,豊栄特別,12,ナファロア,https://db.netkeiba.com/horse/2021105150/,2021105150,セ,5,58.0,石橋脩,,,2,2025/12/21,5中京6,尾張特別(2勝クラス),,3,6,芝1400,芝,1400,稍,10.0,17,93.3,34.2,0.6,53,17-17,1:22.5,菊沢一樹,466(-4),曇,17.0,17.0,,17.0
2026-07-25-01-06,202604020106,2026-07-25,新潟,6,豊栄特別,12,ナファロア,https://db.netkeiba.com/horse/2021105150/,2021105150,セ,5,58.0,石橋脩,,,3,2025/11/09,5東京2,3歳以上2勝クラス,,5,9,芝1400,芝,1400,良,12.0,14,140.4,33.7,0.9,58,13-13,1:22.3,原優介,470(+12),曇,13.0,13.0,,13.0
2026-07-25-01-06,202604020106,2026-07-25,新潟,6,豊栄特別,12,ナファロア,https://db.netkeiba.com/horse/2021105150/,2021105150,セ,5,58.0,石橋脩,,,4,2025/08/31,2札幌4,HBC賞(2勝クラス),,4,7,芝1200,芝,1200,稍,12.0,10,48.0,35.3,1.2,54,13-13,1:10.8,松岡正海,458(-6),曇,13.0,13.0,,13.0
2026-07-25-01-06,202604020106,2026-07-25,新潟,6,豊栄特別,12,ナファロア,https://db.netkeiba.com/horse/2021105150/,2021105150,セ,5,58.0,石橋脩,,,5,2025/06/29,2福島2,郡山特別(2勝クラス),,8,10,芝1200,芝,1200,良,10.0,9,91.1,35.3,1.3,58,8-6,1:09.4,原優介,464(0),晴,8.0,6.0,,6.0
2026-07-25-01-06,202604020106,2026-07-25,新潟,6,豊栄特別,12,ナファロア,https://db.netkeiba.com/horse/2021105150/,2021105150,セ,5,58.0,石橋脩,,,6,2025/05/10,2東京5,4歳以上2勝クラス,,3,3,芝1400,芝,1400,稍,9.0,9,42.9,34.5,1.1,58,8-9,1:21.8,菅原明良,464(-12),曇,8.0,9.0,,9.0
2026-07-25-01-06,202604020106,2026-07-25,新潟,6,豊栄特別,12,ナファロア,https://db.netkeiba.com/horse/2021105150/,2021105150,セ,5,58.0,石橋脩,,,7,2025/03/09,2中山4,4歳以上2勝クラス,,3,5,芝1600,芝,1600,稍,11.0,10,27.4,36.2,1.2,58,15-15-15,1:35.4,菅原明良,476(+4),晴,15.0,15.0,15.0,15.0
2026-07-25-01-06,202604020106,2026-07-25,新潟,6,豊栄特別,12,ナファロア,https://db.netkeiba.com/horse/2021105150/,2021105150,セ,5,58.0,石橋脩,,,8,2025/02/16,1東京6,4歳以上2勝クラス,,4,4,芝1600,芝,1600,良,6.0,2,7.8,34.7,0.8,58,3-3,1:34.7,菅原明良,472(+8),晴,3.0,3.0,,3.0
2026-07-25-01-06,202604020106,2026-07-25,新潟,6,豊栄特別,12,ナファロア,https://db.netkeiba.com/horse/2021105150/,2021105150,セ,5,58.0,石橋脩,,,9,2024/11/16,5東京5,3歳以上1勝クラス,,1,1,芝1600,芝,1600,良,1.0,14,221.9,34.0,-0.1,57,3-3,1:34.1,角田大和,464(-6),曇,3.0,3.0,,3.0
2026-07-25-01-06,202604020106,2026-07-25,新潟,6,豊栄特別,12,ナファロア,https://db.netkeiba.com/horse/2021105150/,2021105150,セ,5,58.0,石橋脩,,,10,2024/11/10,3福島4,3歳以上1勝クラス,,1,2,芝1200,芝,1200,良,8.0,10,27.9,35.6,0.9,57,12-11,1:11.0,吉田隼人,470(+10),晴,12.0,11.0,,11.0
2026-07-25-01-06,202604020106,2026-07-25,新潟,6,豊栄特別,12,ナファロア,https://db.netkeiba.com/horse/2021105150/,2021105150,セ,5,58.0,石橋脩,,,11,2024/09/22,4中山7,3歳以上1勝クラス,,5,9,ダ1200,ダ,1200,良,11.0,5,8.5,38.4,1.4,56,10-8,1:13.0,三浦皇成,460(0),曇,10.0,8.0,,8.0
2026-07-25-01-06,202604020106,2026-07-25,新潟,6,豊栄特別,12,ナファロア,https://db.netkeiba.com/horse/2021105150/,2021105150,セ,5,58.0,石橋脩,,,12,2024/08/10,3新潟1,3歳以上1勝クラス,,5,9,芝1400,芝,1400,良,8.0,2,5.5,34.8,0.7,55,7-7,1:21.9,ルメール,460(+4),晴,7.0,7.0,,7.0
2026-07-25-01-06,202604020106,2026-07-25,新潟,6,豊栄特別,12,ナファロア,https://db.netkeiba.com/horse/2021105150/,2021105150,セ,5,58.0,石橋脩,,,13,2024/05/25,2東京11,3歳1勝クラス,,3,4,芝1400,芝,1400,良,9.0,2,4.3,34.0,1.2,57,10-10,1:22.2,戸崎圭太,456(-6),晴,10.0,10.0,,10.0
2026-07-25-01-06,202604020106,2026-07-25,新潟,6,豊栄特別,12,ナファロア,https://db.netkeiba.com/horse/2021105150/,2021105150,セ,5,58.0,石橋脩,,,14,2024/04/13,3中山7,3歳未勝利,,4,7,芝1600,芝,1600,良,1.0,1,3.3,34.9,-0.2,57,2-3-2,1:34.8,戸崎圭太,462(+6),晴,2.0,3.0,2.0,2.0
2026-07-25-01-06,202604020106,2026-07-25,新潟,6,豊栄特別,12,ナファロア,https://db.netkeiba.com/horse/2021105150/,2021105150,セ,5,58.0,石橋脩,,,15,2023/08/06,2新潟4,2歳新馬,,5,5,芝1600,芝,1600,良,2.0,4,11.1,33.9,0.1,55,8-4,1:35.8,Ｍ．デム,456(0),晴,8.0,4.0,,4.0
2026-07-25-01-06,202604020106,2026-07-25,新潟,6,豊栄特別,13,ホウオウタイタン,https://db.netkeiba.com/horse/2022103278/,2022103278,牝,4,56.0,田山,,,0,2026/05/31,3京都12,4歳以上2勝クラス,,4,4,芝2000,芝,2000,良,2.0,3,5.4,34.8,0.2,54,8-8-7-4,1:59.6,田山旺佑,498(+4),晴,8.0,8.0,7.0,4.0
2026-07-25-01-06,202604020106,2026-07-25,新潟,6,豊栄特別,13,ホウオウタイタン,https://db.netkeiba.com/horse/2022103278/,2022103278,牝,4,56.0,田山,,,1,2026/04/19,1福島4,4歳以上1勝クラス,,5,5,芝2000,芝,2000,良,1.0,1,1.8,34.7,-0.2,53,5-5-4-4,1:59.3,田山旺佑,494(-2),晴,5.0,5.0,4.0,4.0
2026-07-25-01-06,202604020106,2026-07-25,新潟,6,豊栄特別,13,ホウオウタイタン,https://db.netkeiba.com/horse/2022103278/,2022103278,牝,4,56.0,田山,,,2,2026/03/28,1中京5,4歳以上1勝クラス,,3,5,芝2000,芝,2000,良,2.0,2,4.1,33.2,0.0,53,11-12-13-13,2:01.4,田山旺佑,496(-2),晴,11.0,12.0,13.0,13.0
2026-07-25-01-06,202604020106,2026-07-25,新潟,6,豊栄特別,13,ホウオウタイタン,https://db.netkeiba.com/horse/2022103278/,2022103278,牝,4,56.0,田山,,,3,2026/03/22,1中京4,4歳以上1勝クラス,,8,16,芝2000,芝,2000,良,2.0,11,49.5,33.3,0.1,53,16-15-15-15,1:59.6,田山旺佑,498(+4),曇,16.0,15.0,15.0,15.0
2026-07-25-01-06,202604020106,2026-07-25,新潟,6,豊栄特別,13,ホウオウタイタン,https://db.netkeiba.com/horse/2022103278/,2022103278,牝,4,56.0,田山,,,4,2026/02/28,1小倉11,4歳以上1勝クラス,,1,1,芝2000,芝,2000,稍,12.0,3,6.0,38.8,2.3,55,3-4-5-7,2:03.3,丸山元気,494(-10),晴,3.0,4.0,5.0,7.0
2026-07-25-01-06,202604020106,2026-07-25,新潟,6,豊栄特別,13,ホウオウタイタン,https://db.netkeiba.com/horse/2022103278/,2022103278,牝,4,56.0,田山,,,5,2025/04/27,2東京2,サンスポ賞フローラS(GII),,6,11,芝2000,芝,2000,良,12.0,14,103.3,33.8,0.7,55,13-12-13,1:59.3,佐々木大,504(0),晴,13.0,12.0,13.0,13.0
2026-07-25-01-06,202604020106,2026-07-25,新潟,6,豊栄特別,13,ホウオウタイタン,https://db.netkeiba.com/horse/2022103278/,2022103278,牝,4,56.0,田山,,,6,2025/02/22,1小倉9,3歳未勝利,,5,8,芝2000,芝,2000,良,1.0,2,5.0,35.6,-0.2,55,6-4-3-2,2:00.5,佐々木大,504(-10),晴,6.0,4.0,3.0,2.0
2026-07-25-01-06,202604020106,2026-07-25,新潟,6,豊栄特別,13,ホウオウタイタン,https://db.netkeiba.com/horse/2022103278/,2022103278,牝,4,56.0,田山,,,7,2025/02/09,1京都4,3歳新馬,,4,7,芝1600,芝,1600,稍,6.0,3,5.9,36.0,0.9,55,7-8,1:38.0,団野大成,514(0),晴,7.0,8.0,,8.0
2026-07-25-01-06,202604020106,2026-07-25,新潟,6,豊栄特別,14,ミッキースターダム,https://db.netkeiba.com/horse/2021105765/,2021105765,セ,5,58.0,丹内,,,0,2026/05/17,2東京8,テレ玉杯(2勝クラス),,6,7,芝1600,芝,1600,良,3.0,5,11.1,33.9,0.5,58,1-1,1:33.3,丹内祐次,474(0),晴,1.0,1.0,,1.0
2026-07-25-01-06,202604020106,2026-07-25,新潟,6,豊栄特別,14,ミッキースターダム,https://db.netkeiba.com/horse/2021105765/,2021105765,セ,5,58.0,丹内,,,1,2026/05/02,3京都3,4歳以上1勝クラス,,4,4,芝1600,芝,1600,良,1.0,6,17.4,34.0,0.0,58,1-1,1:32.8,鮫島克駿,474(-2),曇,1.0,1.0,,1.0
2026-07-25-01-06,202604020106,2026-07-25,新潟,6,豊栄特別,14,ミッキースターダム,https://db.netkeiba.com/horse/2021105765/,2021105765,セ,5,58.0,丹内,,,2,2026/02/21,1阪神1,4歳以上1勝クラス,,6,11,芝1600,芝,1600,良,13.0,5,15.6,35.3,1.0,58,5-3,1:34.4,高杉吏麒,476(0),晴,5.0,3.0,,3.0
2026-07-25-01-06,202604020106,2026-07-25,新潟,6,豊栄特別,14,ミッキースターダム,https://db.netkeiba.com/horse/2021105765/,2021105765,セ,5,58.0,丹内,,,3,2026/02/01,1小倉4,4歳以上1勝クラス,,2,2,芝1800,芝,1800,良,13.0,4,13.1,36.0,2.2,58,12-13-4-4,1:48.1,角田大和,476(+14),曇,12.0,13.0,4.0,4.0
2026-07-25-01-06,202604020106,2026-07-25,新潟,6,豊栄特別,14,ミッキースターダム,https://db.netkeiba.com/horse/2021105765/,2021105765,セ,5,58.0,丹内,,,4,2025/11/15,4京都3,3歳以上1勝クラス,,5,9,芝1600,芝,1600,良,15.0,1,3.3,34.9,0.6,58,3-3,1:33.9,坂井瑠星,462(+2),晴,3.0,3.0,,3.0
2026-07-25-01-06,202604020106,2026-07-25,新潟,6,豊栄特別,14,ミッキースターダム,https://db.netkeiba.com/horse/2021105765/,2021105765,セ,5,58.0,丹内,,,5,2025/11/01,3京都10,3歳以上1勝クラス,,1,1,芝1600,芝,1600,良,2.0,3,7.4,34.0,0.0,58,2-2,1:33.7,高杉吏麒,460(+2),晴,2.0,2.0,,2.0
2026-07-25-01-06,202604020106,2026-07-25,新潟,6,豊栄特別,14,ミッキースターダム,https://db.netkeiba.com/horse/2021105765/,2021105765,セ,5,58.0,丹内,,,6,2025/10/12,3京都4,3歳以上1勝クラス,,2,4,芝1600,芝,1600,良,2.0,8,23.3,34.4,0.1,58,1-1,1:32.8,高杉吏麒,458(-2),曇,1.0,1.0,,1.0
2026-07-25-01-06,202604020106,2026-07-25,新潟,6,豊栄特別,14,ミッキースターダム,https://db.netkeiba.com/horse/2021105765/,2021105765,セ,5,58.0,丹内,,,7,2025/09/06,2札幌5,3歳以上1勝クラス,,5,7,芝1500,芝,1500,良,8.0,9,22.0,36.3,0.5,58,6-3-4,1:29.9,丹内祐次,460(+12),晴,6.0,3.0,4.0,4.0
2026-07-25-01-06,202604020106,2026-07-25,新潟,6,豊栄特別,14,ミッキースターダム,https://db.netkeiba.com/horse/2021105765/,2021105765,セ,5,58.0,丹内,,,8,2025/05/31,2京都11,4歳以上1勝クラス,,7,13,芝1600,芝,1600,良,9.0,2,6.0,35.2,0.6,58,4-2,1:34.2,丹内祐次,448(-2),曇,4.0,2.0,,2.0
2026-07-25-01-06,202604020106,2026-07-25,新潟,6,豊栄特別,14,ミッキースターダム,https://db.netkeiba.com/horse/2021105765/,2021105765,セ,5,58.0,丹内,,,9,2025/05/04,2京都4,4歳以上1勝クラス,,8,9,芝1600,芝,1600,良,1.0,4,6.2,34.2,-0.4,58,1-1,1:34.0,丹内祐次,450(-4),晴,1.0,1.0,,1.0
2026-07-25-01-06,202604020106,2026-07-25,新潟,6,豊栄特別,14,ミッキースターダム,https://db.netkeiba.com/horse/2021105765/,2021105765,セ,5,58.0,丹内,,,10,2025/04/19,3中山7,4歳以上1勝クラス,,3,4,芝2000,芝,2000,良,6.0,5,14.5,34.6,0.5,58,1-1-1-1,1:58.9,石川裕紀,454(0),晴,1.0,1.0,1.0,1.0
2026-07-25-01-06,202604020106,2026-07-25,新潟,6,豊栄特別,14,ミッキースターダム,https://db.netkeiba.com/horse/2021105765/,2021105765,セ,5,58.0,丹内,,,11,2025/04/06,3中山4,4歳以上1勝クラス,,8,12,芝1800,芝,1800,良,2.0,7,25.4,34.7,0.1,58,8-8-2-2,1:48.7,石川裕紀,454(-8),小雨,8.0,8.0,2.0,2.0
2026-07-25-01-06,202604020106,2026-07-25,新潟,6,豊栄特別,14,ミッキースターダム,https://db.netkeiba.com/horse/2021105765/,2021105765,セ,5,58.0,丹内,,,12,2025/01/13,1中京5,4歳以上1勝クラス,,2,4,芝2200,芝,2200,良,16.0,10,80.2,37.2,1.5,57,1-1-1-1,2:16.0,浜中俊,462(+12),晴,1.0,1.0,1.0,1.0
2026-07-25-01-06,202604020106,2026-07-25,新潟,6,豊栄特別,14,ミッキースターダム,https://db.netkeiba.com/horse/2021105765/,2021105765,セ,5,58.0,丹内,,,13,2024/07/27,1札幌3,3歳以上1勝クラス,,5,5,芝2000,芝,2000,良,7.0,4,9.0,35.8,2.0,55,9-9-9-8,2:02.1,浜中俊,450(0),曇,9.0,9.0,9.0,8.0
2026-07-25-01-06,202604020106,2026-07-25,新潟,6,豊栄特別,14,ミッキースターダム,https://db.netkeiba.com/horse/2021105765/,2021105765,セ,5,58.0,丹内,,,14,2024/07/20,1札幌1,3歳未勝利,,7,12,ダ1700,ダ,1700,良,14.0,3,6.8,42.0,3.5,57,3-5-3-4,1:50.4,浜中俊,450(-6),晴,3.0,5.0,3.0,4.0
2026-07-25-01-06,202604020106,2026-07-25,新潟,6,豊栄特別,14,ミッキースターダム,https://db.netkeiba.com/horse/2021105765/,2021105765,セ,5,58.0,丹内,,,15,2024/05/26,3京都12,3歳未勝利,,8,17,芝1600,芝,1600,良,6.0,2,4.5,34.8,0.1,57,5-3,1:33.8,菱田裕二,456(-4),晴,5.0,3.0,,3.0
2026-07-25-01-06,202604020106,2026-07-25,新潟,6,豊栄特別,14,ミッキースターダム,https://db.netkeiba.com/horse/2021105765/,2021105765,セ,5,58.0,丹内,,,16,2024/03/23,1中京5,3歳未勝利,,6,11,芝1400,芝,1400,重,10.0,1,2.6,36.0,1.3,57,7-7,1:24.9,団野大成,460(-8),雨,7.0,7.0,,7.0
2026-07-25-01-06,202604020106,2026-07-25,新潟,6,豊栄特別,14,ミッキースターダム,https://db.netkeiba.com/horse/2021105765/,2021105765,セ,5,58.0,丹内,,,17,2024/03/03,1阪神4,3歳未勝利,,3,4,芝1600,芝,1600,良,3.0,1,1.9,34.8,1.1,57,6-4,1:35.9,ムルザバ,468(+2),晴,6.0,4.0,,4.0
2026-07-25-01-06,202604020106,2026-07-25,新潟,6,豊栄特別,14,ミッキースターダム,https://db.netkeiba.com/horse/2021105765/,2021105765,セ,5,58.0,丹内,,,18,2024/01/07,1京都2,3歳未勝利,,6,12,芝1600,芝,1600,良,2.0,2,2.5,36.6,0.2,57,6-5,1:36.9,川田将雅,466(+6),晴,6.0,5.0,,5.0
2026-07-25-01-06,202604020106,2026-07-25,新潟,6,豊栄特別,14,ミッキースターダム,https://db.netkeiba.com/horse/2021105765/,2021105765,セ,5,58.0,丹内,,,19,2023/12/17,5阪神6,2歳未勝利,,2,2,芝1600,芝,1600,稍,2.0,1,1.9,36.3,0.1,56,5-4,1:35.5,川田将雅,460(-6),晴,5.0,4.0,,4.0
2026-07-25-01-06,202604020106,2026-07-25,新潟,6,豊栄特別,14,ミッキースターダム,https://db.netkeiba.com/horse/2021105765/,2021105765,セ,5,58.0,丹内,,,20,2023/11/25,3京都7,2歳未勝利,,5,8,芝1800,芝,1800,良,3.0,1,2.3,34.7,0.5,56,4-4,1:48.9,川田将雅,466(+24),晴,4.0,4.0,,4.0
2026-07-25-01-06,202604020106,2026-07-25,新潟,6,豊栄特別,14,ミッキースターダム,https://db.netkeiba.com/horse/2021105765/,2021105765,セ,5,58.0,丹内,,,21,2023/09/16,4阪神3,2歳未勝利,,8,8,芝1800,芝,1800,良,2.0,1,1.3,33.5,0.4,55,6-6,1:48.7,岩田望来,442(+2),晴,6.0,6.0,,6.0
2026-07-25-01-06,202604020106,2026-07-25,新潟,6,豊栄特別,14,ミッキースターダム,https://db.netkeiba.com/horse/2021105765/,2021105765,セ,5,58.0,丹内,,,22,2023/07/30,2新潟2,2歳新馬,,6,6,芝1800,芝,1800,良,2.0,3,4.8,34.2,0.1,55,4-4,1:46.5,戸崎圭太,440(0),晴,4.0,4.0,,4.0
2026-07-25-01-06,202604020106,2026-07-25,新潟,6,豊栄特別,15,メランジェ,https://db.netkeiba.com/horse/2022105047/,2022105047,牝,4,56.0,ゴンサルベ,,,0,2026/06/20,3東京5,相模湖特別(2勝クラス),,1,1,芝1400,芝,1400,稍,10.0,6,21.6,33.9,1.0,56,11-9,1:22.6,ゴンサル,454(+2),雨,11.0,9.0,,9.0
2026-07-25-01-06,202604020106,2026-07-25,新潟,6,豊栄特別,15,メランジェ,https://db.netkeiba.com/horse/2022105047/,2022105047,牝,4,56.0,ゴンサルベ,,,1,2026/05/03,1新潟2,4歳以上1勝クラス,,1,1,芝1400,芝,1400,良,1.0,3,7.6,34.0,-0.3,56,13-12,1:21.8,丹内祐次,452(0),曇,13.0,12.0,,12.0
2026-07-25-01-06,202604020106,2026-07-25,新潟,6,豊栄特別,15,メランジェ,https://db.netkeiba.com/horse/2022105047/,2022105047,牝,4,56.0,ゴンサルベ,,,2,2026/02/14,1東京5,4歳以上1勝クラス,,3,6,芝1600,芝,1600,良,7.0,10,26.4,34.4,0.8,56,7-8,1:34.4,三浦皇成,452(0),晴,7.0,8.0,,8.0
2026-07-25-01-06,202604020106,2026-07-25,新潟,6,豊栄特別,15,メランジェ,https://db.netkeiba.com/horse/2022105047/,2022105047,牝,4,56.0,ゴンサルベ,,,3,2026/01/24,1中山8,4歳以上1勝クラス,,8,11,芝1600,芝,1600,良,5.0,3,8.2,34.1,0.8,55,8-8-9,1:32.9,三浦皇成,452(0),曇,8.0,8.0,9.0,9.0
2026-07-25-01-06,202604020106,2026-07-25,新潟,6,豊栄特別,15,メランジェ,https://db.netkeiba.com/horse/2022105047/,2022105047,牝,4,56.0,ゴンサルベ,,,4,2025/10/26,4新潟4,3歳以上1勝クラス,,2,4,芝1800,芝,1800,稍,6.0,7,17.1,35.2,0.4,54,2-2,1:49.7,横山琉人,452(-2),雨,2.0,2.0,,2.0
2026-07-25-01-06,202604020106,2026-07-25,新潟,6,豊栄特別,15,メランジェ,https://db.netkeiba.com/horse/2022105047/,2022105047,牝,4,56.0,ゴンサルベ,,,5,2025/08/16,2新潟7,中郷特別(1勝クラス),,5,6,芝1800,芝,1800,良,8.0,8,48.5,34.6,1.7,53,5-5,1:46.5,丸山元気,454(+10),晴,5.0,5.0,,5.0
2026-07-25-01-06,202604020106,2026-07-25,新潟,6,豊栄特別,15,メランジェ,https://db.netkeiba.com/horse/2022105047/,2022105047,牝,4,56.0,ゴンサルベ,,,6,2025/05/03,2東京3,スイートピーS(L),,2,2,芝1800,芝,1800,良,7.0,5,17.5,34.0,0.8,55,8-7-7,1:46.7,菅原明良,444(+6),晴,8.0,7.0,7.0,7.0
2026-07-25-01-06,202604020106,2026-07-25,新潟,6,豊栄特別,15,メランジェ,https://db.netkeiba.com/horse/2022105047/,2022105047,牝,4,56.0,ゴンサルベ,,,7,2025/02/09,1東京4,3歳新馬,,2,4,芝1600,芝,1600,良,1.0,2,4.2,33.7,-0.1,55,11-10,1:36.6,菅原明良,438(0),晴,11.0,10.0,,10.0
2026-07-25-01-06,202604020106,2026-07-25,新潟,6,豊栄特別,16,ラビットアイ,https://db.netkeiba.com/horse/2021102597/,2021102597,牝,5,56.0,田口,,,0,2026/06/28,2福島2,松島特別(2勝クラス),,3,3,芝2000,芝,2000,良,7.0,7,19.3,35.0,0.4,56,5-6-6-8,1:57.8,田口貫太,488(-4),晴,5.0,6.0,6.0,8.0
2026-07-25-01-06,202604020106,2026-07-25,新潟,6,豊栄特別,16,ラビットアイ,https://db.netkeiba.com/horse/2021102597/,2021102597,牝,5,56.0,田口,,,1,2026/05/16,2東京7,調布特別(2勝クラス),,8,8,芝1800,芝,1800,良,4.0,5,15.3,33.3,0.4,56,2-2-4,1:46.4,佐々木大,492(-12),晴,2.0,2.0,4.0,4.0
2026-07-25-01-06,202604020106,2026-07-25,新潟,6,豊栄特別,16,ラビットアイ,https://db.netkeiba.com/horse/2021102597/,2021102597,牝,5,56.0,田口,,,2,2026/04/19,2阪神8,蓬莱峡特別(2勝クラス),,3,3,芝2000,芝,2000,良,8.0,3,5.3,35.2,0.8,56,5-5-6-6,2:00.4,菱田裕二,504(+12),曇,5.0,5.0,6.0,6.0
2026-07-25-01-06,202604020106,2026-07-25,新潟,6,豊栄特別,16,ラビットアイ,https://db.netkeiba.com/horse/2021102597/,2021102597,牝,5,56.0,田口,,,3,2025/08/16,3中京7,長久手特別(2勝クラス),,3,3,芝2000,芝,2000,良,6.0,3,10.3,33.6,0.4,56,7-7-7-6,2:00.1,松山弘平,492(-2),晴,7.0,7.0,7.0,6.0
2026-07-25-01-06,202604020106,2026-07-25,新潟,6,豊栄特別,16,ラビットアイ,https://db.netkeiba.com/horse/2021102597/,2021102597,牝,5,56.0,田口,,,4,2025/07/13,2小倉6,西部スポニチ賞(2勝クラス),,1,1,芝2000,芝,2000,良,3.0,1,4.0,34.9,0.0,54,3-4-4-3,2:01.3,松山弘平,494(-2),曇,3.0,4.0,4.0,3.0
2026-07-25-01-06,202604020106,2026-07-25,新潟,6,豊栄特別,16,ラビットアイ,https://db.netkeiba.com/horse/2021102597/,2021102597,牝,5,56.0,田口,,,5,2025/03/30,2阪神2,四国新聞杯(2勝クラス),,6,6,芝2000,芝,2000,良,6.0,1,2.2,35.6,0.7,56,10-10-10-10,2:01.7,松山弘平,496(-4),曇,10.0,10.0,10.0,10.0
2026-07-25-01-06,202604020106,2026-07-25,新潟,6,豊栄特別,16,ラビットアイ,https://db.netkeiba.com/horse/2021102597/,2021102597,牝,5,56.0,田口,,,6,2025/02/23,1小倉10,4歳以上1勝クラス,,6,8,芝2000,芝,2000,良,1.0,1,2.7,35.1,-0.6,55,5-5-3-3,2:00.1,佐々木大,500(+14),曇,5.0,5.0,3.0,3.0
2026-07-25-01-06,202604020106,2026-07-25,新潟,6,豊栄特別,16,ラビットアイ,https://db.netkeiba.com/horse/2021102597/,2021102597,牝,5,56.0,田口,,,7,2024/10/13,5京都4,秋華賞(GI),,4,6,芝2000,芝,2000,良,11.0,15,145.2,34.4,1.2,55,15-15-15-15,1:58.3,横山典弘,486(-2),晴,15.0,15.0,15.0,15.0
2026-07-25-01-06,202604020106,2026-07-25,新潟,6,豊栄特別,16,ラビットアイ,https://db.netkeiba.com/horse/2021102597/,2021102597,牝,5,56.0,田口,,,8,2024/09/15,3中京4,関西TVローズS(GII),,5,8,芝2000,芝,2000,稍,15.0,10,50.5,37.2,3.7,55,6-6-6-6,2:03.6,横山典弘,488(+14),曇,6.0,6.0,6.0,6.0
2026-07-25-01-06,202604020106,2026-07-25,新潟,6,豊栄特別,16,ラビットアイ,https://db.netkeiba.com/horse/2021102597/,2021102597,牝,5,56.0,田口,,,9,2024/03/16,2中山7,フラワーC(GIII),,7,10,芝1800,芝,1800,良,4.0,4,6.9,35.0,0.2,55,10-11-11-11,1:48.2,横山典弘,474(-2),晴,10.0,11.0,11.0,11.0
2026-07-25-01-06,202604020106,2026-07-25,新潟,6,豊栄特別,16,ラビットアイ,https://db.netkeiba.com/horse/2021102597/,2021102597,牝,5,56.0,田口,,,10,2024/02/17,2京都7,つばき賞(1勝クラス),,1,1,芝1800,芝,1800,良,4.0,5,12.1,33.6,0.3,55,5-5,1:47.2,横山典弘,476(-4),晴,5.0,5.0,,5.0
2026-07-25-01-06,202604020106,2026-07-25,新潟,6,豊栄特別,16,ラビットアイ,https://db.netkeiba.com/horse/2021102597/,2021102597,牝,5,56.0,田口,,,11,2023/12/17,5阪神6,2歳未勝利,,7,13,芝1800,芝,1800,稍,1.0,4,8.7,35.3,-0.8,55,1-1,1:48.1,横山典弘,480(-10),晴,1.0,1.0,,1.0
2026-07-25-01-06,202604020106,2026-07-25,新潟,6,豊栄特別,16,ラビットアイ,https://db.netkeiba.com/horse/2021102597/,2021102597,牝,5,56.0,田口,,,12,2023/11/25,3京都7,2歳未勝利,,6,9,芝1800,芝,1800,良,4.0,5,27.0,34.8,0.5,55,4-4,1:48.9,横山典弘,490(+2),晴,4.0,4.0,,4.0
2026-07-25-01-06,202604020106,2026-07-25,新潟,6,豊栄特別,16,ラビットアイ,https://db.netkeiba.com/horse/2021102597/,2021102597,牝,5,56.0,田口,,,13,2023/09/18,4阪神5,2歳未勝利,,7,8,芝2000,芝,2000,良,4.0,2,7.4,35.7,0.7,55,7-7-7-7,2:02.6,横山典弘,488(-4),晴,7.0,7.0,7.0,7.0
2026-07-25-01-06,202604020106,2026-07-25,新潟,6,豊栄特別,16,ラビットアイ,https://db.netkeiba.com/horse/2021102597/,2021102597,牝,5,56.0,田口,,,14,2023/08/20,3小倉4,2歳新馬,,6,11,芝1800,芝,1800,良,4.0,4,7.4,36.7,0.9,55,4-5-3-3,1:50.8,鮫島克駿,492(0),晴,4.0,5.0,3.0,3.0
2026-07-25-01-06,202604020106,2026-07-25,新潟,6,豊栄特別,17,リカントロポ,https://db.netkeiba.com/horse/2022100080/,2022100080,牡,4,58.0,田口,,,0,2026/04/25,3京都1,4歳以上2勝クラス,,8,11,芝1600,芝,1600,良,3.0,4,7.2,34.8,0.6,58,7-5,1:32.2,田口貫太,496(+4),晴,7.0,5.0,,5.0
2026-07-25-01-06,202604020106,2026-07-25,新潟,6,豊栄特別,17,リカントロポ,https://db.netkeiba.com/horse/2022100080/,2022100080,牡,4,58.0,田口,,,1,2026/03/22,1阪神10,皆生特別(2勝クラス),,1,1,芝1600,芝,1600,良,4.0,3,7.3,33.8,0.2,58,6-6,1:32.9,田口貫太,492(-4),曇,6.0,6.0,,6.0
2026-07-25-01-06,202604020106,2026-07-25,新潟,6,豊栄特別,17,リカントロポ,https://db.netkeiba.com/horse/2022100080/,2022100080,牡,4,58.0,田口,,,2,2026/03/07,1阪神5,4歳以上2勝クラス,,8,10,芝1600,芝,1600,良,3.0,2,7.3,34.0,0.3,58,7-8,1:34.3,田口貫太,496(+2),晴,7.0,8.0,,8.0
2026-07-25-01-06,202604020106,2026-07-25,新潟,6,豊栄特別,17,リカントロポ,https://db.netkeiba.com/horse/2022100080/,2022100080,牡,4,58.0,田口,,,3,2026/02/15,2京都6,春日特別(2勝クラス),,8,11,芝1800,芝,1800,良,6.0,6,30.8,34.6,1.1,57,5-4,1:47.3,田口貫太,494(+16),曇,5.0,4.0,,4.0
2026-07-25-01-06,202604020106,2026-07-25,新潟,6,豊栄特別,17,リカントロポ,https://db.netkeiba.com/horse/2022100080/,2022100080,牡,4,58.0,田口,,,4,2025/11/09,4京都2,木津川特別(2勝クラス),,4,4,芝1600,芝,1600,重,5.0,3,7.0,35.1,1.0,57,5-5,1:34.7,田口貫太,478(0),雨,5.0,5.0,,5.0
2026-07-25-01-06,202604020106,2026-07-25,新潟,6,豊栄特別,17,リカントロポ,https://db.netkeiba.com/horse/2022100080/,2022100080,牡,4,58.0,田口,,,5,2025/10/25,3京都8,3歳以上2勝クラス,,1,1,芝1800,芝,1800,良,2.0,5,16.2,34.1,0.3,56,7-7,1:46.0,田口貫太,478(+2),曇,7.0,7.0,,7.0
2026-07-25-01-06,202604020106,2026-07-25,新潟,6,豊栄特別,17,リカントロポ,https://db.netkeiba.com/horse/2022100080/,2022100080,牡,4,58.0,田口,,,6,2025/10/13,3京都5,堀川特別(2勝クラス),,7,8,芝1800,芝,1800,良,4.0,6,32.3,33.6,0.3,56,2-2,1:46.1,田口貫太,476(-2),曇,2.0,2.0,,2.0
2026-07-25-01-06,202604020106,2026-07-25,新潟,6,豊栄特別,17,リカントロポ,https://db.netkeiba.com/horse/2022100080/,2022100080,牡,4,58.0,田口,,,7,2025/09/27,4阪神8,3歳以上2勝クラス,,7,10,芝1600,芝,1600,良,5.0,6,33.3,33.8,0.5,56,5-6,1:33.9,田口貫太,478(+4),晴,5.0,6.0,,6.0
2026-07-25-01-06,202604020106,2026-07-25,新潟,6,豊栄特別,17,リカントロポ,https://db.netkeiba.com/horse/2022100080/,2022100080,牡,4,58.0,田口,,,8,2025/07/13,2小倉6,西部スポニチ賞(2勝クラス),,2,2,芝2000,芝,2000,良,9.0,7,11.8,36.3,1.9,54,3-4-6-8,2:03.2,田口貫太,474(0),曇,3.0,4.0,6.0,8.0
2026-07-25-01-06,202604020106,2026-07-25,新潟,6,豊栄特別,17,リカントロポ,https://db.netkeiba.com/horse/2022100080/,2022100080,牡,4,58.0,田口,,,9,2025/06/21,3阪神5,3歳以上1勝クラス,,4,5,芝1600,芝,1600,良,1.0,6,13.0,34.9,-0.3,55,6-6,1:33.8,田口貫太,474(0),晴,6.0,6.0,,6.0
2026-07-25-01-06,202604020106,2026-07-25,新潟,6,豊栄特別,17,リカントロポ,https://db.netkeiba.com/horse/2022100080/,2022100080,牡,4,58.0,田口,,,10,2025/06/07,3阪神1,城崎特別(1勝クラス),,1,1,芝1800,芝,1800,良,7.0,7,15.9,34.3,0.4,55,5-7,1:46.9,松若風馬,474(+4),曇,5.0,7.0,,7.0
2026-07-25-01-06,202604020106,2026-07-25,新潟,6,豊栄特別,17,リカントロポ,https://db.netkeiba.com/horse/2022100080/,2022100080,牡,4,58.0,田口,,,11,2025/01/25,1中京8,若駒S(L),,5,5,芝2000,芝,2000,良,9.0,9,56.4,36.4,1.9,57,3-3-5-8,2:04.2,横山典弘,470(-4),晴,3.0,3.0,5.0,8.0
2026-07-25-01-06,202604020106,2026-07-25,新潟,6,豊栄特別,17,リカントロポ,https://db.netkeiba.com/horse/2022100080/,2022100080,牡,4,58.0,田口,,,12,2025/01/13,1中京5,日刊スポシンザン記念(GIII),,5,9,芝1600,芝,1600,良,10.0,11,64.1,36.1,1.6,57,9-13-14,1:36.2,菱田裕二,474(+14),晴,9.0,13.0,14.0,14.0
2026-07-25-01-06,202604020106,2026-07-25,新潟,6,豊栄特別,17,リカントロポ,https://db.netkeiba.com/horse/2022100080/,2022100080,牡,4,58.0,田口,,,13,2024/11/02,6京都1,2歳未勝利,,4,4,芝1800,芝,1800,重,1.0,3,3.8,35.8,-0.8,55,3-2,1:48.6,田口貫太,460(+2),雨,3.0,2.0,,2.0
2026-07-25-01-06,202604020106,2026-07-25,新潟,6,豊栄特別,17,リカントロポ,https://db.netkeiba.com/horse/2022100080/,2022100080,牡,4,58.0,田口,,,14,2024/10/19,5京都5,2歳未勝利,,1,1,芝1800,芝,1800,良,3.0,4,7.8,35.2,0.6,55,3-5,1:49.5,田口貫太,458(-2),小雨,3.0,5.0,,5.0
2026-07-25-01-06,202604020106,2026-07-25,新潟,6,豊栄特別,17,リカントロポ,https://db.netkeiba.com/horse/2022100080/,2022100080,牡,4,58.0,田口,,,15,2024/10/06,5京都2,2歳新馬,,5,6,芝1800,芝,1800,良,4.0,8,52.3,35.0,0.5,55,10-10,1:47.3,田口貫太,460(0),晴,10.0,10.0,,10.0
2026-07-25-01-06,202604020106,2026-07-25,新潟,6,豊栄特別,18,ルナルーチェット,https://db.netkeiba.com/horse/2022105233/,2022105233,牝,4,56.0,田辺,,,0,2026/05/23,2東京9,4歳以上1勝クラス,,5,9,芝1600,芝,1600,良,1.0,6,21.5,34.2,-0.5,56,3-3,1:32.3,田辺裕信,426(+2),曇,3.0,3.0,,3.0
2026-07-25-01-06,202604020106,2026-07-25,新潟,6,豊栄特別,18,ルナルーチェット,https://db.netkeiba.com/horse/2022105233/,2022105233,牝,4,56.0,田辺,,,1,2026/04/12,3中山6,4歳以上1勝クラス,,3,5,芝1600,芝,1600,良,3.0,10,37.5,34.2,0.3,53,12-10-11,1:33.1,田山旺佑,424(-2),晴,12.0,10.0,11.0,11.0
2026-07-25-01-06,202604020106,2026-07-25,新潟,6,豊栄特別,18,ルナルーチェット,https://db.netkeiba.com/horse/2022105233/,2022105233,牝,4,56.0,田辺,,,2,2026/01/25,1小倉2,4歳以上1勝クラス,,6,11,芝1800,芝,1800,良,14.0,11,53.4,38.1,2.3,55,9-8-11-16,1:48.6,小沢大仁,426(+12),晴,9.0,8.0,11.0,16.0
2026-07-25-01-06,202604020106,2026-07-25,新潟,6,豊栄特別,18,ルナルーチェット,https://db.netkeiba.com/horse/2022105233/,2022105233,牝,4,56.0,田辺,,,3,2025/11/22,3福島5,3歳以上1勝クラス,,6,11,芝2000,芝,2000,良,12.0,10,38.9,36.5,1.2,54,3-3-2-2,1:59.5,菅原明良,414(-6),晴,3.0,3.0,2.0,2.0
2026-07-25-01-06,202604020106,2026-07-25,新潟,6,豊栄特別,18,ルナルーチェット,https://db.netkeiba.com/horse/2022105233/,2022105233,牝,4,56.0,田辺,,,4,2025/10/13,4東京5,3歳以上1勝クラス,,8,17,芝1600,芝,1600,良,15.0,7,23.8,34.2,1.2,54,14-14,1:34.3,三浦皇成,420(+2),曇,14.0,14.0,,14.0
2026-07-25-01-06,202604020106,2026-07-25,新潟,6,豊栄特別,18,ルナルーチェット,https://db.netkeiba.com/horse/2022105233/,2022105233,牝,4,56.0,田辺,,,5,2025/08/17,1札幌8,3歳以上1勝クラス,,1,1,芝1500,芝,1500,稍,5.0,2,4.0,36.0,0.4,53,2-2-1,1:30.3,キング,418(0),雨,2.0,2.0,1.0,1.0
2026-07-25-01-06,202604020106,2026-07-25,新潟,6,豊栄特別,18,ルナルーチェット,https://db.netkeiba.com/horse/2022105233/,2022105233,牝,4,56.0,田辺,,,6,2025/07/27,1札幌2,3歳以上1勝クラス,,5,5,芝1500,芝,1500,稍,3.0,3,3.4,35.5,0.5,53,2-2-2,1:28.8,横山武史,418(-2),晴,2.0,2.0,2.0,2.0
2026-07-25-01-06,202604020106,2026-07-25,新潟,6,豊栄特別,18,ルナルーチェット,https://db.netkeiba.com/horse/2022105233/,2022105233,牝,4,56.0,田辺,,,7,2025/05/24,2東京9,カーネーションC(1勝クラス),,8,8,芝1800,芝,1800,良,6.0,5,16.2,35.5,1.4,55,1-1-1,1:46.8,横山武史,420(+4),曇,1.0,1.0,1.0,1.0
2026-07-25-01-06,202604020106,2026-07-25,新潟,6,豊栄特別,18,ルナルーチェット,https://db.netkeiba.com/horse/2022105233/,2022105233,牝,4,56.0,田辺,,,8,2025/04/12,3中山5,ニュージーランドT(GII),,3,4,芝1600,芝,1600,良,9.0,7,22.9,34.8,1.0,55,4-4-5,1:33.4,横山武史,416(-8),晴,4.0,4.0,5.0,5.0
2026-07-25-01-06,202604020106,2026-07-25,新潟,6,豊栄特別,18,ルナルーチェット,https://db.netkeiba.com/horse/2022105233/,2022105233,牝,4,56.0,田辺,,,9,2025/03/09,2中山4,3歳未勝利,,1,1,芝1600,芝,1600,稍,1.0,2,3.8,35.6,-1.2,55,1-1-1,1:35.0,菅原明良,424(-2),晴,1.0,1.0,1.0,1.0
2026-07-25-01-06,202604020106,2026-07-25,新潟,6,豊栄特別,18,ルナルーチェット,https://db.netkeiba.com/horse/2022105233/,2022105233,牝,4,56.0,田辺,,,10,2025/02/16,1東京6,3歳未勝利,,4,7,芝1800,芝,1800,良,4.0,6,16.5,34.6,0.5,55,4-5-4,1:47.0,菅原明良,426(-4),晴,4.0,5.0,4.0,4.0
2026-07-25-01-06,202604020106,2026-07-25,新潟,6,豊栄特別,18,ルナルーチェット,https://db.netkeiba.com/horse/2022105233/,2022105233,牝,4,56.0,田辺,,,11,2024/12/07,5中山3,2歳新馬,,6,12,芝1600,芝,1600,良,8.0,1,2.4,34.8,0.4,55,8-8-8,1:37.1,津村明秀,430(0),晴,8.0,8.0,8.0,8.0
2026-07-25-01-07,202604020107,2026-07-25,新潟,7,新潟日報賞,1,アームテイル,https://db.netkeiba.com/horse/2020106900/,2020106900,牝,6,56.0,吉田豊,,,0,2026/04/26,2東京2,湘南S(3勝クラス),,1,2,芝1400,芝,1400,良,11.0,13,95.6,33.7,0.9,52,4-4,1:21.0,吉田豊,462(0),晴,4.0,4.0,,4.0
2026-07-25-01-07,202604020107,2026-07-25,新潟,7,新潟日報賞,1,アームテイル,https://db.netkeiba.com/horse/2020106900/,2020106900,牝,6,56.0,吉田豊,,,1,2026/03/29,3中山2,船橋S(3勝クラス),,3,5,芝1200,芝,1200,良,13.0,13,78.2,33.9,0.8,56,9-10,1:08.6,大野拓弥,462(0),晴,9.0,10.0,,10.0
2026-07-25-01-07,202604020107,2026-07-25,新潟,7,新潟日報賞,1,アームテイル,https://db.netkeiba.com/horse/2020106900/,2020106900,牝,6,56.0,吉田豊,,,2,2026/02/15,1東京6,雲雀S(3勝クラス),,1,2,芝1600,芝,1600,良,15.0,15,205.8,33.8,1.0,56,6-7,1:35.0,大野拓弥,462(-8),晴,6.0,7.0,,7.0
2026-07-25-01-07,202604020107,2026-07-25,新潟,7,新潟日報賞,1,アームテイル,https://db.netkeiba.com/horse/2020106900/,2020106900,牝,6,56.0,吉田豊,,,3,2026/02/01,1東京2,節分S(3勝クラス),,5,9,芝1400,芝,1400,良,13.0,14,86.3,33.9,0.8,56,9-10,1:21.8,大野拓弥,470(+10),晴,9.0,10.0,,10.0
2026-07-25-01-07,202604020107,2026-07-25,新潟,7,新潟日報賞,1,アームテイル,https://db.netkeiba.com/horse/2020106900/,2020106900,牝,6,56.0,吉田豊,,,4,2025/10/04,4東京1,白秋S(3勝クラス),,5,8,芝1400,芝,1400,良,9.0,5,10.0,33.9,0.5,54,5-5,1:20.3,大野拓弥,460(+2),小雨,5.0,5.0,,5.0
2026-07-25-01-07,202604020107,2026-07-25,新潟,7,新潟日報賞,1,アームテイル,https://db.netkeiba.com/horse/2020106900/,2020106900,牝,6,56.0,吉田豊,,,5,2025/08/24,3新潟2,長岡S(3勝クラス),,2,3,芝1600,芝,1600,良,6.0,8,14.8,33.9,0.4,54,2-2,1:32.9,大野拓弥,458(-6),晴,2.0,2.0,,2.0
2026-07-25-01-07,202604020107,2026-07-25,新潟,7,新潟日報賞,1,アームテイル,https://db.netkeiba.com/horse/2020106900/,2020106900,牝,6,56.0,吉田豊,,,6,2025/07/26,2新潟1,新潟日報賞(3勝クラス),,7,7,芝1400,芝,1400,良,4.0,5,8.2,33.6,0.8,56,3-3,1:19.9,大野拓弥,464(-4),晴,3.0,3.0,,3.0
2026-07-25-01-07,202604020107,2026-07-25,新潟,7,新潟日報賞,1,アームテイル,https://db.netkeiba.com/horse/2020106900/,2020106900,牝,6,56.0,吉田豊,,,7,2025/06/07,3東京1,由比ヶ浜特別(2勝クラス),,7,12,芝1400,芝,1400,良,1.0,9,39.1,33.3,-0.3,53,6-7,1:21.0,大野拓弥,468(+2),晴,6.0,7.0,,7.0
2026-07-25-01-07,202604020107,2026-07-25,新潟,7,新潟日報賞,1,アームテイル,https://db.netkeiba.com/horse/2020106900/,2020106900,牝,6,56.0,吉田豊,,,8,2025/05/24,2東京9,4歳以上1勝クラス,,2,2,芝1600,芝,1600,良,1.0,11,58.8,33.4,-0.1,56,5-4,1:34.5,大野拓弥,466(+6),曇,5.0,4.0,,4.0
2026-07-25-01-07,202604020107,2026-07-25,新潟,7,新潟日報賞,1,アームテイル,https://db.netkeiba.com/horse/2020106900/,2020106900,牝,6,56.0,吉田豊,,,9,2025/03/16,2中京2,4歳以上1勝クラス,,3,6,芝1600,芝,1600,重,12.0,12,34.2,36.1,1.3,56,7-10-11,1:38.5,石川裕紀,460(+10),曇,7.0,10.0,11.0,11.0
2026-07-25-01-07,202604020107,2026-07-25,新潟,7,新潟日報賞,1,アームテイル,https://db.netkeiba.com/horse/2020106900/,2020106900,牝,6,56.0,吉田豊,,,10,2024/10/27,4新潟8,3歳以上1勝クラス,,3,5,芝1800,芝,1800,良,5.0,5,11.2,34.4,0.6,56,12-12,1:46.8,石川裕紀,450(+4),晴,12.0,12.0,,12.0
2026-07-25-01-07,202604020107,2026-07-25,新潟,7,新潟日報賞,1,アームテイル,https://db.netkeiba.com/horse/2020106900/,2020106900,牝,6,56.0,吉田豊,,,11,2024/10/14,4新潟4,3歳以上1勝クラス,,4,8,芝1800,芝,1800,良,11.0,4,9.3,35.7,1.4,53,12-12,1:47.9,長浜鴻緒,446(-8),晴,12.0,12.0,,12.0
2026-07-25-01-07,202604020107,2026-07-25,新潟,7,新潟日報賞,1,アームテイル,https://db.netkeiba.com/horse/2020106900/,2020106900,牝,6,56.0,吉田豊,,,12,2024/08/04,2新潟4,3歳以上1勝クラス,,6,11,芝1600,芝,1600,良,3.0,7,30.1,33.0,0.3,56,14-14,1:32.8,横山典弘,454(-2),晴,14.0,14.0,,14.0
2026-07-25-01-07,202604020107,2026-07-25,新潟,7,新潟日報賞,1,アームテイル,https://db.netkeiba.com/horse/2020106900/,2020106900,牝,6,56.0,吉田豊,,,13,2024/07/07,2福島4,織姫賞(1勝クラス),,3,5,芝1800,芝,1800,良,6.0,5,9.9,35.0,0.6,56,14-14-14-15,1:49.1,横山典弘,456(+10),晴,14.0,14.0,14.0,15.0
2026-07-25-01-07,202604020107,2026-07-25,新潟,7,新潟日報賞,1,アームテイル,https://db.netkeiba.com/horse/2020106900/,2020106900,牝,6,56.0,吉田豊,,,14,2024/03/02,2小倉7,4歳以上1勝クラス,,7,11,芝2000,芝,2000,稍,6.0,8,32.6,36.8,1.4,56,9-10-8-6,2:03.1,斎藤新,446(-2),晴,9.0,10.0,8.0,6.0
2026-07-25-01-07,202604020107,2026-07-25,新潟,7,新潟日報賞,1,アームテイル,https://db.netkeiba.com/horse/2020106900/,2020106900,牝,6,56.0,吉田豊,,,15,2024/02/18,2小倉4,4歳以上1勝クラス,,8,8,芝2000,芝,2000,良,6.0,6,9.6,35.5,0.3,55,2-2-1-2,2:01.4,鮫島克駿,448(-10),晴,2.0,2.0,1.0,2.0
2026-07-25-01-07,202604020107,2026-07-25,新潟,7,新潟日報賞,1,アームテイル,https://db.netkeiba.com/horse/2020106900/,2020106900,牝,6,56.0,吉田豊,,,16,2024/02/03,1小倉7,4歳以上1勝クラス,,6,6,芝2000,芝,2000,稍,8.0,5,8.7,40.2,2.3,54,2-2-2-3,2:05.1,佐々木大,458(+10),小雨,2.0,2.0,2.0,3.0
2026-07-25-01-07,202604020107,2026-07-25,新潟,7,新潟日報賞,1,アームテイル,https://db.netkeiba.com/horse/2020106900/,2020106900,牝,6,56.0,吉田豊,,,17,2023/10/21,4東京6,3歳以上1勝クラス,,3,3,芝1800,芝,1800,良,7.0,6,15.7,34.8,0.4,54,1-1-1,1:47.7,横山典弘,448(+2),晴,1.0,1.0,1.0,1.0
2026-07-25-01-07,202604020107,2026-07-25,新潟,7,新潟日報賞,1,アームテイル,https://db.netkeiba.com/horse/2020106900/,2020106900,牝,6,56.0,吉田豊,,,18,2023/10/01,4中山9,3歳以上1勝クラス,,2,3,芝2200,芝,2200,良,5.0,9,27.0,35.1,0.2,53,2-2-4-4,2:16.2,横山典弘,446(+4),曇,2.0,2.0,4.0,4.0
2026-07-25-01-07,202604020107,2026-07-25,新潟,7,新潟日報賞,1,アームテイル,https://db.netkeiba.com/horse/2020106900/,2020106900,牝,6,56.0,吉田豊,,,19,2023/07/01,2福島1,3歳未勝利,,7,13,芝2000,芝,2000,稍,1.0,9,23.7,35.6,0.0,52,9-8-7-5,2:01.1,原優介,442(-4),曇,9.0,8.0,7.0,5.0
2026-07-25-01-07,202604020107,2026-07-25,新潟,7,新潟日報賞,1,アームテイル,https://db.netkeiba.com/horse/2020106900/,2020106900,牝,6,56.0,吉田豊,,,20,2023/06/04,3東京2,3歳未勝利,,6,11,芝1400,芝,1400,稍,8.0,9,34.5,33.5,0.6,54,16-16,1:21.8,田辺裕信,446(+16),晴,16.0,16.0,,16.0
2026-07-25-01-07,202604020107,2026-07-25,新潟,7,新潟日報賞,1,アームテイル,https://db.netkeiba.com/horse/2020106900/,2020106900,牝,6,56.0,吉田豊,,,21,2023/03/11,2中京1,3歳未勝利,,2,3,芝1400,芝,1400,良,8.0,4,7.7,34.3,1.0,50,14-13,1:22.7,永島まな,430(-18),晴,14.0,13.0,,13.0
2026-07-25-01-07,202604020107,2026-07-25,新潟,7,新潟日報賞,1,アームテイル,https://db.netkeiba.com/horse/2020106900/,2020106900,牝,6,56.0,吉田豊,,,22,2022/11/06,5東京2,2歳未勝利,,4,6,芝1600,芝,1600,良,10.0,8,14.2,35.5,0.9,54,3-3,1:35.4,戸崎圭太,448(0),晴,3.0,3.0,,3.0
2026-07-25-01-07,202604020107,2026-07-25,新潟,7,新潟日報賞,1,アームテイル,https://db.netkeiba.com/horse/2020106900/,2020106900,牝,6,56.0,吉田豊,,,23,2022/10/10,4東京3,2歳未勝利,,8,14,芝1600,芝,1600,稍,4.0,4,15.6,35.1,0.3,54,7-6,1:35.2,ルメール,448(-2),晴,7.0,6.0,,6.0
2026-07-25-01-07,202604020107,2026-07-25,新潟,7,新潟日報賞,1,アームテイル,https://db.netkeiba.com/horse/2020106900/,2020106900,牝,6,56.0,吉田豊,,,24,2022/09/24,4中山6,2歳新馬,,3,6,芝1600,芝,1600,不,7.0,4,10.6,35.7,0.2,54,6-5-5,1:36.9,大野拓弥,450(0),曇,6.0,5.0,5.0,5.0
2026-07-25-01-07,202604020107,2026-07-25,新潟,7,新潟日報賞,2,ヴェサリウス,https://db.netkeiba.com/horse/2021104401/,2021104401,牡,5,58.0,横山武,,,0,2026/06/21,1函館4,UHB杯(3勝クラス),,6,11,芝1200,芝,1200,良,8.0,2,7.0,34.8,0.5,56,7-6,1:08.4,横山武史,482(-8),小雨,7.0,6.0,,6.0
2026-07-25-01-07,202604020107,2026-07-25,新潟,7,新潟日報賞,2,ヴェサリウス,https://db.netkeiba.com/horse/2021104401/,2021104401,牡,5,58.0,横山武,,,1,2026/03/29,3中山2,船橋S(3勝クラス),,7,12,芝1200,芝,1200,良,4.0,5,8.4,33.9,0.3,58,6-6,1:08.1,横山和生,490(-2),晴,6.0,6.0,,6.0
2026-07-25-01-07,202604020107,2026-07-25,新潟,7,新潟日報賞,2,ヴェサリウス,https://db.netkeiba.com/horse/2021104401/,2021104401,牡,5,58.0,横山武,,,2,2026/03/01,2中山2,アクアマリンS(3勝クラス),,1,1,芝1200,芝,1200,良,6.0,5,10.1,33.4,0.3,58,11-11,1:07.2,三浦皇成,492(+14),晴,11.0,11.0,,11.0
2026-07-25-01-07,202604020107,2026-07-25,新潟,7,新潟日報賞,2,ヴェサリウス,https://db.netkeiba.com/horse/2021104401/,2021104401,牡,5,58.0,横山武,,,3,2025/12/06,5中京1,飛騨S(3勝クラス),,6,8,芝1400,芝,1400,良,4.0,5,9.8,34.0,0.4,58,4-4,1:19.8,菊沢一樹,478(-6),晴,4.0,4.0,,4.0
2026-07-25-01-07,202604020107,2026-07-25,新潟,7,新潟日報賞,2,ヴェサリウス,https://db.netkeiba.com/horse/2021104401/,2021104401,牡,5,58.0,横山武,,,4,2025/10/04,4東京1,白秋S(3勝クラス),,4,6,芝1400,芝,1400,良,15.0,7,15.1,35.0,1.1,56,2-2,1:20.9,三浦皇成,484(+4),小雨,2.0,2.0,,2.0
2026-07-25-01-07,202604020107,2026-07-25,新潟,7,新潟日報賞,2,ヴェサリウス,https://db.netkeiba.com/horse/2021104401/,2021104401,牡,5,58.0,横山武,,,5,2025/06/22,3東京6,多摩川S(3勝クラス),,6,12,芝1400,芝,1400,良,6.0,10,40.2,34.1,0.5,58,10-10,1:21.7,三浦皇成,480(+2),晴,10.0,10.0,,10.0
2026-07-25-01-07,202604020107,2026-07-25,新潟,7,新潟日報賞,2,ヴェサリウス,https://db.netkeiba.com/horse/2021104401/,2021104401,牡,5,58.0,横山武,,,6,2025/04/27,2東京2,湘南S(3勝クラス),,6,11,芝1400,芝,1400,良,5.0,5,8.7,33.8,0.2,56,6-6,1:20.0,三浦皇成,478(-2),晴,6.0,6.0,,6.0
2026-07-25-01-07,202604020107,2026-07-25,新潟,7,新潟日報賞,2,ヴェサリウス,https://db.netkeiba.com/horse/2021104401/,2021104401,牡,5,58.0,横山武,,,7,2025/03/02,2中山2,アクアマリンS(3勝クラス),,5,10,芝1200,芝,1200,良,10.0,4,7.3,34.8,0.8,58,4-4,1:08.2,三浦皇成,480(-8),晴,4.0,4.0,,4.0
2026-07-25-01-07,202604020107,2026-07-25,新潟,7,新潟日報賞,2,ヴェサリウス,https://db.netkeiba.com/horse/2021104401/,2021104401,牡,5,58.0,横山武,,,8,2025/02/02,1東京2,節分S(3勝クラス),,7,8,芝1400,芝,1400,良,3.0,5,10.4,34.2,0.3,58,3-4,1:22.0,菅原明良,488(+22),曇,3.0,4.0,,4.0
2026-07-25-01-07,202604020107,2026-07-25,新潟,7,新潟日報賞,2,ヴェサリウス,https://db.netkeiba.com/horse/2021104401/,2021104401,牡,5,58.0,横山武,,,9,2024/11/17,5東京6,3歳以上2勝クラス,,5,10,芝1400,芝,1400,良,1.0,4,7.2,33.8,-0.1,57,7-4,1:21.1,三浦皇成,466(-10),晴,7.0,4.0,,4.0
2026-07-25-01-07,202604020107,2026-07-25,新潟,7,新潟日報賞,2,ヴェサリウス,https://db.netkeiba.com/horse/2021104401/,2021104401,牡,5,58.0,横山武,,,10,2024/09/28,4中山8,3歳以上2勝クラス,,6,12,ダ1200,ダ,1200,良,9.0,4,6.0,38.5,1.3,56,2-2,1:11.9,三浦皇成,476(+2),曇,2.0,2.0,,2.0
2026-07-25-01-07,202604020107,2026-07-25,新潟,7,新潟日報賞,2,ヴェサリウス,https://db.netkeiba.com/horse/2021104401/,2021104401,牡,5,58.0,横山武,,,11,2024/07/21,2福島8,3歳以上1勝クラス,,6,12,ダ1150,ダ,1150,良,1.0,1,2.0,36.5,-0.6,55,1-1,1:08.1,三浦皇成,474(-2),晴,1.0,1.0,,1.0
2026-07-25-01-07,202604020107,2026-07-25,新潟,7,新潟日報賞,2,ヴェサリウス,https://db.netkeiba.com/horse/2021104401/,2021104401,牡,5,58.0,横山武,,,12,2024/05/04,1新潟3,ゆきつばき賞(1勝クラス),,5,10,芝1200,芝,1200,良,3.0,4,10.0,35.7,0.8,57,6-5,1:09.9,丹内祐次,476(0),晴,6.0,5.0,,5.0
2026-07-25-01-07,202604020107,2026-07-25,新潟,7,新潟日報賞,2,ヴェサリウス,https://db.netkeiba.com/horse/2021104401/,2021104401,牡,5,58.0,横山武,,,13,2024/04/06,3中山5,3歳未勝利,,2,3,ダ1200,ダ,1200,稍,1.0,1,1.4,37.6,-1.0,57,2-2,1:11.4,横山和生,476(0),曇,2.0,2.0,,2.0
2026-07-25-01-07,202604020107,2026-07-25,新潟,7,新潟日報賞,2,ヴェサリウス,https://db.netkeiba.com/horse/2021104401/,2021104401,牡,5,58.0,横山武,,,14,2024/03/16,2中山7,3歳未勝利,,7,13,ダ1200,ダ,1200,稍,2.0,3,12.3,38.2,1.5,57,3-2,1:12.0,丹内祐次,476(0),晴,3.0,2.0,,2.0
2026-07-25-01-07,202604020107,2026-07-25,新潟,7,新潟日報賞,2,ヴェサリウス,https://db.netkeiba.com/horse/2021104401/,2021104401,牡,5,58.0,横山武,,,15,2024/01/06,1中山1,3歳新馬,,8,15,ダ1800,ダ,1800,良,13.0,1,2.6,41.8,2.0,57,3-2-2-2,1:59.8,丹内祐次,476(0),晴,3.0,2.0,2.0,2.0
2026-07-25-01-07,202604020107,2026-07-25,新潟,7,新潟日報賞,3,ウナギノボリ,https://db.netkeiba.com/horse/2019107016/,2019107016,牡,7,58.0,菊沢,,,0,2026/07/11,2福島5,会津S(3勝クラス),,7,7,芝1200,芝,1200,良,8.0,7,23.0,34.4,0.9,54,7-8,1:08.7,菊沢一樹,476(-8),曇,7.0,8.0,,8.0
2026-07-25-01-07,202604020107,2026-07-25,新潟,7,新潟日報賞,3,ウナギノボリ,https://db.netkeiba.com/horse/2019107016/,2019107016,牡,7,58.0,菊沢,,,1,2026/06/21,3東京6,多摩川S(3勝クラス),,8,15,芝1400,芝,1400,稍,15.0,13,133.0,34.4,1.4,58,10-10,1:22.5,木幡巧也,484(-6),曇,10.0,10.0,,10.0
2026-07-25-01-07,202604020107,2026-07-25,新潟,7,新潟日報賞,3,ウナギノボリ,https://db.netkeiba.com/horse/2019107016/,2019107016,牡,7,58.0,菊沢,,,2,2026/04/26,2東京2,湘南S(3勝クラス),,2,4,芝1400,芝,1400,良,14.0,12,48.0,32.8,1.1,54,12-13,1:21.2,松若風馬,490(+8),晴,12.0,13.0,,13.0
2026-07-25-01-07,202604020107,2026-07-25,新潟,7,新潟日報賞,3,ウナギノボリ,https://db.netkeiba.com/horse/2019107016/,2019107016,牡,7,58.0,菊沢,,,3,2026/04/05,2阪神4,心斎橋S(3勝クラス),,3,5,芝1400,芝,1400,良,5.0,13,40.9,34.2,0.5,54,15-15,1:20.2,鮫島克駿,482(+2),晴,15.0,15.0,,15.0
2026-07-25-01-07,202604020107,2026-07-25,新潟,7,新潟日報賞,3,ウナギノボリ,https://db.netkeiba.com/horse/2019107016/,2019107016,牡,7,58.0,菊沢,,,4,2026/03/21,1阪神9,淀屋橋S(3勝クラス),,1,1,芝1200,芝,1200,良,2.0,16,117.2,33.3,0.2,53,9-10,1:08.1,藤懸貴志,480(0),晴,9.0,10.0,,10.0
2026-07-25-01-07,202604020107,2026-07-25,新潟,7,新潟日報賞,3,ウナギノボリ,https://db.netkeiba.com/horse/2019107016/,2019107016,牡,7,58.0,菊沢,,,5,2026/01/25,1中山9,江戸川S(3勝クラス),,1,1,ダ1200,ダ,1200,良,16.0,12,114.8,37.7,1.5,58,13-13,1:13.0,長浜鴻緒,480(0),晴,13.0,13.0,,13.0
2026-07-25-01-07,202604020107,2026-07-25,新潟,7,新潟日報賞,3,ウナギノボリ,https://db.netkeiba.com/horse/2019107016/,2019107016,牡,7,58.0,菊沢,,,6,2026/01/05,1京都2,門松S(3勝クラス),,8,16,ダ1200,ダ,1200,良,9.0,11,87.5,35.7,1.1,58,16-14,1:12.3,吉村誠之,480(-4),晴,16.0,14.0,,14.0
2026-07-25-01-07,202604020107,2026-07-25,新潟,7,新潟日報賞,3,ウナギノボリ,https://db.netkeiba.com/horse/2019107016/,2019107016,牡,7,58.0,菊沢,,,7,2025/12/21,5阪神6,御影S(3勝クラス),,1,2,ダ1400,ダ,1400,重,9.0,13,69.6,36.5,0.7,58,13-11,1:23.2,松若風馬,484(+12),雨,13.0,11.0,,11.0
2026-07-25-01-07,202604020107,2026-07-25,新潟,7,新潟日報賞,3,ウナギノボリ,https://db.netkeiba.com/horse/2019107016/,2019107016,牡,7,58.0,菊沢,,,8,2025/10/04,3京都1,大山崎S(3勝クラス),,7,14,ダ1200,ダ,1200,不,8.0,13,72.6,34.6,1.0,58,14-14,1:10.1,国分恭介,472(-6),小雨,14.0,14.0,,14.0
2026-07-25-01-07,202604020107,2026-07-25,新潟,7,新潟日報賞,3,ウナギノボリ,https://db.netkeiba.com/horse/2019107016/,2019107016,牡,7,58.0,菊沢,,,9,2025/09/07,4中山2,セプテンバーS(3勝クラス),,7,11,芝1200,芝,1200,良,10.0,10,106.2,32.7,1.1,53,12-12,1:08.1,大野拓弥,478(-2),晴,12.0,12.0,,12.0
2026-07-25-01-07,202604020107,2026-07-25,新潟,7,新潟日報賞,3,ウナギノボリ,https://db.netkeiba.com/horse/2019107016/,2019107016,牡,7,58.0,菊沢,,,10,2025/08/24,4中京2,長篠S(3勝クラス),,3,3,芝1200,芝,1200,良,7.0,8,40.0,34.0,1.0,58,6-6,1:08.2,小沢大仁,480(-6),晴,6.0,6.0,,6.0
2026-07-25-01-07,202604020107,2026-07-25,新潟,7,新潟日報賞,3,ウナギノボリ,https://db.netkeiba.com/horse/2019107016/,2019107016,牡,7,58.0,菊沢,,,11,2025/08/16,2新潟7,上越S(3勝クラス),,7,13,ダ1200,ダ,1200,良,13.0,12,88.5,36.5,1.7,58,14-13,1:12.6,大野拓弥,486(-14),晴,14.0,13.0,,13.0
2026-07-25-01-07,202604020107,2026-07-25,新潟,7,新潟日報賞,3,ウナギノボリ,https://db.netkeiba.com/horse/2019107016/,2019107016,牡,7,58.0,菊沢,,,12,2025/05/18,2東京8,BSイレブン賞(3勝クラス),,6,11,ダ1400,ダ,1400,重,,11,42.3,,,58,15-16,,北村友一,500(+4),曇,15.0,16.0,,16.0
2026-07-25-01-07,202604020107,2026-07-25,新潟,7,新潟日報賞,3,ウナギノボリ,https://db.netkeiba.com/horse/2019107016/,2019107016,牡,7,58.0,菊沢,,,13,2025/04/06,2阪神4,陽春S(3勝クラス),,7,8,ダ1200,ダ,1200,良,5.0,11,64.9,35.6,0.3,58,10-10,1:11.7,北村友一,496(-4),晴,10.0,10.0,,10.0
2026-07-25-01-07,202604020107,2026-07-25,新潟,7,新潟日報賞,3,ウナギノボリ,https://db.netkeiba.com/horse/2019107016/,2019107016,牡,7,58.0,菊沢,,,14,2025/03/23,1阪神8,鳴門S(3勝クラス),,2,4,ダ1400,ダ,1400,良,15.0,14,118.3,37.4,2.6,58,16-16,1:27.2,松若風馬,500(+2),晴,16.0,16.0,,16.0
2026-07-25-01-07,202604020107,2026-07-25,新潟,7,新潟日報賞,3,ウナギノボリ,https://db.netkeiba.com/horse/2019107016/,2019107016,牡,7,58.0,菊沢,,,15,2025/02/22,1京都7,河原町S(3勝クラス),,8,16,ダ1400,ダ,1400,良,15.0,9,30.9,37.5,1.9,54,12-13,1:25.8,北村友一,498(+4),曇,12.0,13.0,,13.0
2026-07-25-01-07,202604020107,2026-07-25,新潟,7,新潟日報賞,3,ウナギノボリ,https://db.netkeiba.com/horse/2019107016/,2019107016,牡,7,58.0,菊沢,,,16,2025/01/13,1中山5,初春S(3勝クラス),,6,12,ダ1200,ダ,1200,良,8.0,7,19.6,36.7,1.5,54,15-15,1:12.0,佐々木大,494(0),晴,15.0,15.0,,15.0
2026-07-25-01-07,202604020107,2026-07-25,新潟,7,新潟日報賞,3,ウナギノボリ,https://db.netkeiba.com/horse/2019107016/,2019107016,牡,7,58.0,菊沢,,,17,2025/01/05,1中京1,門松S(3勝クラス),,1,2,ダ1200,ダ,1200,良,3.0,12,63.1,35.7,0.3,58,5-5,1:11.9,北村友一,494(+10),晴,5.0,5.0,,5.0
2026-07-25-01-07,202604020107,2026-07-25,新潟,7,新潟日報賞,3,ウナギノボリ,https://db.netkeiba.com/horse/2019107016/,2019107016,牡,7,58.0,菊沢,,,18,2024/12/07,5中山3,アクアラインS(3勝クラス),,3,5,ダ1200,ダ,1200,良,6.0,15,61.2,36.1,0.7,53,12-12,1:10.9,斎藤新,484(-2),晴,12.0,12.0,,12.0
2026-07-25-01-07,202604020107,2026-07-25,新潟,7,新潟日報賞,3,ウナギノボリ,https://db.netkeiba.com/horse/2019107016/,2019107016,牡,7,58.0,菊沢,,,19,2024/11/10,5東京4,銀嶺S(3勝クラス),,8,14,ダ1400,ダ,1400,良,7.0,8,36.5,36.0,1.3,53,13-13,1:24.8,佐々木大,486(+10),曇,13.0,13.0,,13.0
2026-07-25-01-07,202604020107,2026-07-25,新潟,7,新潟日報賞,3,ウナギノボリ,https://db.netkeiba.com/horse/2019107016/,2019107016,牡,7,58.0,菊沢,,,20,2024/10/27,4東京8,エイシンフラッシュC(3勝クラス),,7,12,ダ1300,ダ,1300,良,9.0,14,141.1,35.4,0.6,58,12-11,1:18.2,津村明秀,476(0),曇,12.0,11.0,,11.0
2026-07-25-01-07,202604020107,2026-07-25,新潟,7,新潟日報賞,3,ウナギノボリ,https://db.netkeiba.com/horse/2019107016/,2019107016,牡,7,58.0,菊沢,,,21,2024/10/13,4東京3,テレビ静岡賞(3勝クラス),,2,4,ダ1400,ダ,1400,良,10.0,16,150.8,36.2,1.3,58,12-12,1:24.0,高杉吏麒,476(+2),晴,12.0,12.0,,12.0
2026-07-25-01-07,202604020107,2026-07-25,新潟,7,新潟日報賞,3,ウナギノボリ,https://db.netkeiba.com/horse/2019107016/,2019107016,牡,7,58.0,菊沢,,,22,2024/09/29,4中山9,外房S(3勝クラス),,6,11,ダ1200,ダ,1200,良,14.0,12,118.6,35.4,1.9,58,16-16,1:11.6,西村淳也,474(+6),曇,16.0,16.0,,16.0
2026-07-25-01-07,202604020107,2026-07-25,新潟,7,新潟日報賞,3,ウナギノボリ,https://db.netkeiba.com/horse/2019107016/,2019107016,牡,7,58.0,菊沢,,,23,2024/09/08,3中京2,浜松S(3勝クラス),,7,14,ダ1200,ダ,1200,良,12.0,13,60.1,35.8,1.1,58,15-15,1:12.0,吉村誠之,468(-8),晴,15.0,15.0,,15.0
2026-07-25-01-07,202604020107,2026-07-25,新潟,7,新潟日報賞,3,ウナギノボリ,https://db.netkeiba.com/horse/2019107016/,2019107016,牡,7,58.0,菊沢,,,24,2024/07/28,2新潟2,佐渡S(3勝クラス),,5,9,芝1400,芝,1400,良,14.0,16,121.3,34.2,1.3,54,18-18,1:20.5,吉村誠之,476(0),曇,18.0,18.0,,18.0
2026-07-25-01-07,202604020107,2026-07-25,新潟,7,新潟日報賞,3,ウナギノボリ,https://db.netkeiba.com/horse/2019107016/,2019107016,牡,7,58.0,菊沢,,,25,2024/06/23,3東京8,甲州街道S(3勝クラス),,1,1,ダ1600,ダ,1600,重,13.0,14,85.5,35.7,2.1,55,16-15,1:36.6,武藤雅,476(0),曇,16.0,15.0,,15.0
2026-07-25-01-07,202604020107,2026-07-25,新潟,7,新潟日報賞,3,ウナギノボリ,https://db.netkeiba.com/horse/2019107016/,2019107016,牡,7,58.0,菊沢,,,26,2024/05/19,2東京10,フリーウェイS(3勝クラス),,1,1,芝1400,芝,1400,良,12.0,10,49.5,33.4,1.4,58,13-13,1:21.9,Ｍ．デム,476(+6),曇,13.0,13.0,,13.0
2026-07-25-01-07,202604020107,2026-07-25,新潟,7,新潟日報賞,3,ウナギノボリ,https://db.netkeiba.com/horse/2019107016/,2019107016,牡,7,58.0,菊沢,,,27,2024/04/28,3京都4,ライスシャワーC(3勝クラス),,6,11,芝1200,芝,1200,良,14.0,15,141.9,32.5,0.7,58,18-18,1:08.5,田口貫太,470(+4),晴,18.0,18.0,,18.0
2026-07-25-01-07,202604020107,2026-07-25,新潟,7,新潟日報賞,3,ウナギノボリ,https://db.netkeiba.com/horse/2019107016/,2019107016,牡,7,58.0,菊沢,,,28,2024/03/31,2阪神4,陽春S(3勝クラス),,2,4,ダ1200,ダ,1200,良,9.0,12,45.6,36.2,1.1,56,15-15,1:12.7,鮫島克駿,466(-2),曇,15.0,15.0,,15.0
2026-07-25-01-07,202604020107,2026-07-25,新潟,7,新潟日報賞,3,ウナギノボリ,https://db.netkeiba.com/horse/2019107016/,2019107016,牡,7,58.0,菊沢,,,29,2024/03/09,1中京1,中京スポーツ杯(3勝クラス),,8,12,ダ1400,ダ,1400,良,10.0,8,21.4,36.8,1.3,58,12-12,1:26.4,国分恭介,468(-4),晴,12.0,12.0,,12.0
2026-07-25-01-07,202604020107,2026-07-25,新潟,7,新潟日報賞,3,ウナギノボリ,https://db.netkeiba.com/horse/2019107016/,2019107016,牡,7,58.0,菊沢,,,30,2024/02/17,2京都7,河原町S(3勝クラス),,1,1,ダ1400,ダ,1400,稍,6.0,8,26.1,36.7,0.7,56,11-11,1:24.5,ルメート,472(-4),晴,11.0,11.0,,11.0
2026-07-25-01-07,202604020107,2026-07-25,新潟,7,新潟日報賞,3,ウナギノボリ,https://db.netkeiba.com/horse/2019107016/,2019107016,牡,7,58.0,菊沢,,,31,2024/01/13,1中山4,初春S(3勝クラス),,5,9,ダ1200,ダ,1200,良,5.0,8,26.0,35.2,0.3,58,15-14,1:11.1,田辺裕信,476(0),曇,15.0,14.0,,14.0
2026-07-25-01-07,202604020107,2026-07-25,新潟,7,新潟日報賞,3,ウナギノボリ,https://db.netkeiba.com/horse/2019107016/,2019107016,牡,7,58.0,菊沢,,,32,2023/11/25,5東京7,シャングリラS(3勝クラス),,8,16,ダ1400,ダ,1400,良,10.0,5,9.8,35.4,0.7,58,12-13,1:25.4,菅原明良,476(0),晴,12.0,13.0,,13.0
2026-07-25-01-07,202604020107,2026-07-25,新潟,7,新潟日報賞,3,ウナギノボリ,https://db.netkeiba.com/horse/2019107016/,2019107016,牡,7,58.0,菊沢,,,33,2023/10/29,4東京9,秋嶺S(3勝クラス),,2,3,ダ1300,ダ,1300,良,6.0,6,9.2,35.2,1.0,58,16-16,1:18.0,菅原明良,476(0),晴,16.0,16.0,,16.0
2026-07-25-01-07,202604020107,2026-07-25,新潟,7,新潟日報賞,3,ウナギノボリ,https://db.netkeiba.com/horse/2019107016/,2019107016,牡,7,58.0,菊沢,,,34,2023/10/15,4東京5,テレビ静岡賞(3勝クラス),,6,10,ダ1400,ダ,1400,不,6.0,6,10.1,34.9,0.9,58,14-14,1:22.8,菅原明良,476(+2),曇,14.0,14.0,,14.0
2026-07-25-01-07,202604020107,2026-07-25,新潟,7,新潟日報賞,3,ウナギノボリ,https://db.netkeiba.com/horse/2019107016/,2019107016,牡,7,58.0,菊沢,,,35,2023/09/10,4阪神2,オークランドTRT(3勝クラス),,1,1,ダ1200,ダ,1200,良,8.0,3,5.1,36.6,1.2,57,11-11,1:13.0,鮫島克駿,474(+4),曇,11.0,11.0,,11.0
2026-07-25-01-07,202604020107,2026-07-25,新潟,7,新潟日報賞,3,ウナギノボリ,https://db.netkeiba.com/horse/2019107016/,2019107016,牡,7,58.0,菊沢,,,36,2023/08/19,3新潟3,上越S(3勝クラス),,2,3,ダ1200,ダ,1200,良,13.0,3,6.0,36.3,1.7,58,15-15,1:12.2,戸崎圭太,470(-2),晴,15.0,15.0,,15.0
2026-07-25-01-07,202604020107,2026-07-25,新潟,7,新潟日報賞,3,ウナギノボリ,https://db.netkeiba.com/horse/2019107016/,2019107016,牡,7,58.0,菊沢,,,37,2023/06/11,3阪神4,安芸S(3勝クラス),,2,4,ダ1200,ダ,1200,重,5.0,3,5.1,35.0,0.2,57,14-12,1:11.0,国分恭介,472(+8),曇,14.0,12.0,,12.0
2026-07-25-01-07,202604020107,2026-07-25,新潟,7,新潟日報賞,3,ウナギノボリ,https://db.netkeiba.com/horse/2019107016/,2019107016,牡,7,58.0,菊沢,,,38,2023/05/14,2東京8,BSイレブン賞(3勝クラス),,3,6,ダ1400,ダ,1400,稍,3.0,3,6.1,35.1,0.3,58,12-10,1:22.9,戸崎圭太,464(0),小雨,12.0,10.0,,10.0
2026-07-25-01-07,202604020107,2026-07-25,新潟,7,新潟日報賞,3,ウナギノボリ,https://db.netkeiba.com/horse/2019107016/,2019107016,牡,7,58.0,菊沢,,,39,2023/04/23,2東京2,鎌倉S(3勝クラス),,4,6,ダ1400,ダ,1400,良,3.0,2,4.6,35.5,0.5,58,13-13,1:24.7,戸崎圭太,464(-4),晴,13.0,13.0,,13.0
2026-07-25-01-07,202604020107,2026-07-25,新潟,7,新潟日報賞,3,ウナギノボリ,https://db.netkeiba.com/horse/2019107016/,2019107016,牡,7,58.0,菊沢,,,40,2023/03/11,2中京1,伊良湖特別(2勝クラス),,8,15,ダ1200,ダ,1200,良,1.0,1,3.1,35.3,-0.1,58,12-12,1:11.7,鮫島克駿,468(+6),晴,12.0,12.0,,12.0
2026-07-25-01-07,202604020107,2026-07-25,新潟,7,新潟日報賞,3,ウナギノボリ,https://db.netkeiba.com/horse/2019107016/,2019107016,牡,7,58.0,菊沢,,,41,2023/02/19,1阪神4,4歳以上1勝クラス,,8,15,ダ1200,ダ,1200,稍,1.0,4,5.2,36.3,-0.4,58,12-9,1:12.2,国分恭介,462(-4),曇,12.0,9.0,,9.0
2026-07-25-01-07,202604020107,2026-07-25,新潟,7,新潟日報賞,3,ウナギノボリ,https://db.netkeiba.com/horse/2019107016/,2019107016,牡,7,58.0,菊沢,,,42,2023/02/05,1小倉8,合馬特別(1勝クラス),,6,12,芝1200,芝,1200,良,6.0,8,16.8,33.7,0.6,58,18-17,1:08.7,富田暁,466(+2),晴,18.0,17.0,,17.0
2026-07-25-01-07,202604020107,2026-07-25,新潟,7,新潟日報賞,3,ウナギノボリ,https://db.netkeiba.com/horse/2019107016/,2019107016,牡,7,58.0,菊沢,,,43,2022/11/19,5阪神5,3歳以上1勝クラス,,7,15,芝1600,芝,1600,良,8.0,14,57.2,32.9,0.4,56,14-10,1:36.1,松若風馬,464(-8),晴,14.0,10.0,,10.0
2026-07-25-01-07,202604020107,2026-07-25,新潟,7,新潟日報賞,3,ウナギノボリ,https://db.netkeiba.com/horse/2019107016/,2019107016,牡,7,58.0,菊沢,,,44,2022/10/23,4新潟4,3歳以上1勝クラス,,5,6,芝1800,芝,1800,良,8.0,8,27.2,34.1,0.6,51,3-3,1:48.6,永島まな,472(+12),雨,3.0,3.0,,3.0
2026-07-25-01-07,202604020107,2026-07-25,新潟,7,新潟日報賞,3,ウナギノボリ,https://db.netkeiba.com/horse/2019107016/,2019107016,牡,7,58.0,菊沢,,,45,2022/10/02,5中京9,3歳以上1勝クラス,,4,7,芝1400,芝,1400,良,12.0,7,18.6,34.5,1.2,55,17-17,1:21.3,富田暁,460(0),晴,17.0,17.0,,17.0
2026-07-25-01-07,202604020107,2026-07-25,新潟,7,新潟日報賞,3,ウナギノボリ,https://db.netkeiba.com/horse/2019107016/,2019107016,牡,7,58.0,菊沢,,,46,2022/09/24,5中京6,3歳以上1勝クラス,,6,12,芝1600,芝,1600,良,6.0,7,17.9,33.8,0.9,52,14-12-10,1:34.2,角田大河,460(-4),晴,14.0,12.0,10.0,10.0
2026-07-25-01-07,202604020107,2026-07-25,新潟,7,新潟日報賞,3,ウナギノボリ,https://db.netkeiba.com/horse/2019107016/,2019107016,牡,7,58.0,菊沢,,,47,2022/09/03,4小倉7,3歳以上1勝クラス,,8,13,ダ1700,ダ,1700,重,10.0,3,4.8,39.3,2.3,54,11-8-9-8,1:46.1,和田竜二,464(-2),曇,11.0,8.0,9.0,8.0
2026-07-25-01-07,202604020107,2026-07-25,新潟,7,新潟日報賞,3,ウナギノボリ,https://db.netkeiba.com/horse/2019107016/,2019107016,牡,7,58.0,菊沢,,,48,2022/08/20,4小倉3,3歳以上1勝クラス,,4,8,ダ1700,ダ,1700,稍,4.0,5,8.1,36.6,0.5,50,11-11-8-5,1:45.9,永島まな,466(+10),晴,11.0,11.0,8.0,5.0
2026-07-25-01-07,202604020107,2026-07-25,新潟,7,新潟日報賞,3,ウナギノボリ,https://db.netkeiba.com/horse/2019107016/,2019107016,牡,7,58.0,菊沢,,,49,2022/06/19,3阪神2,3歳以上1勝クラス,,4,4,芝1600,芝,1600,良,10.0,3,3.5,35.7,1.9,54,10-10,1:36.0,松山弘平,456(-8),晴,10.0,10.0,,10.0
2026-07-25-01-07,202604020107,2026-07-25,新潟,7,新潟日報賞,3,ウナギノボリ,https://db.netkeiba.com/horse/2019107016/,2019107016,牡,7,58.0,菊沢,,,50,2022/05/28,3中京7,3歳1勝クラス,,7,7,芝1600,芝,1600,良,3.0,2,3.2,34.8,0.1,56,4-4-5,1:34.6,横山典弘,464(-2),晴,4.0,4.0,5.0,5.0
2026-07-25-01-07,202604020107,2026-07-25,新潟,7,新潟日報賞,3,ウナギノボリ,https://db.netkeiba.com/horse/2019107016/,2019107016,牡,7,58.0,菊沢,,,51,2022/05/08,3中京2,橘S(L),,8,9,芝1400,芝,1400,良,4.0,4,8.8,33.3,0.5,56,10-10,1:19.8,斎藤新,466(+2),晴,10.0,10.0,,10.0
2026-07-25-01-07,202604020107,2026-07-25,新潟,7,新潟日報賞,3,ウナギノボリ,https://db.netkeiba.com/horse/2019107016/,2019107016,牡,7,58.0,菊沢,,,52,2022/04/16,2阪神7,アーリントンC(GIII),,4,8,芝1600,芝,1600,良,7.0,13,72.7,34.1,0.7,56,13-14,1:33.4,和田竜二,464(+2),晴,13.0,14.0,,14.0
2026-07-25-01-07,202604020107,2026-07-25,新潟,7,新潟日報賞,3,ウナギノボリ,https://db.netkeiba.com/horse/2019107016/,2019107016,牡,7,58.0,菊沢,,,53,2022/03/19,1阪神11,若葉S(L),,8,10,芝2000,芝,2000,稍,9.0,8,42.7,35.3,1.2,56,9-9-10-10,2:01.4,藤岡康太,462(-2),小雨,9.0,9.0,10.0,10.0
2026-07-25-01-07,202604020107,2026-07-25,新潟,7,新潟日報賞,3,ウナギノボリ,https://db.netkeiba.com/horse/2019107016/,2019107016,牡,7,58.0,菊沢,,,54,2022/01/09,1中京3,日刊スポシンザン記念(GIII),,5,8,芝1600,芝,1600,良,9.0,6,25.2,35.0,1.1,56,14-15-15,1:35.2,吉田隼人,464(0),晴,14.0,15.0,15.0,15.0
2026-07-25-01-07,202604020107,2026-07-25,新潟,7,新潟日報賞,3,ウナギノボリ,https://db.netkeiba.com/horse/2019107016/,2019107016,牡,7,58.0,菊沢,,,55,2021/12/05,6中京2,こうやまき賞(1勝クラス),,1,1,芝1600,芝,1600,良,2.0,4,8.2,34.6,0.1,55,9-8-8,1:35.4,吉田隼人,464(-4),曇,9.0,8.0,8.0,8.0
2026-07-25-01-07,202604020107,2026-07-25,新潟,7,新潟日報賞,3,ウナギノボリ,https://db.netkeiba.com/horse/2019107016/,2019107016,牡,7,58.0,菊沢,,,56,2021/11/13,5阪神3,デイリー杯2歳S(GII),,4,4,芝1600,芝,1600,良,7.0,6,24.9,34.6,1.3,55,7-6,1:36.4,和田竜二,468(-10),晴,7.0,6.0,,6.0
2026-07-25-01-07,202604020107,2026-07-25,新潟,7,新潟日報賞,3,ウナギノボリ,https://db.netkeiba.com/horse/2019107016/,2019107016,牡,7,58.0,菊沢,,,57,2021/10/09,4東京1,サウジアラビアRC(GIII),,7,7,芝1600,芝,1600,良,4.0,4,17.6,33.4,0.3,55,5-5,1:36.7,菅原明良,478(+10),曇,5.0,5.0,,5.0
2026-07-25-01-07,202604020107,2026-07-25,新潟,7,新潟日報賞,3,ウナギノボリ,https://db.netkeiba.com/horse/2019107016/,2019107016,牡,7,58.0,菊沢,,,58,2021/09/11,5中京1,2歳新馬,,6,7,芝1400,芝,1400,良,1.0,4,7.9,34.8,-0.1,54,8-6,1:22.3,和田竜二,468(0),曇,8.0,6.0,,6.0
2026-07-25-01-07,202604020107,2026-07-25,新潟,7,新潟日報賞,4,エイムフォーエース,https://db.netkeiba.com/horse/2021104167/,2021104167,牡,5,58.0,高杉,,,0,2026/05/24,2東京10,フリーウェイS(3勝クラス),,4,5,芝1400,芝,1400,良,10.0,12,73.1,32.8,0.5,58,9-8,1:21.5,高杉吏麒,440(+2),曇,9.0,8.0,,8.0
2026-07-25-01-07,202604020107,2026-07-25,新潟,7,新潟日報賞,4,エイムフォーエース,https://db.netkeiba.com/horse/2021104167/,2021104167,牡,5,58.0,高杉,,,1,2026/04/05,2阪神4,心斎橋S(3勝クラス),,1,1,芝1400,芝,1400,良,6.0,7,17.5,34.5,0.8,54,16-15,1:20.5,酒井学,438(-2),晴,16.0,15.0,,15.0
2026-07-25-01-07,202604020107,2026-07-25,新潟,7,新潟日報賞,4,エイムフォーエース,https://db.netkeiba.com/horse/2021104167/,2021104167,牡,5,58.0,高杉,,,2,2026/03/08,1阪神6,岸和田S(3勝クラス),,7,12,芝1600,芝,1600,良,9.0,14,125.8,33.7,0.4,58,13-12,1:33.2,酒井学,440(-2),晴,13.0,12.0,,12.0
2026-07-25-01-07,202604020107,2026-07-25,新潟,7,新潟日報賞,4,エイムフォーエース,https://db.netkeiba.com/horse/2021104167/,2021104167,牡,5,58.0,高杉,,,3,2026/02/15,1東京6,雲雀S(3勝クラス),,3,5,芝1600,芝,1600,良,12.0,12,57.9,32.9,0.8,58,14-16,1:34.8,佐々木大,442(-4),晴,14.0,16.0,,16.0
2026-07-25-01-07,202604020107,2026-07-25,新潟,7,新潟日報賞,4,エイムフォーエース,https://db.netkeiba.com/horse/2021104167/,2021104167,牡,5,58.0,高杉,,,4,2026/01/24,1京都8,4歳以上2勝クラス,,7,8,芝1400,芝,1400,良,1.0,4,5.9,33.2,-0.1,58,9-7,1:22.8,岩田望来,446(+8),晴,9.0,7.0,,7.0
2026-07-25-01-07,202604020107,2026-07-25,新潟,7,新潟日報賞,4,エイムフォーエース,https://db.netkeiba.com/horse/2021104167/,2021104167,牡,5,58.0,高杉,,,5,2025/12/28,5阪神8,フォーチュンC(2勝クラス),,8,12,芝1600,芝,1600,良,6.0,7,22.6,32.8,0.3,55,11-11,1:34.3,酒井学,438(0),晴,11.0,11.0,,11.0
2026-07-25-01-07,202604020107,2026-07-25,新潟,7,新潟日報賞,4,エイムフォーエース,https://db.netkeiba.com/horse/2021104167/,2021104167,牡,5,58.0,高杉,,,6,2025/12/07,5阪神2,3歳以上2勝クラス,,6,11,芝1400,芝,1400,良,4.0,16,152.7,33.8,0.2,58,14-15,1:20.1,酒井学,438(0),晴,14.0,15.0,,15.0
2026-07-25-01-07,202604020107,2026-07-25,新潟,7,新潟日報賞,4,エイムフォーエース,https://db.netkeiba.com/horse/2021104167/,2021104167,牡,5,58.0,高杉,,,7,2025/10/11,3京都3,宇治川特別(2勝クラス),,8,12,芝1400,芝,1400,良,11.0,11,71.4,33.4,0.4,58,13-9,1:20.7,酒井学,438(+2),晴,13.0,9.0,,9.0
2026-07-25-01-07,202604020107,2026-07-25,新潟,7,新潟日報賞,4,エイムフォーエース,https://db.netkeiba.com/horse/2021104167/,2021104167,牡,5,58.0,高杉,,,8,2025/09/27,4阪神8,3歳以上2勝クラス,,6,9,芝1600,芝,1600,良,6.0,10,194.5,33.7,0.6,58,9-8,1:34.0,酒井学,436(-10),晴,9.0,8.0,,8.0
2026-07-25-01-07,202604020107,2026-07-25,新潟,7,新潟日報賞,4,エイムフォーエース,https://db.netkeiba.com/horse/2021104167/,2021104167,牡,5,58.0,高杉,,,9,2025/09/07,2札幌6,HTB賞(2勝クラス),,6,10,芝1800,芝,1800,稍,10.0,11,64.1,36.7,0.8,58,14-13-12-13,1:50.4,小林美駒,446(+12),晴,14.0,13.0,12.0,13.0
2026-07-25-01-07,202604020107,2026-07-25,新潟,7,新潟日報賞,4,エイムフォーエース,https://db.netkeiba.com/horse/2021104167/,2021104167,牡,5,58.0,高杉,,,10,2025/07/27,2新潟2,豊栄特別(2勝クラス),,7,9,芝1600,芝,1600,良,10.0,8,32.7,33.2,1.1,55,9-8,1:32.9,キング,434(-4),晴,9.0,8.0,,8.0
2026-07-25-01-07,202604020107,2026-07-25,新潟,7,新潟日報賞,4,エイムフォーエース,https://db.netkeiba.com/horse/2021104167/,2021104167,牡,5,58.0,高杉,,,11,2025/05/31,2東京11,葉山特別(2勝クラス),,8,16,芝1600,芝,1600,重,12.0,14,89.7,36.4,1.6,58,14-13,1:37.5,北村宏司,438(-2),小雨,14.0,13.0,,13.0
2026-07-25-01-07,202604020107,2026-07-25,新潟,7,新潟日報賞,4,エイムフォーエース,https://db.netkeiba.com/horse/2021104167/,2021104167,牡,5,58.0,高杉,,,12,2025/05/18,2東京8,テレ玉杯(2勝クラス),,2,2,芝1600,芝,1600,良,7.0,6,10.1,33.3,0.9,58,9-8,1:34.4,三浦皇成,440(+4),曇,9.0,8.0,,8.0
2026-07-25-01-07,202604020107,2026-07-25,新潟,7,新潟日報賞,4,エイムフォーエース,https://db.netkeiba.com/horse/2021104167/,2021104167,牡,5,58.0,高杉,,,13,2025/05/04,2東京4,4歳以上2勝クラス,,8,8,芝1600,芝,1600,良,2.0,4,18.9,33.0,0.5,58,8-8,1:33.5,佐々木大,436(+4),晴,8.0,8.0,,8.0
2026-07-25-01-07,202604020107,2026-07-25,新潟,7,新潟日報賞,4,エイムフォーエース,https://db.netkeiba.com/horse/2021104167/,2021104167,牡,5,58.0,高杉,,,14,2025/04/05,2阪神3,4歳以上2勝クラス,,8,8,芝1800,芝,1800,良,6.0,6,43.8,34.0,1.0,58,6-6,1:46.2,団野大成,432(-8),晴,6.0,6.0,,6.0
2026-07-25-01-07,202604020107,2026-07-25,新潟,7,新潟日報賞,4,エイムフォーエース,https://db.netkeiba.com/horse/2021104167/,2021104167,牡,5,58.0,高杉,,,15,2025/03/29,3中山1,4歳以上2勝クラス,,2,2,芝1800,芝,1800,稍,7.0,8,26.3,36.1,0.7,58,12-12-11-10,1:50.8,三浦皇成,440(+2),雨,12.0,12.0,11.0,10.0
2026-07-25-01-07,202604020107,2026-07-25,新潟,7,新潟日報賞,4,エイムフォーエース,https://db.netkeiba.com/horse/2021104167/,2021104167,牡,5,58.0,高杉,,,16,2025/02/16,1東京6,4歳以上2勝クラス,,5,7,芝1600,芝,1600,良,8.0,5,14.6,33.7,0.9,58,13-12,1:34.8,三浦皇成,438(-8),晴,13.0,12.0,,12.0
2026-07-25-01-07,202604020107,2026-07-25,新潟,7,新潟日報賞,4,エイムフォーエース,https://db.netkeiba.com/horse/2021104167/,2021104167,牡,5,58.0,高杉,,,17,2025/01/06,1中京2,4歳以上2勝クラス,,5,9,芝1600,芝,1600,重,6.0,13,133.3,36.3,0.6,57,16-15-14,1:37.8,三浦皇成,446(+2),雨,16.0,15.0,14.0,14.0
2026-07-25-01-07,202604020107,2026-07-25,新潟,7,新潟日報賞,4,エイムフォーエース,https://db.netkeiba.com/horse/2021104167/,2021104167,牡,5,58.0,高杉,,,18,2024/12/22,7京都8,ジングルベル賞(2勝クラス),,6,11,芝1400,芝,1400,良,15.0,8,21.7,34.3,1.1,55,9-13,1:22.3,高杉吏麒,444(0),晴,9.0,13.0,,13.0
2026-07-25-01-07,202604020107,2026-07-25,新潟,7,新潟日報賞,4,エイムフォーエース,https://db.netkeiba.com/horse/2021104167/,2021104167,牡,5,58.0,高杉,,,19,2024/11/23,5東京7,3歳以上2勝クラス,,3,3,芝1600,芝,1600,良,7.0,6,11.8,34.3,0.5,57,5-5,1:34.2,マーカン,444(-8),晴,5.0,5.0,,5.0
2026-07-25-01-07,202604020107,2026-07-25,新潟,7,新潟日報賞,4,エイムフォーエース,https://db.netkeiba.com/horse/2021104167/,2021104167,牡,5,58.0,高杉,,,20,2024/11/10,6京都4,ドンカスターC(2勝クラス),,5,8,芝1400,芝,1400,良,4.0,9,24.5,34.4,0.4,57,5-6,1:21.1,酒井学,452(+14),曇,5.0,6.0,,6.0
2026-07-25-01-07,202604020107,2026-07-25,新潟,7,新潟日報賞,4,エイムフォーエース,https://db.netkeiba.com/horse/2021104167/,2021104167,牡,5,58.0,高杉,,,21,2024/05/29,船橋,若潮スプリント(重賞),,3,3,ダ1200,ダ,1200,重,7.0,3,4.2,38.5,1.6,56,11-11-10,1:15.7,吉原寛人,438(+10),晴,11.0,11.0,10.0,10.0
2026-07-25-01-07,202604020107,2026-07-25,新潟,7,新潟日報賞,4,エイムフォーエース,https://db.netkeiba.com/horse/2021104167/,2021104167,牡,5,58.0,高杉,,,22,2024/04/06,3中山5,ニュージーランドT(GII),,5,10,芝1600,芝,1600,稍,7.0,15,158.2,35.0,0.5,57,9-11-9,1:34.9,森泰斗,428(-2),曇,9.0,11.0,9.0,9.0
2026-07-25-01-07,202604020107,2026-07-25,新潟,7,新潟日報賞,4,エイムフォーエース,https://db.netkeiba.com/horse/2021104167/,2021104167,牡,5,58.0,高杉,,,23,2024/03/16,1中京3,中スポ賞ファルコンS(GIII),,7,13,芝1400,芝,1400,良,14.0,9,44.7,34.9,1.3,57,15-14,1:21.5,本田正重,430(0),晴,15.0,14.0,,14.0
2026-07-25-01-07,202604020107,2026-07-25,新潟,7,新潟日報賞,4,エイムフォーエース,https://db.netkeiba.com/horse/2021104167/,2021104167,牡,5,58.0,高杉,,,24,2024/01/27,1東京1,クロッカスS(L),,3,3,芝1400,芝,1400,良,4.0,9,119.5,33.0,0.1,57,8-8,1:21.0,本田正重,430(-4),晴,8.0,8.0,,8.0
2026-07-25-01-07,202604020107,2026-07-25,新潟,7,新潟日報賞,4,エイムフォーエース,https://db.netkeiba.com/horse/2021104167/,2021104167,牡,5,58.0,高杉,,,25,2024/01/06,1中山1,ジュニアC(L),,8,9,芝1600,芝,1600,良,6.0,10,268.5,33.5,0.8,57,10-10-10,1:33.3,本田正重,434(-9),晴,10.0,10.0,10.0,10.0
2026-07-25-01-07,202604020107,2026-07-25,新潟,7,新潟日報賞,4,エイムフォーエース,https://db.netkeiba.com/horse/2021104167/,2021104167,牡,5,58.0,高杉,,,26,2023/11/29,船橋,ジュニアスプリント(2歳),,3,3,ダ1200,ダ,1200,良,1.0,6,26.7,37.4,-0.1,55,8-7-8,1:14.7,山本聡哉,443(+5),晴,8.0,7.0,8.0,8.0
2026-07-25-01-07,202604020107,2026-07-25,新潟,7,新潟日報賞,4,エイムフォーエース,https://db.netkeiba.com/horse/2021104167/,2021104167,牡,5,58.0,高杉,,,27,2023/09/26,船橋,トーシンブリザード・(2歳),,5,5,ダ1600,ダ,1600,良,7.0,5,24.3,38.6,1.3,54,7-8-9-9,1:45.8,張田昂,438(+8),曇,7.0,8.0,9.0,9.0
2026-07-25-01-07,202604020107,2026-07-25,新潟,7,新潟日報賞,4,エイムフォーエース,https://db.netkeiba.com/horse/2021104167/,2021104167,牡,5,58.0,高杉,,,28,2023/08/06,船橋,2歳三　特選,,3,3,ダ1200,ダ,1200,良,1.0,4,7.4,40.3,-1.4,54,1-1-1,1:16.3,本田正重,430(0),晴,1.0,1.0,1.0,1.0
2026-07-25-01-07,202604020107,2026-07-25,新潟,7,新潟日報賞,4,エイムフォーエース,https://db.netkeiba.com/horse/2021104167/,2021104167,牡,5,58.0,高杉,,,29,2023/07/24,船橋,リアトリスデビュー(2歳),,2,2,ダ1500,ダ,1500,良,4.0,5,15.1,41.2,2.6,54,5-4-3-3,1:40.4,本田正重,430(0),晴,5.0,4.0,3.0,3.0
2026-07-25-01-07,202604020107,2026-07-25,新潟,7,新潟日報賞,5,エマヌエーレ,https://db.netkeiba.com/horse/2020103280/,2020103280,牡,6,58.0,鮫島駿,,,0,2026/05/31,3京都12,渡月橋S(3勝クラス),,4,7,芝1400,芝,1400,良,3.0,7,17.0,34.6,0.5,58,2-2,1:20.6,鮫島克駿,512(-2),晴,2.0,2.0,,2.0
2026-07-25-01-07,202604020107,2026-07-25,新潟,7,新潟日報賞,5,エマヌエーレ,https://db.netkeiba.com/horse/2020103280/,2020103280,牡,6,58.0,鮫島駿,,,1,2026/04/05,2阪神4,心斎橋S(3勝クラス),,4,8,芝1400,芝,1400,良,4.0,4,15.9,34.9,0.5,56,8-9,1:20.2,幸英明,514(-4),晴,8.0,9.0,,9.0
2026-07-25-01-07,202604020107,2026-07-25,新潟,7,新潟日報賞,5,エマヌエーレ,https://db.netkeiba.com/horse/2020103280/,2020103280,牡,6,58.0,鮫島駿,,,2,2026/02/14,1小倉7,下関S(3勝クラス),,5,10,芝1200,芝,1200,良,5.0,3,7.7,34.5,0.9,58,14-12,1:08.1,横山琉人,518(+4),曇,14.0,12.0,,12.0
2026-07-25-01-07,202604020107,2026-07-25,新潟,7,新潟日報賞,5,エマヌエーレ,https://db.netkeiba.com/horse/2020103280/,2020103280,牡,6,58.0,鮫島駿,,,3,2025/12/28,5阪神8,カウントダウンS(3勝クラス),,3,3,芝1200,芝,1200,良,5.0,4,6.8,33.3,0.3,58,5-5,1:08.7,和田竜二,514(+14),晴,5.0,5.0,,5.0
2026-07-25-01-07,202604020107,2026-07-25,新潟,7,新潟日報賞,5,エマヌエーレ,https://db.netkeiba.com/horse/2020103280/,2020103280,牡,6,58.0,鮫島駿,,,4,2025/11/15,5東京3,奥多摩S(3勝クラス),,1,1,芝1400,芝,1400,良,8.0,9,31.8,33.2,0.8,58,15-17,1:21.3,三浦皇成,500(0),晴,15.0,17.0,,17.0
2026-07-25-01-07,202604020107,2026-07-25,新潟,7,新潟日報賞,5,エマヌエーレ,https://db.netkeiba.com/horse/2020103280/,2020103280,牡,6,58.0,鮫島駿,,,5,2025/10/18,4新潟1,北陸S(3勝クラス),,8,16,芝1200,芝,1200,良,4.0,3,12.6,33.7,0.8,56,11-10,1:08.8,横山琉人,500(-10),曇,11.0,10.0,,10.0
2026-07-25-01-07,202604020107,2026-07-25,新潟,7,新潟日報賞,5,エマヌエーレ,https://db.netkeiba.com/horse/2020103280/,2020103280,牡,6,58.0,鮫島駿,,,6,2025/07/26,1札幌1,TVh賞(3勝クラス),,7,10,芝1200,芝,1200,良,5.0,5,13.8,33.6,0.7,56,7-8,1:08.1,池添謙一,510(-4),小雨,7.0,8.0,,8.0
2026-07-25-01-07,202604020107,2026-07-25,新潟,7,新潟日報賞,5,エマヌエーレ,https://db.netkeiba.com/horse/2020103280/,2020103280,牡,6,58.0,鮫島駿,,,7,2025/07/05,1函館7,TVh杯(3勝クラス),,3,4,芝1200,芝,1200,稍,4.0,10,31.8,34.4,0.3,58,6-5,1:09.6,池添謙一,514(0),晴,6.0,5.0,,5.0
2026-07-25-01-07,202604020107,2026-07-25,新潟,7,新潟日報賞,5,エマヌエーレ,https://db.netkeiba.com/horse/2020103280/,2020103280,牡,6,58.0,鮫島駿,,,8,2025/06/22,1函館4,UHB杯(3勝クラス),,4,7,芝1200,芝,1200,重,9.0,5,9.7,34.4,0.5,56,9-8,1:09.2,丹内祐次,514(+12),小雨,9.0,8.0,,8.0
2026-07-25-01-07,202604020107,2026-07-25,新潟,7,新潟日報賞,5,エマヌエーレ,https://db.netkeiba.com/horse/2020103280/,2020103280,牡,6,58.0,鮫島駿,,,9,2025/04/06,2阪神4,夢洲S(3勝クラス),,6,9,芝1600,芝,1600,良,8.0,9,20.9,33.7,0.7,58,7-7,1:33.0,和田竜二,502(-8),晴,7.0,7.0,,7.0
2026-07-25-01-07,202604020107,2026-07-25,新潟,7,新潟日報賞,5,エマヌエーレ,https://db.netkeiba.com/horse/2020103280/,2020103280,牡,6,58.0,鮫島駿,,,10,2025/03/09,1阪神4,淀屋橋S(3勝クラス),,8,11,芝1200,芝,1200,良,4.0,3,6.5,34.0,0.4,58,8-9,1:08.1,荻野極,510(+2),晴,8.0,9.0,,9.0
2026-07-25-01-07,202604020107,2026-07-25,新潟,7,新潟日報賞,5,エマヌエーレ,https://db.netkeiba.com/horse/2020103280/,2020103280,牡,6,58.0,鮫島駿,,,11,2025/02/15,1小倉7,下関S(3勝クラス),,2,4,芝1200,芝,1200,良,2.0,6,14.5,34.8,0.0,58,5-5,1:07.8,荻野極,508(0),曇,5.0,5.0,,5.0
2026-07-25-01-07,202604020107,2026-07-25,新潟,7,新潟日報賞,5,エマヌエーレ,https://db.netkeiba.com/horse/2020103280/,2020103280,牡,6,58.0,鮫島駿,,,12,2024/12/15,7京都6,東山S(3勝クラス),,7,14,芝1400,芝,1400,良,15.0,10,43.5,35.4,1.3,55,6-6,1:21.9,池添謙一,508(0),晴,6.0,6.0,,6.0
2026-07-25-01-07,202604020107,2026-07-25,新潟,7,新潟日報賞,5,エマヌエーレ,https://db.netkeiba.com/horse/2020103280/,2020103280,牡,6,58.0,鮫島駿,,,13,2024/08/31,2札幌7,アジア競馬連盟T(3勝クラス),,7,12,芝1500,芝,1500,重,11.0,8,19.5,37.2,1.4,58,4-4-4,1:31.4,池添謙一,508(+8),曇,4.0,4.0,4.0,4.0
2026-07-25-01-07,202604020107,2026-07-25,新潟,7,新潟日報賞,5,エマヌエーレ,https://db.netkeiba.com/horse/2020103280/,2020103280,牡,6,58.0,鮫島駿,,,14,2024/07/27,1札幌3,摩周湖特別(2勝クラス),,5,7,芝1500,芝,1500,良,1.0,8,13.9,34.4,-0.3,55,3-4-3,1:27.7,池添謙一,500(0),曇,3.0,4.0,3.0,3.0
2026-07-25-01-07,202604020107,2026-07-25,新潟,7,新潟日報賞,5,エマヌエーレ,https://db.netkeiba.com/horse/2020103280/,2020103280,牡,6,58.0,鮫島駿,,,15,2024/06/23,4京都8,瀬田特別(2勝クラス),,6,12,芝1400,芝,1400,重,9.0,9,35.0,35.2,1.4,55,3-3,1:22.6,和田竜二,500(+4),曇,3.0,3.0,,3.0
2026-07-25-01-07,202604020107,2026-07-25,新潟,7,新潟日報賞,5,エマヌエーレ,https://db.netkeiba.com/horse/2020103280/,2020103280,牡,6,58.0,鮫島駿,,,16,2024/05/25,3京都11,4歳以上2勝クラス,,1,1,芝1400,芝,1400,良,5.0,3,7.6,35.2,0.3,58,4-3,1:20.2,和田竜二,496(-10),晴,4.0,3.0,,3.0
2026-07-25-01-07,202604020107,2026-07-25,新潟,7,新潟日報賞,5,エマヌエーレ,https://db.netkeiba.com/horse/2020103280/,2020103280,牡,6,58.0,鮫島駿,,,17,2024/04/21,3京都2,4歳以上1勝クラス,,4,5,芝1400,芝,1400,良,1.0,6,10.5,34.9,0.0,58,4-4,1:21.5,和田竜二,506(-2),雨,4.0,4.0,,4.0
2026-07-25-01-07,202604020107,2026-07-25,新潟,7,新潟日報賞,5,エマヌエーレ,https://db.netkeiba.com/horse/2020103280/,2020103280,牡,6,58.0,鮫島駿,,,18,2023/12/17,5阪神6,3歳以上1勝クラス,,5,5,ダ1800,ダ,1800,稍,7.0,6,19.4,39.5,2.6,57,4-5-5-5,1:56.3,和田竜二,508(+2),晴,4.0,5.0,5.0,5.0
2026-07-25-01-07,202604020107,2026-07-25,新潟,7,新潟日報賞,5,エマヌエーレ,https://db.netkeiba.com/horse/2020103280/,2020103280,牡,6,58.0,鮫島駿,,,19,2023/12/03,5阪神2,3歳以上1勝クラス,,8,10,芝1800,芝,1800,良,7.0,4,7.9,35.4,0.9,57,3-2,1:46.9,和田竜二,506(+12),晴,3.0,2.0,,2.0
2026-07-25-01-07,202604020107,2026-07-25,新潟,7,新潟日報賞,5,エマヌエーレ,https://db.netkeiba.com/horse/2020103280/,2020103280,牡,6,58.0,鮫島駿,,,20,2023/10/22,2京都7,3歳以上1勝クラス,,7,13,芝1600,芝,1600,良,6.0,2,3.8,35.3,0.5,56,9-8,1:33.3,モレイラ,494(-2),晴,9.0,8.0,,8.0
2026-07-25-01-07,202604020107,2026-07-25,新潟,7,新潟日報賞,5,エマヌエーレ,https://db.netkeiba.com/horse/2020103280/,2020103280,牡,6,58.0,鮫島駿,,,21,2023/08/26,2札幌5,3歳以上1勝クラス,,4,6,芝1800,芝,1800,良,2.0,3,4.4,35.6,0.0,55,5-5-5-2,1:48.4,モレイラ,496(0),晴,5.0,5.0,5.0,2.0
2026-07-25-01-07,202604020107,2026-07-25,新潟,7,新潟日報賞,5,エマヌエーレ,https://db.netkeiba.com/horse/2020103280/,2020103280,牡,6,58.0,鮫島駿,,,22,2023/08/05,1札幌5,3歳以上1勝クラス,,8,13,芝1500,芝,1500,稍,6.0,5,8.5,34.8,0.4,55,8-12-9,1:31.3,北村友一,496(0),曇,8.0,12.0,9.0,9.0
2026-07-25-01-07,202604020107,2026-07-25,新潟,7,新潟日報賞,5,エマヌエーレ,https://db.netkeiba.com/horse/2020103280/,2020103280,牡,6,58.0,鮫島駿,,,23,2023/07/22,1札幌1,北辰特別(1勝クラス),,2,2,芝1800,芝,1800,良,5.0,4,6.7,34.0,0.3,55,7-7-7-7,1:47.7,北村友一,496(+6),晴,7.0,7.0,7.0,7.0
2026-07-25-01-07,202604020107,2026-07-25,新潟,7,新潟日報賞,5,エマヌエーレ,https://db.netkeiba.com/horse/2020103280/,2020103280,牡,6,58.0,鮫島駿,,,24,2023/07/02,2福島2,ラジオNIKKEI賞(GIII),,8,15,芝1800,芝,1800,良,14.0,14,93.6,36.1,1.3,54,4-5-5-5,1:48.2,石橋脩,490(+6),晴,4.0,5.0,5.0,5.0
2026-07-25-01-07,202604020107,2026-07-25,新潟,7,新潟日報賞,5,エマヌエーレ,https://db.netkeiba.com/horse/2020103280/,2020103280,牡,6,58.0,鮫島駿,,,25,2023/03/25,2阪神1,毎日杯(GIII),,7,10,芝1800,芝,1800,良,5.0,9,27.3,35.7,0.4,56,3-3,1:47.0,和田竜二,484(-12),曇,3.0,3.0,,3.0
2026-07-25-01-07,202604020107,2026-07-25,新潟,7,新潟日報賞,5,エマヌエーレ,https://db.netkeiba.com/horse/2020103280/,2020103280,牡,6,58.0,鮫島駿,,,26,2023/02/18,1阪神3,つばき賞(1勝クラス),,3,3,芝1800,芝,1800,良,2.0,10,90.1,34.1,0.3,56,1-1,1:47.3,和田竜二,496(-10),曇,1.0,1.0,,1.0
2026-07-25-01-07,202604020107,2026-07-25,新潟,7,新潟日報賞,5,エマヌエーレ,https://db.netkeiba.com/horse/2020103280/,2020103280,牡,6,58.0,鮫島駿,,,27,2023/01/28,1中京9,白梅賞(1勝クラス),,2,2,芝1600,芝,1600,良,5.0,4,11.0,35.5,1.7,56,4-3-4,1:35.0,和田竜二,506(+20),晴,4.0,3.0,4.0,4.0
2026-07-25-01-07,202604020107,2026-07-25,新潟,7,新潟日報賞,5,エマヌエーレ,https://db.netkeiba.com/horse/2020103280/,2020103280,牡,6,58.0,鮫島駿,,,28,2022/11/27,5東京8,ベゴニア賞(1勝クラス),,1,1,芝1600,芝,1600,良,6.0,4,12.6,33.3,0.6,55,10-10,1:35.2,菅原明良,486(-6),晴,10.0,10.0,,10.0
2026-07-25-01-07,202604020107,2026-07-25,新潟,7,新潟日報賞,5,エマヌエーレ,https://db.netkeiba.com/horse/2020103280/,2020103280,牡,6,58.0,鮫島駿,,,29,2022/10/15,4阪神4,紫菊賞(1勝クラス),,6,6,芝1800,芝,1800,良,6.0,3,5.8,34.5,0.8,55,2-2,1:48.1,松山弘平,492(+8),晴,2.0,2.0,,2.0
2026-07-25-01-07,202604020107,2026-07-25,新潟,7,新潟日報賞,5,エマヌエーレ,https://db.netkeiba.com/horse/2020103280/,2020103280,牡,6,58.0,鮫島駿,,,30,2022/08/27,3新潟5,2歳未勝利,,8,15,芝1600,芝,1600,良,1.0,2,3.0,34.9,-0.5,54,3-3,1:34.6,戸崎圭太,484(-2),晴,3.0,3.0,,3.0
2026-07-25-01-07,202604020107,2026-07-25,新潟,7,新潟日報賞,5,エマヌエーレ,https://db.netkeiba.com/horse/2020103280/,2020103280,牡,6,58.0,鮫島駿,,,31,2022/07/30,2新潟1,2歳新馬,,3,3,芝1600,芝,1600,良,3.0,6,16.0,32.5,0.5,54,1-1,1:36.3,松山弘平,486(0),晴,1.0,1.0,,1.0
2026-07-25-01-07,202604020107,2026-07-25,新潟,7,新潟日報賞,6,キタサンダムール,https://db.netkeiba.com/horse/2020102310/,2020102310,牝,6,56.0,田山,,,0,2026/05/31,3京都12,渡月橋S(3勝クラス),,3,6,芝1400,芝,1400,良,2.0,8,17.2,33.7,0.2,56,9-7,1:20.3,田山旺佑,490(+6),晴,9.0,7.0,,7.0
2026-07-25-01-07,202604020107,2026-07-25,新潟,7,新潟日報賞,6,キタサンダムール,https://db.netkeiba.com/horse/2020102310/,2020102310,牝,6,56.0,田山,,,1,2026/03/28,1中京5,マレーシアC(3勝クラス),,5,9,芝1600,芝,1600,良,10.0,12,44.9,34.4,0.8,56,8-6-6,1:33.0,国分恭介,484(-8),晴,8.0,6.0,6.0,6.0
2026-07-25-01-07,202604020107,2026-07-25,新潟,7,新潟日報賞,6,キタサンダムール,https://db.netkeiba.com/horse/2020102310/,2020102310,牝,6,56.0,田山,,,2,2026/02/22,1阪神2,戎橋S(3勝クラス),,3,3,芝1400,芝,1400,良,6.0,5,8.3,33.9,0.7,56,6-6,1:21.1,吉村誠之,492(0),晴,6.0,6.0,,6.0
2026-07-25-01-07,202604020107,2026-07-25,新潟,7,新潟日報賞,6,キタサンダムール,https://db.netkeiba.com/horse/2020102310/,2020102310,牝,6,56.0,田山,,,3,2026/01/25,1京都9,山城S(3勝クラス),,8,16,芝1400,芝,1400,良,4.0,5,8.4,33.9,0.0,55,5-7,1:21.9,武豊,492(-4),晴,5.0,7.0,,7.0
2026-07-25-01-07,202604020107,2026-07-25,新潟,7,新潟日報賞,6,キタサンダムール,https://db.netkeiba.com/horse/2020102310/,2020102310,牝,6,56.0,田山,,,4,2025/11/15,5東京3,奥多摩S(3勝クラス),,5,10,芝1400,芝,1400,良,9.0,2,3.8,34.1,0.8,56,6-6,1:21.3,ルメール,496(-4),晴,6.0,6.0,,6.0
2026-07-25-01-07,202604020107,2026-07-25,新潟,7,新潟日報賞,6,キタサンダムール,https://db.netkeiba.com/horse/2020102310/,2020102310,牝,6,56.0,田山,,,5,2025/10/25,3京都8,長岡京S(3勝クラス),,3,3,芝1400,芝,1400,良,3.0,5,9.4,33.8,0.1,56,4-4,1:20.3,岩田望来,500(+18),曇,4.0,4.0,,4.0
2026-07-25-01-07,202604020107,2026-07-25,新潟,7,新潟日報賞,6,キタサンダムール,https://db.netkeiba.com/horse/2020102310/,2020102310,牝,6,56.0,田山,,,6,2025/08/02,3中京3,豊明S(3勝クラス),,7,10,芝1400,芝,1400,良,,,,,,54,,,川田将雅,計不,晴,,,,
2026-07-25-01-07,202604020107,2026-07-25,新潟,7,新潟日報賞,6,キタサンダムール,https://db.netkeiba.com/horse/2020102310/,2020102310,牝,6,56.0,田山,,,7,2025/05/31,2京都11,4歳以上2勝クラス,,7,11,芝1400,芝,1400,良,1.0,3,5.2,33.8,-0.3,56,8-8,1:20.6,岩田望来,482(+8),曇,8.0,8.0,,8.0
2026-07-25-01-07,202604020107,2026-07-25,新潟,7,新潟日報賞,6,キタサンダムール,https://db.netkeiba.com/horse/2020102310/,2020102310,牝,6,56.0,田山,,,8,2025/05/17,1新潟5,4歳以上1勝クラス,,7,13,芝1400,芝,1400,稍,1.0,3,7.5,35.3,-0.3,56,3-3,1:23.2,岩田望来,474(-14),曇,3.0,3.0,,3.0
2026-07-25-01-07,202604020107,2026-07-25,新潟,7,新潟日報賞,6,キタサンダムール,https://db.netkeiba.com/horse/2020102310/,2020102310,牝,6,56.0,田山,,,9,2025/02/16,1京都6,4歳以上1勝クラス,,8,18,芝1600,芝,1600,稍,10.0,5,13.4,36.4,0.6,56,6-6,1:36.2,岩田望来,488(+4),曇,6.0,6.0,,6.0
2026-07-25-01-07,202604020107,2026-07-25,新潟,7,新潟日報賞,6,キタサンダムール,https://db.netkeiba.com/horse/2020102310/,2020102310,牝,6,56.0,田山,,,10,2025/02/01,1小倉3,4歳以上1勝クラス,,5,10,芝1800,芝,1800,稍,5.0,4,6.6,37.0,0.7,53,1-1-2-1,1:49.1,古川奈穂,484(-12),雨,1.0,1.0,2.0,1.0
2026-07-25-01-07,202604020107,2026-07-25,新潟,7,新潟日報賞,6,キタサンダムール,https://db.netkeiba.com/horse/2020102310/,2020102310,牝,6,56.0,田山,,,11,2024/12/28,7京都9,3歳以上1勝クラス,,5,9,芝1800,芝,1800,良,11.0,8,15.8,34.6,0.9,54,9-11,1:48.5,吉村誠之,496(+8),晴,9.0,11.0,,11.0
2026-07-25-01-07,202604020107,2026-07-25,新潟,7,新潟日報賞,6,キタサンダムール,https://db.netkeiba.com/horse/2020102310/,2020102310,牝,6,56.0,田山,,,12,2024/07/21,3小倉8,3歳以上1勝クラス,,7,9,芝1800,芝,1800,良,2.0,4,5.8,37.3,0.9,52,1-1-1-2,1:48.4,河原田菜,488(+4),曇,1.0,1.0,1.0,2.0
2026-07-25-01-07,202604020107,2026-07-25,新潟,7,新潟日報賞,6,キタサンダムール,https://db.netkeiba.com/horse/2020102310/,2020102310,牝,6,56.0,田山,,,13,2024/07/06,3小倉3,3歳以上1勝クラス,,1,1,芝1800,芝,1800,良,3.0,12,26.7,36.2,0.2,52,3-3-3-3,1:46.2,河原田菜,484(+12),晴,3.0,3.0,3.0,3.0
2026-07-25-01-07,202604020107,2026-07-25,新潟,7,新潟日報賞,6,キタサンダムール,https://db.netkeiba.com/horse/2020102310/,2020102310,牝,6,56.0,田山,,,14,2024/03/10,1阪神6,4歳以上1勝クラス,,3,3,芝1600,芝,1600,良,6.0,4,9.1,34.7,0.8,53,1-1,1:35.4,吉村誠之,472(-10),晴,1.0,1.0,,1.0
2026-07-25-01-07,202604020107,2026-07-25,新潟,7,新潟日報賞,6,キタサンダムール,https://db.netkeiba.com/horse/2020102310/,2020102310,牝,6,56.0,田山,,,15,2023/11/18,3京都5,3歳以上1勝クラス,,7,13,芝1600,芝,1600,稍,12.0,2,3.8,35.8,2.1,55,6-3,1:36.5,岩田望来,482(-10),晴,6.0,3.0,,3.0
2026-07-25-01-07,202604020107,2026-07-25,新潟,7,新潟日報賞,6,キタサンダムール,https://db.netkeiba.com/horse/2020102310/,2020102310,牝,6,56.0,田山,,,16,2023/10/28,2京都8,3歳以上1勝クラス,,6,6,芝1800,芝,1800,良,4.0,4,7.2,34.2,0.4,54,5-5,1:46.3,岩田望来,492(0),晴,5.0,5.0,,5.0
2026-07-25-01-07,202604020107,2026-07-25,新潟,7,新潟日報賞,6,キタサンダムール,https://db.netkeiba.com/horse/2020102310/,2020102310,牝,6,56.0,田山,,,17,2023/10/01,4阪神9,3歳以上1勝クラス,,6,12,芝1600,芝,1600,稍,3.0,6,13.8,33.5,0.2,54,7-8,1:33.9,岩田望来,492(+20),曇,7.0,8.0,,8.0
2026-07-25-01-07,202604020107,2026-07-25,新潟,7,新潟日報賞,6,キタサンダムール,https://db.netkeiba.com/horse/2020102310/,2020102310,牝,6,56.0,田山,,,18,2023/07/08,3中京3,3歳以上1勝クラス,,6,11,芝1600,芝,1600,良,7.0,1,2.9,34.5,0.6,53,16-16-16,1:33.8,川田将雅,472(+4),曇,16.0,16.0,16.0,16.0
2026-07-25-01-07,202604020107,2026-07-25,新潟,7,新潟日報賞,6,キタサンダムール,https://db.netkeiba.com/horse/2020102310/,2020102310,牝,6,56.0,田山,,,19,2023/05/20,2東京9,カーネーションC(1勝クラス),,8,12,芝1800,芝,1800,良,5.0,3,4.9,34.2,0.5,54,3-3-3,1:47.8,北村宏司,468(-4),曇,3.0,3.0,3.0,3.0
2026-07-25-01-07,202604020107,2026-07-25,新潟,7,新潟日報賞,6,キタサンダムール,https://db.netkeiba.com/horse/2020102310/,2020102310,牝,6,56.0,田山,,,20,2023/04/23,1京都2,3歳未勝利,,8,18,芝1800,芝,1800,良,1.0,1,2.8,34.6,0.0,54,7-7,1:46.8,岩田望来,472(+14),晴,7.0,7.0,,7.0
2026-07-25-01-07,202604020107,2026-07-25,新潟,7,新潟日報賞,6,キタサンダムール,https://db.netkeiba.com/horse/2020102310/,2020102310,牝,6,56.0,田山,,,21,2023/04/01,2阪神3,3歳未勝利,,8,18,芝1800,芝,1800,良,2.0,8,26.6,35.2,0.0,54,2-2,1:46.9,岩田望来,458(0),晴,2.0,2.0,,2.0
2026-07-25-01-07,202604020107,2026-07-25,新潟,7,新潟日報賞,7,コートアリシアン,https://db.netkeiba.com/horse/2022105326/,2022105326,牝,4,56.0,津村,,,0,2026/05/24,2東京10,フリーウェイS(3勝クラス),,3,3,芝1400,芝,1400,良,2.0,1,4.2,32.9,0.0,56,3-3,1:21.0,津村明秀,446(0),曇,3.0,3.0,,3.0
2026-07-25-01-07,202604020107,2026-07-25,新潟,7,新潟日報賞,7,コートアリシアン,https://db.netkeiba.com/horse/2022105326/,2022105326,牝,4,56.0,津村,,,1,2026/04/26,2東京2,湘南S(3勝クラス),,1,1,芝1400,芝,1400,良,3.0,1,2.7,32.4,0.3,56,9-9,1:20.4,津村明秀,446(+2),晴,9.0,9.0,,9.0
2026-07-25-01-07,202604020107,2026-07-25,新潟,7,新潟日報賞,7,コートアリシアン,https://db.netkeiba.com/horse/2022105326/,2022105326,牝,4,56.0,津村,,,2,2026/03/14,2中山5,幕張S(3勝クラス),,5,10,芝1600,芝,1600,良,5.0,2,4.0,34.8,0.2,56,3-3-3,1:32.5,佐々木大,444(-4),晴,3.0,3.0,3.0,3.0
2026-07-25-01-07,202604020107,2026-07-25,新潟,7,新潟日報賞,7,コートアリシアン,https://db.netkeiba.com/horse/2022105326/,2022105326,牝,4,56.0,津村,,,3,2026/01/18,1中山7,若潮S(3勝クラス),,3,5,芝1600,芝,1600,良,2.0,2,4.5,34.0,0.0,55,8-7-7,1:31.7,佐々木大,448(-6),晴,8.0,7.0,7.0,7.0
2026-07-25-01-07,202604020107,2026-07-25,新潟,7,新潟日報賞,7,コートアリシアン,https://db.netkeiba.com/horse/2022105326/,2022105326,牝,4,56.0,津村,,,4,2025/11/23,5東京5,秋色S(3勝クラス),,1,1,芝1600,芝,1600,良,2.0,2,3.6,33.5,0.2,54,11-8,1:32.1,佐々木大,454(+10),晴,11.0,8.0,,8.0
2026-07-25-01-07,202604020107,2026-07-25,新潟,7,新潟日報賞,7,コートアリシアン,https://db.netkeiba.com/horse/2022105326/,2022105326,牝,4,56.0,津村,,,5,2025/09/27,4中山8,秋風S(3勝クラス),,5,10,芝1600,芝,1600,良,8.0,1,3.1,34.5,0.5,54,6-7-7,1:33.4,菅原明良,444(+8),晴,6.0,7.0,7.0,7.0
2026-07-25-01-07,202604020107,2026-07-25,新潟,7,新潟日報賞,7,コートアリシアン,https://db.netkeiba.com/horse/2022105326/,2022105326,牝,4,56.0,津村,,,6,2025/07/27,2新潟2,豊栄特別(2勝クラス),,5,5,芝1600,芝,1600,良,1.0,2,3.2,32.9,-0.3,54,3-3,1:31.8,菅原明良,436(+4),晴,3.0,3.0,,3.0
2026-07-25-01-07,202604020107,2026-07-25,新潟,7,新潟日報賞,7,コートアリシアン,https://db.netkeiba.com/horse/2022105326/,2022105326,牝,4,56.0,津村,,,7,2025/05/11,2東京6,NHKマイルC(GI),,8,18,芝1600,芝,1600,良,10.0,11,45.4,34.1,0.7,55,18-18,1:32.4,菅原明良,432(-2),晴,18.0,18.0,,18.0
2026-07-25-01-07,202604020107,2026-07-25,新潟,7,新潟日報賞,7,コートアリシアン,https://db.netkeiba.com/horse/2022105326/,2022105326,牝,4,56.0,津村,,,8,2025/04/12,3中山5,ニュージーランドT(GII),,2,2,芝1600,芝,1600,良,3.0,5,14.8,33.8,0.2,55,6-6-7,1:32.6,菅原明良,434(-6),晴,6.0,6.0,7.0,7.0
2026-07-25-01-07,202604020107,2026-07-25,新潟,7,新潟日報賞,7,コートアリシアン,https://db.netkeiba.com/horse/2022105326/,2022105326,牝,4,56.0,津村,,,9,2025/02/15,1東京5,デイリー杯クイーンC(GIII),,7,12,芝1600,芝,1600,良,4.0,4,6.9,34.8,0.9,55,7-9,1:33.1,坂井瑠星,440(-2),晴,7.0,9.0,,9.0
2026-07-25-01-07,202604020107,2026-07-25,新潟,7,新潟日報賞,7,コートアリシアン,https://db.netkeiba.com/horse/2022105326/,2022105326,牝,4,56.0,津村,,,10,2024/12/08,7京都4,阪神ジュベナイルF(GI),,7,13,芝1600,芝,1600,良,6.0,3,7.1,34.4,0.8,55,17-16,1:34.2,戸崎圭太,442(+8),曇,17.0,16.0,,16.0
2026-07-25-01-07,202604020107,2026-07-25,新潟,7,新潟日報賞,7,コートアリシアン,https://db.netkeiba.com/horse/2022105326/,2022105326,牝,4,56.0,津村,,,11,2024/08/25,3新潟6,新潟2歳S(GIII),,6,6,芝1600,芝,1600,良,2.0,1,2.6,33.9,0.1,55,5-5,1:34.3,菅原明良,434(-4),曇,5.0,5.0,,5.0
2026-07-25-01-07,202604020107,2026-07-25,新潟,7,新潟日報賞,7,コートアリシアン,https://db.netkeiba.com/horse/2022105326/,2022105326,牝,4,56.0,津村,,,12,2024/06/08,3東京3,2歳新馬,,8,8,芝1600,芝,1600,良,1.0,2,3.5,33.3,-0.8,55,5-5,1:35.1,菅原明良,438(0),晴,5.0,5.0,,5.0
2026-07-25-01-07,202604020107,2026-07-25,新潟,7,新潟日報賞,8,スティールブルー,https://db.netkeiba.com/horse/2021105888/,2021105888,牝,5,56.0,古川吉,,,0,2026/06/21,1函館4,UHB杯(3勝クラス),,3,5,芝1200,芝,1200,良,9.0,7,14.3,34.8,0.6,53,8-8,1:08.5,古川吉洋,462(+4),小雨,8.0,8.0,,8.0
2026-07-25-01-07,202604020107,2026-07-25,新潟,7,新潟日報賞,8,スティールブルー,https://db.netkeiba.com/horse/2021105888/,2021105888,牝,5,56.0,古川吉,,,1,2026/03/29,3中山2,船橋S(3勝クラス),,3,4,芝1200,芝,1200,良,5.0,12,39.4,33.7,0.3,56,7-7,1:08.1,横山典弘,458(+2),晴,7.0,7.0,,7.0
2026-07-25-01-07,202604020107,2026-07-25,新潟,7,新潟日報賞,8,スティールブルー,https://db.netkeiba.com/horse/2021105888/,2021105888,牝,5,56.0,古川吉,,,2,2026/01/12,1中山5,初春S(3勝クラス),,2,4,ダ1200,ダ,1200,良,9.0,12,79.5,36.4,1.4,52,10-10,1:11.7,北村宏司,456(0),晴,10.0,10.0,,10.0
2026-07-25-01-07,202604020107,2026-07-25,新潟,7,新潟日報賞,8,スティールブルー,https://db.netkeiba.com/horse/2021105888/,2021105888,牝,5,56.0,古川吉,,,3,2025/10/12,4東京4,テレビ静岡賞(3勝クラス),,6,12,ダ1400,ダ,1400,良,14.0,10,34.6,36.8,2.5,56,8-12,1:26.4,丸山元気,456(-2),曇,8.0,12.0,,12.0
2026-07-25-01-07,202604020107,2026-07-25,新潟,7,新潟日報賞,8,スティールブルー,https://db.netkeiba.com/horse/2021105888/,2021105888,牝,5,56.0,古川吉,,,4,2025/08/03,3中京4,桶狭間S(3勝クラス),,3,6,ダ1400,ダ,1400,良,15.0,7,15.0,38.6,1.3,56,6-6,1:25.4,酒井学,458(+10),晴,6.0,6.0,,6.0
2026-07-25-01-07,202604020107,2026-07-25,新潟,7,新潟日報賞,8,スティールブルー,https://db.netkeiba.com/horse/2021105888/,2021105888,牝,5,56.0,古川吉,,,5,2025/06/08,3東京2,八王子特別(2勝クラス),,3,6,ダ1400,ダ,1400,良,1.0,6,16.1,35.9,0.0,56,8-7,1:23.7,北村宏司,448(+2),晴,8.0,7.0,,7.0
2026-07-25-01-07,202604020107,2026-07-25,新潟,7,新潟日報賞,8,スティールブルー,https://db.netkeiba.com/horse/2021105888/,2021105888,牝,5,56.0,古川吉,,,6,2025/05/10,2東京5,4歳以上2勝クラス,,1,2,ダ1400,ダ,1400,重,4.0,3,7.5,35.6,0.5,56,9-8,1:22.8,北村宏司,446(+8),晴,9.0,8.0,,8.0
2026-07-25-01-07,202604020107,2026-07-25,新潟,7,新潟日報賞,8,スティールブルー,https://db.netkeiba.com/horse/2021105888/,2021105888,牝,5,56.0,古川吉,,,7,2025/02/23,1東京8,4歳以上2勝クラス,,5,6,芝1400,芝,1400,良,7.0,3,4.6,35.1,0.7,56,4-3,1:22.0,キング,438(-2),晴,4.0,3.0,,3.0
2026-07-25-01-07,202604020107,2026-07-25,新潟,7,新潟日報賞,8,スティールブルー,https://db.netkeiba.com/horse/2021105888/,2021105888,牝,5,56.0,古川吉,,,8,2025/01/05,1中山1,4歳以上2勝クラス,,2,3,芝1200,芝,1200,良,7.0,1,2.9,34.4,1.1,56,6-8,1:08.2,マーカン,440(+4),晴,6.0,8.0,,8.0
2026-07-25-01-07,202604020107,2026-07-25,新潟,7,新潟日報賞,8,スティールブルー,https://db.netkeiba.com/horse/2021105888/,2021105888,牝,5,56.0,古川吉,,,9,2024/11/03,5東京2,3歳以上2勝クラス,,1,1,芝1400,芝,1400,良,3.0,1,2.4,33.5,0.1,55,4-4,1:21.1,戸崎圭太,436(-4),晴,4.0,4.0,,4.0
2026-07-25-01-07,202604020107,2026-07-25,新潟,7,新潟日報賞,8,スティールブルー,https://db.netkeiba.com/horse/2021105888/,2021105888,牝,5,56.0,古川吉,,,10,2024/08/10,3新潟1,新発田城特別(2勝クラス),,7,11,芝1400,芝,1400,良,3.0,1,1.8,34.5,0.1,53,5-5,1:20.4,戸崎圭太,440(+4),晴,5.0,5.0,,5.0
2026-07-25-01-07,202604020107,2026-07-25,新潟,7,新潟日報賞,8,スティールブルー,https://db.netkeiba.com/horse/2021105888/,2021105888,牝,5,56.0,古川吉,,,11,2024/05/25,2東京11,3歳1勝クラス,,6,10,芝1400,芝,1400,良,1.0,1,1.7,33.4,-0.4,55,2-2,1:21.0,ルメール,436(+6),晴,2.0,2.0,,2.0
2026-07-25-01-07,202604020107,2026-07-25,新潟,7,新潟日報賞,8,スティールブルー,https://db.netkeiba.com/horse/2021105888/,2021105888,牝,5,56.0,古川吉,,,12,2024/03/02,1阪神3,チューリップ賞(GII),,5,9,芝1600,芝,1600,稍,10.0,2,4.1,35.6,0.8,55,4-4,1:33.9,川田将雅,430(0),曇,4.0,4.0,,4.0
2026-07-25-01-07,202604020107,2026-07-25,新潟,7,新潟日報賞,8,スティールブルー,https://db.netkeiba.com/horse/2021105888/,2021105888,牝,5,56.0,古川吉,,,13,2024/01/07,1中山2,フェアリーS(GIII),,4,6,芝1600,芝,1600,良,4.0,1,2.4,34.3,0.1,55,8-12-11,1:34.1,ルメール,430(-2),曇,8.0,12.0,11.0,11.0
2026-07-25-01-07,202604020107,2026-07-25,新潟,7,新潟日報賞,8,スティールブルー,https://db.netkeiba.com/horse/2021105888/,2021105888,牝,5,56.0,古川吉,,,14,2023/10/28,4東京8,アルテミスS(GIII),,8,9,芝1600,芝,1600,良,3.0,4,11.0,33.8,0.4,55,3-3,1:34.0,荻野極,432(+2),晴,3.0,3.0,,3.0
2026-07-25-01-07,202604020107,2026-07-25,新潟,7,新潟日報賞,8,スティールブルー,https://db.netkeiba.com/horse/2021105888/,2021105888,牝,5,56.0,古川吉,,,15,2023/08/26,3新潟5,2歳新馬,,8,17,芝1600,芝,1600,良,1.0,3,4.7,32.9,-0.4,55,8-8,1:36.4,荻野極,430(0),晴,8.0,8.0,,8.0
2026-07-25-01-07,202604020107,2026-07-25,新潟,7,新潟日報賞,9,スマイルアップ,https://db.netkeiba.com/horse/2019103815/,2019103815,牝,7,56.0,松岡,,,0,2026/07/11,2福島5,会津S(3勝クラス),,5,5,芝1200,芝,1200,良,3.0,4,10.7,34.3,0.2,53,2-2,1:08.0,松岡正海,458(-2),曇,2.0,2.0,,2.0
2026-07-25-01-07,202604020107,2026-07-25,新潟,7,新潟日報賞,9,スマイルアップ,https://db.netkeiba.com/horse/2019103815/,2019103815,牝,7,56.0,松岡,,,1,2026/06/21,3東京6,多摩川S(3勝クラス),,7,14,芝1400,芝,1400,稍,3.0,16,326.1,34.0,0.4,56,4-4,1:21.5,松岡正海,460(-2),曇,4.0,4.0,,4.0
2026-07-25-01-07,202604020107,2026-07-25,新潟,7,新潟日報賞,9,スマイルアップ,https://db.netkeiba.com/horse/2019103815/,2019103815,牝,7,56.0,松岡,,,2,2026/01/25,1中山9,江戸川S(3勝クラス),,3,5,ダ1200,ダ,1200,良,14.0,14,128.5,38.7,1.3,56,3-5,1:12.8,原優介,462(-6),晴,3.0,5.0,,5.0
2026-07-25-01-07,202604020107,2026-07-25,新潟,7,新潟日報賞,9,スマイルアップ,https://db.netkeiba.com/horse/2019103815/,2019103815,牝,7,56.0,松岡,,,3,2025/10/12,4東京4,テレビ静岡賞(3勝クラス),,7,13,ダ1400,ダ,1400,良,13.0,16,156.9,36.5,2.0,56,8-9,1:25.9,原優介,468(+12),曇,8.0,9.0,,9.0
2026-07-25-01-07,202604020107,2026-07-25,新潟,7,新潟日報賞,9,スマイルアップ,https://db.netkeiba.com/horse/2019103815/,2019103815,牝,7,56.0,松岡,,,4,2025/05/18,2東京8,BSイレブン賞(3勝クラス),,7,13,ダ1400,ダ,1400,重,14.0,14,81.9,37.7,1.5,56,2-2,1:24.3,原優介,456(-2),曇,2.0,2.0,,2.0
2026-07-25-01-07,202604020107,2026-07-25,新潟,7,新潟日報賞,9,スマイルアップ,https://db.netkeiba.com/horse/2019103815/,2019103815,牝,7,56.0,松岡,,,5,2025/03/22,2中山7,4歳以上2勝クラス,,6,11,ダ1200,ダ,1200,稍,1.0,15,279.9,36.4,0.0,56,6-6,1:11.4,原優介,458(0),晴,6.0,6.0,,6.0
2026-07-25-01-07,202604020107,2026-07-25,新潟,7,新潟日報賞,9,スマイルアップ,https://db.netkeiba.com/horse/2019103815/,2019103815,牝,7,56.0,松岡,,,6,2025/03/16,2中山6,4歳以上2勝クラス,,1,1,ダ1200,ダ,1200,不,15.0,15,126.9,38.4,1.2,56,6-7,1:12.1,原優介,458(-4),小雨,6.0,7.0,,7.0
2026-07-25-01-07,202604020107,2026-07-25,新潟,7,新潟日報賞,9,スマイルアップ,https://db.netkeiba.com/horse/2019103815/,2019103815,牝,7,56.0,松岡,,,7,2024/12/22,5中山8,冬至特別(2勝クラス),,7,13,ダ1200,ダ,1200,良,11.0,15,194.7,38.5,0.9,56,7-8,1:12.5,内田博幸,462(+2),晴,7.0,8.0,,8.0
2026-07-25-01-07,202604020107,2026-07-25,新潟,7,新潟日報賞,9,スマイルアップ,https://db.netkeiba.com/horse/2019103815/,2019103815,牝,7,56.0,松岡,,,8,2024/10/22,浦和,ミズナラ賞(A2B1),,7,8,ダ1400,ダ,1400,良,11.0,6,21.7,40.2,2.7,55,4-4-4-6,1:30.2,笹川翼,460(+10),曇,4.0,4.0,4.0,6.0
2026-07-25-01-07,202604020107,2026-07-25,新潟,7,新潟日報賞,9,スマイルアップ,https://db.netkeiba.com/horse/2019103815/,2019103815,牝,7,56.0,松岡,,,9,2024/05/25,2東京11,富嶽賞(2勝クラス),,3,5,ダ1400,ダ,1400,良,12.0,11,61.4,36.2,2.2,56,14-15,1:26.1,藤田菜七,450(-10),晴,14.0,15.0,,15.0
2026-07-25-01-07,202604020107,2026-07-25,新潟,7,新潟日報賞,9,スマイルアップ,https://db.netkeiba.com/horse/2019103815/,2019103815,牝,7,56.0,松岡,,,10,2024/04/28,2東京4,4歳以上2勝クラス,,1,2,ダ1400,ダ,1400,良,,10,46.6,,,53,16,,長浜鴻緒,460(0),晴,16.0,,,16.0
2026-07-25-01-07,202604020107,2026-07-25,新潟,7,新潟日報賞,9,スマイルアップ,https://db.netkeiba.com/horse/2019103815/,2019103815,牝,7,56.0,松岡,,,11,2024/04/06,3中山5,4歳以上1勝クラス,,4,7,ダ1200,ダ,1200,稍,1.0,4,5.4,37.1,-0.2,54,1-1,1:11.8,藤田菜七,460(-2),曇,1.0,1.0,,1.0
2026-07-25-01-07,202604020107,2026-07-25,新潟,7,新潟日報賞,9,スマイルアップ,https://db.netkeiba.com/horse/2019103815/,2019103815,牝,7,56.0,松岡,,,12,2024/03/09,2中山5,4歳以上1勝クラス,,6,11,ダ1200,ダ,1200,重,5.0,3,5.8,37.4,0.2,54,7-7,1:11.4,藤田菜七,462(+6),晴,7.0,7.0,,7.0
2026-07-25-01-07,202604020107,2026-07-25,新潟,7,新潟日報賞,9,スマイルアップ,https://db.netkeiba.com/horse/2019103815/,2019103815,牝,7,56.0,松岡,,,13,2024/02/25,2中山2,4歳以上1勝クラス,,5,10,ダ1200,ダ,1200,稍,3.0,3,7.8,38.2,0.4,54,2-2,1:11.8,藤田菜七,456(+10),小雨,2.0,2.0,,2.0
2026-07-25-01-07,202604020107,2026-07-25,新潟,7,新潟日報賞,9,スマイルアップ,https://db.netkeiba.com/horse/2019103815/,2019103815,牝,7,56.0,松岡,,,14,2023/11/05,3福島2,3歳以上1勝クラス,,7,9,ダ1150,ダ,1150,良,7.0,2,4.0,37.5,0.9,56,4-4,1:09.7,丹内祐次,446(+2),曇,4.0,4.0,,4.0
2026-07-25-01-07,202604020107,2026-07-25,新潟,7,新潟日報賞,9,スマイルアップ,https://db.netkeiba.com/horse/2019103815/,2019103815,牝,7,56.0,松岡,,,15,2023/10/21,4新潟3,3歳以上1勝クラス,,6,10,ダ1200,ダ,1200,重,3.0,2,3.0,36.6,0.7,56,5-5,1:11.3,丹内祐次,444(-6),小雨,5.0,5.0,,5.0
2026-07-25-01-07,202604020107,2026-07-25,新潟,7,新潟日報賞,9,スマイルアップ,https://db.netkeiba.com/horse/2019103815/,2019103815,牝,7,56.0,松岡,,,16,2023/09/30,4中山8,3歳以上1勝クラス,,3,6,ダ1200,ダ,1200,良,2.0,3,6.7,37.0,0.9,56,3-2,1:11.1,丹内祐次,450(+6),晴,3.0,2.0,,2.0
2026-07-25-01-07,202604020107,2026-07-25,新潟,7,新潟日報賞,9,スマイルアップ,https://db.netkeiba.com/horse/2019103815/,2019103815,牝,7,56.0,松岡,,,17,2023/09/09,4中山1,3歳以上1勝クラス,,3,6,ダ1200,ダ,1200,重,4.0,4,5.7,37.3,0.7,56,3-3,1:11.9,内田博幸,444(+2),晴,3.0,3.0,,3.0
2026-07-25-01-07,202604020107,2026-07-25,新潟,7,新潟日報賞,9,スマイルアップ,https://db.netkeiba.com/horse/2019103815/,2019103815,牝,7,56.0,松岡,,,18,2023/08/20,3新潟4,3歳以上1勝クラス,,3,5,ダ1200,ダ,1200,良,10.0,1,3.9,38.5,0.7,56,1-1,1:13.5,内田博幸,442(+2),晴,1.0,1.0,,1.0
2026-07-25-01-07,202604020107,2026-07-25,新潟,7,新潟日報賞,9,スマイルアップ,https://db.netkeiba.com/horse/2019103815/,2019103815,牝,7,56.0,松岡,,,19,2023/05/21,1新潟8,4歳以上1勝クラス,,6,10,ダ1200,ダ,1200,良,3.0,1,2.8,37.6,0.2,56,3-3,1:11.7,丹内祐次,440(-4),晴,3.0,3.0,,3.0
2026-07-25-01-07,202604020107,2026-07-25,新潟,7,新潟日報賞,9,スマイルアップ,https://db.netkeiba.com/horse/2019103815/,2019103815,牝,7,56.0,松岡,,,20,2023/05/07,1新潟4,4歳以上1勝クラス,,2,2,ダ1200,ダ,1200,不,2.0,1,2.3,36.9,0.5,56,7-7,1:11.9,丹内祐次,444(+2),雨,7.0,7.0,,7.0
2026-07-25-01-07,202604020107,2026-07-25,新潟,7,新潟日報賞,9,スマイルアップ,https://db.netkeiba.com/horse/2019103815/,2019103815,牝,7,56.0,松岡,,,21,2023/04/08,3中山5,4歳以上1勝クラス,,3,4,ダ1200,ダ,1200,稍,3.0,3,5.0,37.3,0.5,56,1-1,1:11.0,内田博幸,442(-2),小雨,1.0,1.0,,1.0
2026-07-25-01-07,202604020107,2026-07-25,新潟,7,新潟日報賞,9,スマイルアップ,https://db.netkeiba.com/horse/2019103815/,2019103815,牝,7,56.0,松岡,,,22,2023/03/11,2中山5,4歳以上1勝クラス,,6,9,ダ1200,ダ,1200,良,4.0,1,2.2,37.3,0.3,56,2-2,1:11.6,内田博幸,444(-8),晴,2.0,2.0,,2.0
2026-07-25-01-07,202604020107,2026-07-25,新潟,7,新潟日報賞,9,スマイルアップ,https://db.netkeiba.com/horse/2019103815/,2019103815,牝,7,56.0,松岡,,,23,2023/01/22,1中山8,4歳以上1勝クラス,,2,4,ダ1200,ダ,1200,良,3.0,8,34.2,37.5,0.2,56,4-3,1:11.3,内田博幸,452(0),曇,4.0,3.0,,3.0
2026-07-25-01-07,202604020107,2026-07-25,新潟,7,新潟日報賞,9,スマイルアップ,https://db.netkeiba.com/horse/2019103815/,2019103815,牝,7,56.0,松岡,,,24,2023/01/08,1中山3,4歳以上1勝クラス,,4,8,ダ1200,ダ,1200,良,3.0,7,36.1,37.5,0.3,56,4-3,1:12.0,内田博幸,452(+14),晴,4.0,3.0,,3.0
2026-07-25-01-07,202604020107,2026-07-25,新潟,7,新潟日報賞,9,スマイルアップ,https://db.netkeiba.com/horse/2019103815/,2019103815,牝,7,56.0,松岡,,,25,2022/12/04,6中京2,3歳以上1勝クラス,,3,6,ダ1200,ダ,1200,良,9.0,12,169.3,36.9,0.6,54,12-12,1:13.7,古川吉洋,438(-8),晴,12.0,12.0,,12.0
2026-07-25-01-07,202604020107,2026-07-25,新潟,7,新潟日報賞,9,スマイルアップ,https://db.netkeiba.com/horse/2019103815/,2019103815,牝,7,56.0,松岡,,,26,2022/11/13,3福島4,3歳以上1勝クラス,,7,13,芝1200,芝,1200,良,15.0,12,46.6,35.4,1.1,52,13-14,1:11.4,小林脩斗,446(+10),曇,13.0,14.0,,14.0
2026-07-25-01-07,202604020107,2026-07-25,新潟,7,新潟日報賞,9,スマイルアップ,https://db.netkeiba.com/horse/2019103815/,2019103815,牝,7,56.0,松岡,,,27,2022/08/28,2札幌6,小樽特別(1勝クラス),,4,7,芝1200,芝,1200,良,14.0,13,76.2,36.4,1.4,52,4-3,1:10.6,丹内祐次,436(+6),晴,4.0,3.0,,3.0
2026-07-25-01-07,202604020107,2026-07-25,新潟,7,新潟日報賞,9,スマイルアップ,https://db.netkeiba.com/horse/2019103815/,2019103815,牝,7,56.0,松岡,,,28,2022/08/13,2札幌1,3歳以上1勝クラス,,6,11,芝1200,芝,1200,稍,12.0,8,27.2,36.4,1.0,52,5-7,1:11.2,斎藤新,430(0),晴,5.0,7.0,,7.0
2026-07-25-01-07,202604020107,2026-07-25,新潟,7,新潟日報賞,9,スマイルアップ,https://db.netkeiba.com/horse/2019103815/,2019103815,牝,7,56.0,松岡,,,29,2022/08/07,1札幌6,3歳以上1勝クラス,,1,1,芝1200,芝,1200,良,8.0,8,13.1,34.8,0.7,52,3-3,1:09.5,丹内祐次,430(+8),晴,3.0,3.0,,3.0
2026-07-25-01-07,202604020107,2026-07-25,新潟,7,新潟日報賞,9,スマイルアップ,https://db.netkeiba.com/horse/2019103815/,2019103815,牝,7,56.0,松岡,,,30,2022/04/16,3中山7,3歳1勝クラス,,4,8,芝1200,芝,1200,重,3.0,13,106.2,35.5,0.3,54,5-5,1:09.0,木幡巧也,422(-12),晴,5.0,5.0,,5.0
2026-07-25-01-07,202604020107,2026-07-25,新潟,7,新潟日報賞,9,スマイルアップ,https://db.netkeiba.com/horse/2019103815/,2019103815,牝,7,56.0,松岡,,,31,2022/02/12,1東京5,デイリー杯クイーンC(GIII),,8,16,芝1600,芝,1600,良,13.0,16,473.7,35.7,1.3,54,1-1,1:35.4,野中悠太,434(-4),晴,1.0,1.0,,1.0
2026-07-25-01-07,202604020107,2026-07-25,新潟,7,新潟日報賞,9,スマイルアップ,https://db.netkeiba.com/horse/2019103815/,2019103815,牝,7,56.0,松岡,,,32,2022/01/09,1中山3,朱竹賞(1勝クラス),,7,9,芝1200,芝,1200,良,7.0,10,47.3,36.0,1.0,54,6-5,1:09.8,丹内祐次,438(+6),晴,6.0,5.0,,5.0
2026-07-25-01-07,202604020107,2026-07-25,新潟,7,新潟日報賞,9,スマイルアップ,https://db.netkeiba.com/horse/2019103815/,2019103815,牝,7,56.0,松岡,,,33,2021/11/06,2福島1,2歳未勝利,,2,3,芝1200,芝,1200,良,1.0,7,19.3,35.2,-0.1,54,3-3,1:09.3,丹内祐次,432(+12),晴,3.0,3.0,,3.0
2026-07-25-01-07,202604020107,2026-07-25,新潟,7,新潟日報賞,9,スマイルアップ,https://db.netkeiba.com/horse/2019103815/,2019103815,牝,7,56.0,松岡,,,34,2021/07/10,1函館3,2歳未勝利,,7,7,芝1200,芝,1200,良,6.0,6,15.0,36.3,0.8,54,2-2,1:10.6,丹内祐次,420(-6),曇,2.0,2.0,,2.0
2026-07-25-01-07,202604020107,2026-07-25,新潟,7,新潟日報賞,9,スマイルアップ,https://db.netkeiba.com/horse/2019103815/,2019103815,牝,7,56.0,松岡,,,35,2021/06/26,1札幌5,2歳未勝利,,8,13,芝1200,芝,1200,良,4.0,4,14.1,35.6,0.7,54,3-2,1:09.7,丹内祐次,426(+4),晴,3.0,2.0,,2.0
2026-07-25-01-07,202604020107,2026-07-25,新潟,7,新潟日報賞,9,スマイルアップ,https://db.netkeiba.com/horse/2019103815/,2019103815,牝,7,56.0,松岡,,,36,2021/06/12,1札幌1,2歳新馬,,1,1,芝1000,芝,1000,良,5.0,8,42.8,33.5,0.5,54,6-5,0:57.4,丹内祐次,422(0),曇,6.0,5.0,,5.0
2026-07-25-01-07,202604020107,2026-07-25,新潟,7,新潟日報賞,10,チューラワンサ,https://db.netkeiba.com/horse/2022104918/,2022104918,牝,4,56.0,原,,,0,2026/04/26,2東京2,湘南S(3勝クラス),,8,15,芝1400,芝,1400,良,12.0,7,11.4,33.5,1.0,54,6-7,1:21.1,原優介,432(-6),晴,6.0,7.0,,7.0
2026-07-25-01-07,202604020107,2026-07-25,新潟,7,新潟日報賞,10,チューラワンサ,https://db.netkeiba.com/horse/2022104918/,2022104918,牝,4,56.0,原,,,1,2026/01/25,1京都9,山城S(3勝クラス),,6,11,芝1400,芝,1400,良,13.0,1,4.6,35.0,0.8,54,2-4,1:22.7,北村友一,438(+6),晴,2.0,4.0,,4.0
2026-07-25-01-07,202604020107,2026-07-25,新潟,7,新潟日報賞,10,チューラワンサ,https://db.netkeiba.com/horse/2022104918/,2022104918,牝,4,56.0,原,,,2,2025/12/07,5阪神2,3歳以上2勝クラス,,8,17,芝1400,芝,1400,良,1.0,2,4.0,34.4,-0.2,54,9-8,1:19.9,吉村誠之,432(-4),晴,9.0,8.0,,8.0
2026-07-25-01-07,202604020107,2026-07-25,新潟,7,新潟日報賞,10,チューラワンサ,https://db.netkeiba.com/horse/2022104918/,2022104918,牝,4,56.0,原,,,3,2025/10/05,4東京2,tvk賞(2勝クラス),,3,5,芝1400,芝,1400,良,5.0,1,3.8,33.8,0.3,54,12-10,1:20.1,西村淳也,436(+12),曇,12.0,10.0,,10.0
2026-07-25-01-07,202604020107,2026-07-25,新潟,7,新潟日報賞,10,チューラワンサ,https://db.netkeiba.com/horse/2022104918/,2022104918,牝,4,56.0,原,,,4,2025/06/08,3阪神2,3歳以上1勝クラス,,8,16,芝1400,芝,1400,良,1.0,2,5.0,34.9,-0.4,53,8-5,1:20.3,北村友一,424(+14),曇,8.0,5.0,,5.0
2026-07-25-01-07,202604020107,2026-07-25,新潟,7,新潟日報賞,10,チューラワンサ,https://db.netkeiba.com/horse/2022104918/,2022104918,牝,4,56.0,原,,,5,2025/03/23,1阪神8,3歳1勝クラス,,8,12,芝1200,芝,1200,良,6.0,3,4.8,34.0,0.3,55,11-10,1:08.5,川田将雅,410(-6),晴,11.0,10.0,,10.0
2026-07-25-01-07,202604020107,2026-07-25,新潟,7,新潟日報賞,10,チューラワンサ,https://db.netkeiba.com/horse/2022104918/,2022104918,牝,4,56.0,原,,,6,2025/02/08,1東京3,春菜賞(1勝クラス),,5,10,芝1400,芝,1400,良,4.0,2,3.9,34.7,0.1,55,4-4,1:21.9,キング,416(+2),晴,4.0,4.0,,4.0
2026-07-25-01-07,202604020107,2026-07-25,新潟,7,新潟日報賞,10,チューラワンサ,https://db.netkeiba.com/horse/2022104918/,2022104918,牝,4,56.0,原,,,7,2024/10/27,4東京8,2歳未勝利,,8,11,芝1400,芝,1400,良,1.0,4,7.8,34.3,-0.2,55,2-2,1:20.7,Ｃ．デム,414(+2),晴,2.0,2.0,,2.0
2026-07-25-01-07,202604020107,2026-07-25,新潟,7,新潟日報賞,10,チューラワンサ,https://db.netkeiba.com/horse/2022104918/,2022104918,牝,4,56.0,原,,,8,2024/09/01,2中京8,2歳新馬,,8,10,芝1400,芝,1400,重,4.0,2,4.8,35.8,1.1,55,3-7,1:23.7,西村淳也,412(0),雨,3.0,7.0,,7.0
2026-07-25-01-07,202604020107,2026-07-25,新潟,7,新潟日報賞,11,ピコローズ,https://db.netkeiba.com/horse/2022101765/,2022101765,牝,4,56.0,三浦,,,0,2026/05/24,2東京10,フリーウェイS(3勝クラス),,7,11,芝1400,芝,1400,良,8.0,5,6.9,32.8,0.4,56,5-6,1:21.4,三浦皇成,444(+2),曇,5.0,6.0,,6.0
2026-07-25-01-07,202604020107,2026-07-25,新潟,7,新潟日報賞,11,ピコローズ,https://db.netkeiba.com/horse/2022101765/,2022101765,牝,4,56.0,三浦,,,1,2026/03/14,2中山5,幕張S(3勝クラス),,3,5,芝1600,芝,1600,良,6.0,5,15.1,34.2,0.3,54,9-9-10,1:32.6,三浦皇成,442(0),晴,9.0,9.0,10.0,10.0
2026-07-25-01-07,202604020107,2026-07-25,新潟,7,新潟日報賞,11,ピコローズ,https://db.netkeiba.com/horse/2022101765/,2022101765,牝,4,56.0,三浦,,,2,2026/02/22,1東京8,4歳以上2勝クラス,,3,6,芝1400,芝,1400,良,1.0,2,5.6,33.7,-0.1,56,8-7,1:20.9,三浦皇成,442(0),晴,8.0,7.0,,7.0
2026-07-25-01-07,202604020107,2026-07-25,新潟,7,新潟日報賞,11,ピコローズ,https://db.netkeiba.com/horse/2022101765/,2022101765,牝,4,56.0,三浦,,,3,2025/12/21,5中山6,3歳以上2勝クラス,,7,14,芝1600,芝,1600,重,2.0,1,4.3,35.3,0.0,55,5-6-5,1:34.5,マーカン,442(+2),雨,5.0,6.0,5.0,5.0
2026-07-25-01-07,202604020107,2026-07-25,新潟,7,新潟日報賞,11,ピコローズ,https://db.netkeiba.com/horse/2022101765/,2022101765,牝,4,56.0,三浦,,,4,2025/11/23,5東京5,3歳以上2勝クラス,,6,12,芝1400,芝,1400,良,2.0,5,10.6,32.6,0.1,55,12-12,1:20.6,三浦皇成,440(+6),曇,12.0,12.0,,12.0
2026-07-25-01-07,202604020107,2026-07-25,新潟,7,新潟日報賞,11,ピコローズ,https://db.netkeiba.com/horse/2022101765/,2022101765,牝,4,56.0,三浦,,,5,2025/09/14,4中山4,御宿特別(2勝クラス),,3,3,芝1600,芝,1600,良,5.0,4,5.9,32.8,0.5,54,3-6-6,1:34.0,佐々木大,434(+2),曇,3.0,6.0,6.0,6.0
2026-07-25-01-07,202604020107,2026-07-25,新潟,7,新潟日報賞,11,ピコローズ,https://db.netkeiba.com/horse/2022101765/,2022101765,牝,4,56.0,三浦,,,6,2025/08/17,1札幌8,3歳以上1勝クラス,,4,5,芝1500,芝,1500,稍,1.0,1,3.4,35.4,0.0,53,3-3-2,1:29.9,佐々木大,432(0),雨,3.0,3.0,2.0,2.0
2026-07-25-01-07,202604020107,2026-07-25,新潟,7,新潟日報賞,11,ピコローズ,https://db.netkeiba.com/horse/2022101765/,2022101765,牝,4,56.0,三浦,,,7,2025/05/03,2東京3,スイートピーS(L),,1,1,芝1800,芝,1800,良,9.0,8,35.4,34.3,0.8,55,4-4-4,1:46.7,田辺裕信,432(-4),晴,4.0,4.0,4.0,4.0
2026-07-25-01-07,202604020107,2026-07-25,新潟,7,新潟日報賞,11,ピコローズ,https://db.netkeiba.com/horse/2022101765/,2022101765,牝,4,56.0,三浦,,,8,2025/03/15,2中山5,アネモネS(L),,8,12,芝1600,芝,1600,良,5.0,2,4.4,35.0,0.2,55,5-6-5,1:35.9,田辺裕信,436(0),曇,5.0,6.0,5.0,5.0
2026-07-25-01-07,202604020107,2026-07-25,新潟,7,新潟日報賞,11,ピコローズ,https://db.netkeiba.com/horse/2022101765/,2022101765,牝,4,56.0,三浦,,,9,2025/01/18,1中山6,菜の花賞(1勝クラス),,8,16,芝1600,芝,1600,良,2.0,7,31.7,34.8,0.2,55,1-2-2,1:33.4,田辺裕信,436(+2),晴,1.0,2.0,2.0,2.0
2026-07-25-01-07,202604020107,2026-07-25,新潟,7,新潟日報賞,11,ピコローズ,https://db.netkeiba.com/horse/2022101765/,2022101765,牝,4,56.0,三浦,,,10,2024/12/07,4中京3,つわぶき賞(1勝クラス),,2,2,芝1400,芝,1400,良,3.0,5,11.9,35.7,0.2,55,8-6,1:22.1,田辺裕信,434(0),曇,8.0,6.0,,6.0
2026-07-25-01-07,202604020107,2026-07-25,新潟,7,新潟日報賞,11,ピコローズ,https://db.netkeiba.com/horse/2022101765/,2022101765,牝,4,56.0,三浦,,,11,2024/10/05,5京都1,りんどう賞(1勝クラス),,8,10,芝1400,芝,1400,良,5.0,9,36.0,33.8,0.3,55,10-9,1:22.1,北村友一,434(0),晴,10.0,9.0,,9.0
2026-07-25-01-07,202604020107,2026-07-25,新潟,7,新潟日報賞,11,ピコローズ,https://db.netkeiba.com/horse/2022101765/,2022101765,牝,4,56.0,三浦,,,12,2024/09/01,2札幌8,シンガポールTC賞(OP),,1,1,芝1200,芝,1200,稍,4.0,6,20.8,35.9,0.4,55,5-4,1:10.5,永野猛蔵,434(+10),晴,5.0,4.0,,4.0
2026-07-25-01-07,202604020107,2026-07-25,新潟,7,新潟日報賞,11,ピコローズ,https://db.netkeiba.com/horse/2022101765/,2022101765,牝,4,56.0,三浦,,,13,2024/07/06,1函館9,2歳新馬,,4,4,芝1200,芝,1200,良,1.0,5,8.0,35.6,-0.2,55,4-4,1:10.8,佐々木大,424(0),曇,4.0,4.0,,4.0
2026-07-25-01-07,202604020107,2026-07-25,新潟,7,新潟日報賞,12,フライングブレード,https://db.netkeiba.com/horse/2020100906/,2020100906,牡,6,58.0,石橋脩,,,0,2026/06/21,3東京6,多摩川S(3勝クラス),,4,8,芝1400,芝,1400,稍,5.0,14,174.3,33.9,0.5,58,5-5,1:21.6,石橋脩,494(+2),曇,5.0,5.0,,5.0
2026-07-25-01-07,202604020107,2026-07-25,新潟,7,新潟日報賞,12,フライングブレード,https://db.netkeiba.com/horse/2020100906/,2020100906,牡,6,58.0,石橋脩,,,1,2026/03/08,1阪神6,岸和田S(3勝クラス),,2,2,芝1600,芝,1600,良,12.0,12,62.1,34.9,0.8,58,4-4,1:33.6,浜中俊,492(-8),晴,4.0,4.0,,4.0
2026-07-25-01-07,202604020107,2026-07-25,新潟,7,新潟日報賞,12,フライングブレード,https://db.netkeiba.com/horse/2020100906/,2020100906,牡,6,58.0,石橋脩,,,2,2026/02/10,2京都4,石清水S(3勝クラス),,4,5,芝1600,芝,1600,良,5.0,10,26.9,34.3,0.3,58,6-5,1:33.1,浜中俊,500(+4),曇,6.0,5.0,,5.0
2026-07-25-01-07,202604020107,2026-07-25,新潟,7,新潟日報賞,12,フライングブレード,https://db.netkeiba.com/horse/2020100906/,2020100906,牡,6,58.0,石橋脩,,,3,2026/01/11,1京都4,新春S(3勝クラス),,8,15,芝1600,芝,1600,良,3.0,14,279.0,34.4,0.6,58,4-4,1:33.4,吉田隼人,496(0),曇,4.0,4.0,,4.0
2026-07-25-01-07,202604020107,2026-07-25,新潟,7,新潟日報賞,12,フライングブレード,https://db.netkeiba.com/horse/2020100906/,2020100906,牡,6,58.0,石橋脩,,,4,2025/12/21,5阪神6,六甲アイランドS(3勝クラス),,8,14,芝1400,芝,1400,重,9.0,14,359.3,34.8,0.4,58,3-2,1:22.0,菱田裕二,496(+4),小雨,3.0,2.0,,2.0
2026-07-25-01-07,202604020107,2026-07-25,新潟,7,新潟日報賞,12,フライングブレード,https://db.netkeiba.com/horse/2020100906/,2020100906,牡,6,58.0,石橋脩,,,5,2025/12/06,5中京1,飛騨S(3勝クラス),,5,5,芝1400,芝,1400,良,8.0,10,108.5,33.6,0.9,58,11-10,1:20.3,小沢大仁,492(0),晴,11.0,10.0,,10.0
2026-07-25-01-07,202604020107,2026-07-25,新潟,7,新潟日報賞,12,フライングブレード,https://db.netkeiba.com/horse/2020100906/,2020100906,牡,6,58.0,石橋脩,,,6,2025/11/23,5東京5,秋色S(3勝クラス),,4,8,芝1600,芝,1600,良,12.0,15,218.1,33.8,0.8,54,13-13,1:32.7,吉田隼人,492(+6),晴,13.0,13.0,,13.0
2026-07-25-01-07,202604020107,2026-07-25,新潟,7,新潟日報賞,12,フライングブレード,https://db.netkeiba.com/horse/2020100906/,2020100906,牡,6,58.0,石橋脩,,,7,2025/10/25,3京都8,長岡京S(3勝クラス),,7,11,芝1400,芝,1400,良,13.0,8,47.6,34.5,1.4,58,8-8,1:21.6,浜中俊,486(+4),曇,8.0,8.0,,8.0
2026-07-25-01-07,202604020107,2026-07-25,新潟,7,新潟日報賞,12,フライングブレード,https://db.netkeiba.com/horse/2020100906/,2020100906,牡,6,58.0,石橋脩,,,8,2025/06/22,3東京6,多摩川S(3勝クラス),,3,5,芝1400,芝,1400,良,16.0,13,69.5,36.0,2.1,58,3-4,1:23.3,団野大成,482(-10),晴,3.0,4.0,,4.0
2026-07-25-01-07,202604020107,2026-07-25,新潟,7,新潟日報賞,12,フライングブレード,https://db.netkeiba.com/horse/2020100906/,2020100906,牡,6,58.0,石橋脩,,,9,2025/02/23,1東京8,4歳以上2勝クラス,,6,8,芝1400,芝,1400,良,1.0,9,39.2,34.5,-0.1,58,2-3,1:21.3,浜中俊,492(0),晴,2.0,3.0,,3.0
2026-07-25-01-07,202604020107,2026-07-25,新潟,7,新潟日報賞,12,フライングブレード,https://db.netkeiba.com/horse/2020100906/,2020100906,牡,6,58.0,石橋脩,,,10,2025/02/02,1京都2,4歳以上1勝クラス,,8,18,芝1400,芝,1400,稍,1.0,8,15.9,34.3,0.0,58,6-6,1:23.0,三浦皇成,492(0),曇,6.0,6.0,,6.0
2026-07-25-01-07,202604020107,2026-07-25,新潟,7,新潟日報賞,12,フライングブレード,https://db.netkeiba.com/horse/2020100906/,2020100906,牡,6,58.0,石橋脩,,,11,2025/01/12,1中京4,4歳以上1勝クラス,,6,11,芝1400,芝,1400,良,4.0,7,20.0,35.0,0.8,58,12-11,1:22.7,浜中俊,492(+2),曇,12.0,11.0,,11.0
2026-07-25-01-07,202604020107,2026-07-25,新潟,7,新潟日報賞,12,フライングブレード,https://db.netkeiba.com/horse/2020100906/,2020100906,牡,6,58.0,石橋脩,,,12,2024/12/07,4中京3,3歳以上1勝クラス,,6,11,芝1200,芝,1200,良,6.0,3,6.3,33.9,0.7,58,12-11,1:10.5,浜中俊,490(-2),曇,12.0,11.0,,11.0
2026-07-25-01-07,202604020107,2026-07-25,新潟,7,新潟日報賞,12,フライングブレード,https://db.netkeiba.com/horse/2020100906/,2020100906,牡,6,58.0,石橋脩,,,13,2024/08/10,2札幌1,3歳以上1勝クラス,,3,6,芝1200,芝,1200,良,9.0,10,24.3,34.6,0.8,56,14-14,1:09.4,小林勝太,492(+6),晴,14.0,14.0,,14.0
2026-07-25-01-07,202604020107,2026-07-25,新潟,7,新潟日報賞,12,フライングブレード,https://db.netkeiba.com/horse/2020100906/,2020100906,牡,6,58.0,石橋脩,,,14,2024/07/14,1函館12,3歳以上1勝クラス,,2,3,芝1200,芝,1200,良,12.0,2,4.1,35.8,0.5,58,2-2,1:09.5,池添謙一,486(-4),晴,2.0,2.0,,2.0
2026-07-25-01-07,202604020107,2026-07-25,新潟,7,新潟日報賞,12,フライングブレード,https://db.netkeiba.com/horse/2020100906/,2020100906,牡,6,58.0,石橋脩,,,15,2024/06/29,1函館7,長万部特別(1勝クラス),,4,4,芝1200,芝,1200,良,7.0,4,8.4,34.1,0.5,58,11-11,1:09.2,藤岡佑介,490(+2),晴,11.0,11.0,,11.0
2026-07-25-01-07,202604020107,2026-07-25,新潟,7,新潟日報賞,12,フライングブレード,https://db.netkeiba.com/horse/2020100906/,2020100906,牡,6,58.0,石橋脩,,,16,2024/02/24,2小倉5,秋吉台特別(1勝クラス),,4,5,芝1200,芝,1200,稍,3.0,2,3.1,35.0,0.5,58,3-2,1:09.7,和田竜二,488(0),晴,3.0,2.0,,2.0
2026-07-25-01-07,202604020107,2026-07-25,新潟,7,新潟日報賞,12,フライングブレード,https://db.netkeiba.com/horse/2020100906/,2020100906,牡,6,58.0,石橋脩,,,17,2023/12/09,4中京3,3歳以上1勝クラス,,3,4,芝1200,芝,1200,良,2.0,1,2.7,34.2,0.1,57,4-4,1:08.1,和田竜二,488(0),晴,4.0,4.0,,4.0
2026-07-25-01-07,202604020107,2026-07-25,新潟,7,新潟日報賞,12,フライングブレード,https://db.netkeiba.com/horse/2020100906/,2020100906,牡,6,58.0,石橋脩,,,18,2023/11/19,3福島6,3歳以上1勝クラス,,2,4,芝1200,芝,1200,良,2.0,1,3.4,35.3,0.1,56,8-6,1:10.7,角田大和,488(-4),曇,8.0,6.0,,6.0
2026-07-25-01-07,202604020107,2026-07-25,新潟,7,新潟日報賞,12,フライングブレード,https://db.netkeiba.com/horse/2020100906/,2020100906,牡,6,58.0,石橋脩,,,19,2023/11/04,3福島1,3歳以上1勝クラス,,8,10,芝1200,芝,1200,良,3.0,1,3.5,35.6,0.1,57,2-2,1:09.9,松田大作,492(+24),曇,2.0,2.0,,2.0
2026-07-25-01-07,202604020107,2026-07-25,新潟,7,新潟日報賞,12,フライングブレード,https://db.netkeiba.com/horse/2020100906/,2020100906,牡,6,58.0,石橋脩,,,20,2023/07/08,3中京3,3歳未勝利,,7,15,芝1200,芝,1200,良,1.0,1,2.4,34.2,-0.1,56,5-5,1:08.1,和田竜二,468(-4),曇,5.0,5.0,,5.0
2026-07-25-01-07,202604020107,2026-07-25,新潟,7,新潟日報賞,12,フライングブレード,https://db.netkeiba.com/horse/2020100906/,2020100906,牡,6,58.0,石橋脩,,,21,2023/06/10,3阪神3,3歳未勝利,,1,1,芝1200,芝,1200,良,2.0,3,6.0,33.9,0.1,56,3-3,1:08.1,和田竜二,472(-6),晴,3.0,3.0,,3.0
2026-07-25-01-07,202604020107,2026-07-25,新潟,7,新潟日報賞,12,フライングブレード,https://db.netkeiba.com/horse/2020100906/,2020100906,牡,6,58.0,石橋脩,,,22,2023/04/02,2阪神4,3歳未勝利,,7,14,ダ1400,ダ,1400,良,6.0,4,13.2,39.2,1.3,56,6-6,1:27.5,和田竜二,478(+4),晴,6.0,6.0,,6.0
2026-07-25-01-07,202604020107,2026-07-25,新潟,7,新潟日報賞,12,フライングブレード,https://db.netkeiba.com/horse/2020100906/,2020100906,牡,6,58.0,石橋脩,,,23,2023/03/11,1阪神9,3歳未勝利,,8,15,ダ1400,ダ,1400,良,4.0,5,12.6,37.2,1.5,56,13-12,1:27.1,和田竜二,474(-4),晴,13.0,12.0,,12.0
2026-07-25-01-07,202604020107,2026-07-25,新潟,7,新潟日報賞,12,フライングブレード,https://db.netkeiba.com/horse/2020100906/,2020100906,牡,6,58.0,石橋脩,,,24,2023/02/25,1阪神5,3歳未勝利,,3,6,ダ1400,ダ,1400,稍,6.0,3,4.6,38.6,1.5,56,8-8,1:26.1,和田竜二,478(+4),晴,8.0,8.0,,8.0
2026-07-25-01-07,202604020107,2026-07-25,新潟,7,新潟日報賞,12,フライングブレード,https://db.netkeiba.com/horse/2020100906/,2020100906,牡,6,58.0,石橋脩,,,25,2023/01/08,1中京3,3歳未勝利,,1,1,ダ1400,ダ,1400,良,6.0,7,17.1,37.7,1.3,56,15-14,1:27.5,和田竜二,474(-2),晴,15.0,14.0,,14.0
2026-07-25-01-07,202604020107,2026-07-25,新潟,7,新潟日報賞,12,フライングブレード,https://db.netkeiba.com/horse/2020100906/,2020100906,牡,6,58.0,石橋脩,,,26,2022/12/11,6阪神4,2歳未勝利,,6,7,ダ1400,ダ,1400,良,3.0,4,9.2,37.9,1.0,55,8-7,1:26.5,和田竜二,476(+4),晴,8.0,7.0,,7.0
2026-07-25-01-07,202604020107,2026-07-25,新潟,7,新潟日報賞,12,フライングブレード,https://db.netkeiba.com/horse/2020100906/,2020100906,牡,6,58.0,石橋脩,,,27,2022/11/12,5阪神3,2歳新馬,,3,3,芝1600,芝,1600,良,7.0,9,24.4,35.2,1.1,55,5-8,1:35.6,和田竜二,472(0),晴,5.0,8.0,,8.0
2026-07-25-01-07,202604020107,2026-07-25,新潟,7,新潟日報賞,13,ポッドロワール,https://db.netkeiba.com/horse/2022101573/,2022101573,牡,4,58.0,荻野極,,,0,2026/03/29,3中山2,船橋S(3勝クラス),,2,2,芝1200,芝,1200,良,15.0,3,5.4,33.8,0.9,58,12-13,1:08.7,荻野極,510(0),晴,12.0,13.0,,13.0
2026-07-25-01-07,202604020107,2026-07-25,新潟,7,新潟日報賞,13,ポッドロワール,https://db.netkeiba.com/horse/2022101573/,2022101573,牡,4,58.0,荻野極,,,1,2026/03/08,2中山4,4歳以上2勝クラス,,8,16,芝1200,芝,1200,良,1.0,4,7.1,34.4,0.0,58,6-5,1:08.7,荻野極,510(-4),晴,6.0,5.0,,5.0
2026-07-25-01-07,202604020107,2026-07-25,新潟,7,新潟日報賞,13,ポッドロワール,https://db.netkeiba.com/horse/2022101573/,2022101573,牡,4,58.0,荻野極,,,2,2026/02/22,1東京8,4歳以上2勝クラス,,6,11,芝1400,芝,1400,良,2.0,6,11.8,34.1,0.1,58,5-5,1:21.0,岩田望来,514(+10),晴,5.0,5.0,,5.0
2026-07-25-01-07,202604020107,2026-07-25,新潟,7,新潟日報賞,13,ポッドロワール,https://db.netkeiba.com/horse/2022101573/,2022101573,牡,4,58.0,荻野極,,,3,2025/11/09,5東京2,3歳以上2勝クラス,,7,15,芝1400,芝,1400,良,2.0,4,6.9,33.0,0.1,57,10-10,1:21.5,荻野極,504(0),曇,10.0,10.0,,10.0
2026-07-25-01-07,202604020107,2026-07-25,新潟,7,新潟日報賞,13,ポッドロワール,https://db.netkeiba.com/horse/2022101573/,2022101573,牡,4,58.0,荻野極,,,4,2025/10/05,4東京2,tvk賞(2勝クラス),,8,18,芝1400,芝,1400,良,6.0,4,9.7,34.5,0.4,56,3-3,1:20.2,荻野極,504(+10),曇,3.0,3.0,,3.0
2026-07-25-01-07,202604020107,2026-07-25,新潟,7,新潟日報賞,13,ポッドロワール,https://db.netkeiba.com/horse/2022101573/,2022101573,牡,4,58.0,荻野極,,,5,2025/08/30,3新潟3,新発田城特別(1勝クラス),,8,18,芝1400,芝,1400,良,1.0,7,19.2,34.6,-0.5,55,4-4,1:20.7,荻野極,494(-2),晴,4.0,4.0,,4.0
2026-07-25-01-07,202604020107,2026-07-25,新潟,7,新潟日報賞,13,ポッドロワール,https://db.netkeiba.com/horse/2022101573/,2022101573,牡,4,58.0,荻野極,,,6,2025/05/31,2東京11,3歳1勝クラス,,7,8,芝1400,芝,1400,稍,9.0,7,12.1,34.9,1.1,57,11-10,1:24.4,木幡巧也,496(+2),小雨,11.0,10.0,,10.0
2026-07-25-01-07,202604020107,2026-07-25,新潟,7,新潟日報賞,13,ポッドロワール,https://db.netkeiba.com/horse/2022101573/,2022101573,牡,4,58.0,荻野極,,,7,2025/05/10,2東京5,3歳未勝利,,6,12,芝1400,芝,1400,稍,1.0,5,16.8,34.6,-0.2,57,6-5,1:22.1,木幡巧也,494(+2),曇,6.0,5.0,,5.0
2026-07-25-01-07,202604020107,2026-07-25,新潟,7,新潟日報賞,13,ポッドロワール,https://db.netkeiba.com/horse/2022101573/,2022101573,牡,4,58.0,荻野極,,,8,2025/04/12,3中山5,3歳未勝利,,6,8,ダ1800,ダ,1800,稍,11.0,6,8.7,40.9,2.8,57,4-4-4-5,1:57.7,原優介,492(-4),晴,4.0,4.0,4.0,5.0
2026-07-25-01-07,202604020107,2026-07-25,新潟,7,新潟日報賞,13,ポッドロワール,https://db.netkeiba.com/horse/2022101573/,2022101573,牡,4,58.0,荻野極,,,9,2025/02/08,1東京3,3歳未勝利,,1,2,芝2400,芝,2400,良,9.0,5,12.6,36.5,1.6,57,3-3-3-2,2:28.5,キング,496(-2),晴,3.0,3.0,3.0,2.0
2026-07-25-01-07,202604020107,2026-07-25,新潟,7,新潟日報賞,13,ポッドロワール,https://db.netkeiba.com/horse/2022101573/,2022101573,牡,4,58.0,荻野極,,,10,2025/01/12,1中山4,3歳未勝利,,8,17,芝2000,芝,2000,良,6.0,5,8.3,36.7,0.6,57,1-1-1-1,2:02.6,キング,498(+6),曇,1.0,1.0,1.0,1.0
2026-07-25-01-07,202604020107,2026-07-25,新潟,7,新潟日報賞,13,ポッドロワール,https://db.netkeiba.com/horse/2022101573/,2022101573,牡,4,58.0,荻野極,,,11,2024/11/03,5東京2,2歳未勝利,,1,1,ダ1600,ダ,1600,重,9.0,1,3.5,40.4,2.3,56,2-2,1:39.3,池添謙一,492(+2),晴,2.0,2.0,,2.0
2026-07-25-01-07,202604020107,2026-07-25,新潟,7,新潟日報賞,13,ポッドロワール,https://db.netkeiba.com/horse/2022101573/,2022101573,牡,4,58.0,荻野極,,,12,2024/10/19,4東京5,2歳未勝利,,3,3,芝2000,芝,2000,良,5.0,4,10.5,35.8,1.4,56,2-3-2,2:00.1,池添謙一,490(+2),晴,2.0,3.0,2.0,2.0
2026-07-25-01-07,202604020107,2026-07-25,新潟,7,新潟日報賞,13,ポッドロワール,https://db.netkeiba.com/horse/2022101573/,2022101573,牡,4,58.0,荻野極,,,13,2024/09/28,4中山8,2歳未勝利,,8,15,芝2000,芝,2000,良,4.0,8,36.8,36.5,0.4,55,3-3-4-4,2:02.6,石川裕紀,488(+6),曇,3.0,3.0,4.0,4.0
2026-07-25-01-07,202604020107,2026-07-25,新潟,7,新潟日報賞,13,ポッドロワール,https://db.netkeiba.com/horse/2022101573/,2022101573,牡,4,58.0,荻野極,,,14,2024/09/01,3新潟8,2歳未勝利,,5,5,芝2000,芝,2000,良,3.0,5,15.8,36.7,0.3,55,1-1-1-1,2:01.8,石川裕紀,482(+6),晴,1.0,1.0,1.0,1.0
2026-07-25-01-07,202604020107,2026-07-25,新潟,7,新潟日報賞,13,ポッドロワール,https://db.netkeiba.com/horse/2022101573/,2022101573,牡,4,58.0,荻野極,,,15,2024/06/30,2福島2,2歳新馬,,2,3,芝1800,芝,1800,良,11.0,4,7.0,35.7,1.5,55,9-10-14-14,1:51.4,Ｍ．デム,476(0),曇,9.0,10.0,14.0,14.0
2026-07-25-01-07,202604020107,2026-07-25,新潟,7,新潟日報賞,14,ボンヌソワレ,https://db.netkeiba.com/horse/2022105435/,2022105435,牝,4,56.0,津村,,,0,2026/04/26,2東京2,4歳以上2勝クラス,,3,3,芝1400,芝,1400,良,1.0,1,3.1,33.5,0.0,56,5-3,1:20.7,津村明秀,460(+4),晴,5.0,3.0,,3.0
2026-07-25-01-07,202604020107,2026-07-25,新潟,7,新潟日報賞,14,ボンヌソワレ,https://db.netkeiba.com/horse/2022105435/,2022105435,牝,4,56.0,津村,,,1,2026/03/28,1中京5,フィリピンT(2勝クラス),,1,2,芝1400,芝,1400,良,5.0,2,3.9,34.0,0.2,56,3-3,1:21.2,斎藤新,456(-6),晴,3.0,3.0,,3.0
2026-07-25-01-07,202604020107,2026-07-25,新潟,7,新潟日報賞,14,ボンヌソワレ,https://db.netkeiba.com/horse/2022105435/,2022105435,牝,4,56.0,津村,,,2,2026/02/22,1東京8,4歳以上2勝クラス,,4,7,芝1400,芝,1400,良,3.0,7,18.4,34.9,0.2,56,2-2,1:21.1,津村明秀,462(+6),晴,2.0,2.0,,2.0
2026-07-25-01-07,202604020107,2026-07-25,新潟,7,新潟日報賞,14,ボンヌソワレ,https://db.netkeiba.com/horse/2022105435/,2022105435,牝,4,56.0,津村,,,3,2025/12/06,5中山1,3歳以上2勝クラス,,7,13,芝1200,芝,1200,良,10.0,3,4.4,33.7,0.6,55,6-5,1:08.1,津村明秀,456(+10),晴,6.0,5.0,,5.0
2026-07-25-01-07,202604020107,2026-07-25,新潟,7,新潟日報賞,14,ボンヌソワレ,https://db.netkeiba.com/horse/2022105435/,2022105435,牝,4,56.0,津村,,,4,2025/09/21,4阪神7,北摂特別(2勝クラス),,8,10,芝1200,芝,1200,良,4.0,1,2.0,33.5,0.4,54,6-6,1:08.6,川田将雅,446(+2),曇,6.0,6.0,,6.0
2026-07-25-01-07,202604020107,2026-07-25,新潟,7,新潟日報賞,14,ボンヌソワレ,https://db.netkeiba.com/horse/2022105435/,2022105435,牝,4,56.0,津村,,,5,2025/07/05,2福島3,3歳以上1勝クラス,,8,15,芝1200,芝,1200,良,1.0,1,3.1,35.1,-0.1,53,5-4,1:09.4,津村明秀,444(+2),晴,5.0,4.0,,4.0
2026-07-25-01-07,202604020107,2026-07-25,新潟,7,新潟日報賞,14,ボンヌソワレ,https://db.netkeiba.com/horse/2022105435/,2022105435,牝,4,56.0,津村,,,6,2025/06/14,3東京3,3歳以上1勝クラス,,8,17,芝1400,芝,1400,良,2.0,1,1.9,34.6,0.0,53,4-4,1:21.9,ディー,442(0),小雨,4.0,4.0,,4.0
2026-07-25-01-07,202604020107,2026-07-25,新潟,7,新潟日報賞,14,ボンヌソワレ,https://db.netkeiba.com/horse/2022105435/,2022105435,牝,4,56.0,津村,,,7,2025/04/13,2阪神6,桜花賞(GI),,3,5,芝1600,芝,1600,稍,12.0,13,77.3,36.2,2.0,55,4-4,1:35.1,川田将雅,442(-6),雨,4.0,4.0,,4.0
2026-07-25-01-07,202604020107,2026-07-25,新潟,7,新潟日報賞,14,ボンヌソワレ,https://db.netkeiba.com/horse/2022105435/,2022105435,牝,4,56.0,津村,,,8,2025/03/08,1阪神3,フィリーズレビュー(GII),,3,5,芝1400,芝,1400,良,3.0,7,9.7,35.6,0.1,55,4-4,1:20.8,川田将雅,448(-2),曇,4.0,4.0,,4.0
2026-07-25-01-07,202604020107,2026-07-25,新潟,7,新潟日報賞,14,ボンヌソワレ,https://db.netkeiba.com/horse/2022105435/,2022105435,牝,4,56.0,津村,,,9,2025/02/08,1東京3,春菜賞(1勝クラス),,3,6,芝1400,芝,1400,良,2.0,1,3.3,35.0,0.0,55,2-2,1:21.8,戸崎圭太,450(+10),晴,2.0,2.0,,2.0
2026-07-25-01-07,202604020107,2026-07-25,新潟,7,新潟日報賞,14,ボンヌソワレ,https://db.netkeiba.com/horse/2022105435/,2022105435,牝,4,56.0,津村,,,10,2024/11/16,5東京5,2歳1勝クラス,,7,7,芝1400,芝,1400,良,2.0,3,5.8,33.4,0.2,55,2-2,1:22.9,戸崎圭太,440(0),曇,2.0,2.0,,2.0
2026-07-25-01-07,202604020107,2026-07-25,新潟,7,新潟日報賞,14,ボンヌソワレ,https://db.netkeiba.com/horse/2022105435/,2022105435,牝,4,56.0,津村,,,11,2024/10/14,4東京4,2歳未勝利,,6,9,芝1400,芝,1400,良,1.0,2,4.8,33.6,-0.2,55,6-6,1:21.7,戸崎圭太,440(+8),晴,6.0,6.0,,6.0
2026-07-25-01-07,202604020107,2026-07-25,新潟,7,新潟日報賞,14,ボンヌソワレ,https://db.netkeiba.com/horse/2022105435/,2022105435,牝,4,56.0,津村,,,12,2024/09/16,4中山5,2歳未勝利,,3,4,芝1600,芝,1600,良,5.0,2,4.3,35.4,0.4,55,4-5-7,1:35.4,戸崎圭太,432(-2),曇,4.0,5.0,7.0,7.0
2026-07-25-01-07,202604020107,2026-07-25,新潟,7,新潟日報賞,14,ボンヌソワレ,https://db.netkeiba.com/horse/2022105435/,2022105435,牝,4,56.0,津村,,,13,2024/06/23,3東京8,2歳新馬,,7,10,芝1600,芝,1600,稍,3.0,4,6.0,34.4,0.4,55,4-5,1:40.3,津村明秀,434(0),曇,4.0,5.0,,5.0
2026-07-25-01-07,202604020107,2026-07-25,新潟,7,新潟日報賞,15,ミストレス,https://db.netkeiba.com/horse/2022103754/,2022103754,牝,4,56.0,田口,,,0,2026/04/19,2阪神8,立雲峡S(3勝クラス),,7,7,芝1600,芝,1600,良,9.0,10,96.2,34.5,1.2,56,6-7,1:32.8,田口貫太,476(0),曇,6.0,7.0,,7.0
2026-07-25-01-07,202604020107,2026-07-25,新潟,7,新潟日報賞,15,ミストレス,https://db.netkeiba.com/horse/2022103754/,2022103754,牝,4,56.0,田口,,,1,2026/04/05,2阪神4,心斎橋S(3勝クラス),,5,9,芝1400,芝,1400,良,17.0,14,61.0,35.5,1.5,54,13-12,1:21.2,古川奈穂,476(-12),晴,13.0,12.0,,12.0
2026-07-25-01-07,202604020107,2026-07-25,新潟,7,新潟日報賞,15,ミストレス,https://db.netkeiba.com/horse/2022103754/,2022103754,牝,4,56.0,田口,,,2,2026/03/08,1阪神6,岸和田S(3勝クラス),,6,10,芝1600,芝,1600,良,13.0,13,96.3,34.2,0.9,56,10-12,1:33.7,古川奈穂,488(+12),晴,10.0,12.0,,12.0
2026-07-25-01-07,202604020107,2026-07-25,新潟,7,新潟日報賞,15,ミストレス,https://db.netkeiba.com/horse/2022103754/,2022103754,牝,4,56.0,田口,,,3,2025/12/21,5阪神6,六甲アイランドS(3勝クラス),,3,4,芝1400,芝,1400,重,11.0,8,24.1,34.4,0.8,55,11-11,1:22.4,北村友一,476(-2),小雨,11.0,11.0,,11.0
2026-07-25-01-07,202604020107,2026-07-25,新潟,7,新潟日報賞,15,ミストレス,https://db.netkeiba.com/horse/2022103754/,2022103754,牝,4,56.0,田口,,,4,2025/12/06,5中京1,飛騨S(3勝クラス),,7,10,芝1400,芝,1400,良,5.0,6,12.5,33.3,0.4,55,8-8,1:19.8,古川奈穂,478(-6),晴,8.0,8.0,,8.0
2026-07-25-01-07,202604020107,2026-07-25,新潟,7,新潟日報賞,15,ミストレス,https://db.netkeiba.com/horse/2022103754/,2022103754,牝,4,56.0,田口,,,5,2025/11/29,4京都7,東山S(3勝クラス),,8,11,芝1400,芝,1400,良,5.0,3,6.1,33.5,0.3,54,6-6,1:22.6,坂井瑠星,484(+4),晴,6.0,6.0,,6.0
2026-07-25-01-07,202604020107,2026-07-25,新潟,7,新潟日報賞,15,ミストレス,https://db.netkeiba.com/horse/2022103754/,2022103754,牝,4,56.0,田口,,,6,2025/10/11,3京都3,宇治川特別(2勝クラス),,2,2,芝1400,芝,1400,良,1.0,5,20.9,33.4,0.0,54,6-6,1:20.3,岩田望来,480(0),晴,6.0,6.0,,6.0
2026-07-25-01-07,202604020107,2026-07-25,新潟,7,新潟日報賞,15,ミストレス,https://db.netkeiba.com/horse/2022103754/,2022103754,牝,4,56.0,田口,,,7,2025/09/27,4阪神8,3歳以上2勝クラス,,8,12,芝1600,芝,1600,良,7.0,7,34.7,33.5,0.7,51,12-11,1:34.1,古川奈穂,480(-4),晴,12.0,11.0,,11.0
2026-07-25-01-07,202604020107,2026-07-25,新潟,7,新潟日報賞,15,ミストレス,https://db.netkeiba.com/horse/2022103754/,2022103754,牝,4,56.0,田口,,,8,2025/09/15,4阪神5,Mモーリス(2勝クラス),,3,3,芝1400,芝,1400,良,9.0,2,3.6,35.5,1.3,54,2-2,1:22.0,鮫島克駿,484(+4),晴,2.0,2.0,,2.0
2026-07-25-01-07,202604020107,2026-07-25,新潟,7,新潟日報賞,15,ミストレス,https://db.netkeiba.com/horse/2022103754/,2022103754,牝,4,56.0,田口,,,9,2025/05/01,園田,兵庫チャンピオンシッ(JpnII),,2,2,ダ1400,ダ,1400,良,7.0,5,21.4,38.9,1.8,55,4-4-6-6,1:29.7,鮫島克駿,480(+2),晴,4.0,4.0,6.0,6.0
2026-07-25-01-07,202604020107,2026-07-25,新潟,7,新潟日報賞,15,ミストレス,https://db.netkeiba.com/horse/2022103754/,2022103754,牝,4,56.0,田口,,,10,2025/04/13,2阪神6,桜花賞(GI),,6,11,芝1600,芝,1600,稍,17.0,14,84.2,39.0,4.8,55,6-4,1:37.9,坂井瑠星,478(0),雨,6.0,4.0,,4.0
2026-07-25-01-07,202604020107,2026-07-25,新潟,7,新潟日報賞,15,ミストレス,https://db.netkeiba.com/horse/2022103754/,2022103754,牝,4,56.0,田口,,,11,2025/02/22,キングアブドゥル,サウジダービー(GIII),,,10,ダ1600,ダ,1600,良,4.0,7,,,,53,,,坂井瑠星,計不,晴,,,,
2026-07-25-01-07,202604020107,2026-07-25,新潟,7,新潟日報賞,15,ミストレス,https://db.netkeiba.com/horse/2022103754/,2022103754,牝,4,56.0,田口,,,12,2025/01/22,船橋,ブルーバードC(JpnIII),,4,4,ダ1800,ダ,1800,良,4.0,3,5.7,40.9,1.5,55,1-1-2-3,1:54.8,坂井瑠星,494(+2),晴,1.0,1.0,2.0,3.0
2026-07-25-01-07,202604020107,2026-07-25,新潟,7,新潟日報賞,15,ミストレス,https://db.netkeiba.com/horse/2022103754/,2022103754,牝,4,56.0,田口,,,13,2024/12/08,7京都4,阪神ジュベナイルF(GI),,4,7,芝1600,芝,1600,良,8.0,6,11.9,35.8,0.9,55,1-1,1:34.3,坂井瑠星,492(-4),曇,1.0,1.0,,1.0
2026-07-25-01-07,202604020107,2026-07-25,新潟,7,新潟日報賞,15,ミストレス,https://db.netkeiba.com/horse/2022103754/,2022103754,牝,4,56.0,田口,,,14,2024/10/26,4東京7,アルテミスS(GIII),,1,1,芝1600,芝,1600,良,2.0,7,15.6,33.8,0.2,55,1-1,1:34.0,坂井瑠星,496(-6),曇,1.0,1.0,,1.0
2026-07-25-01-07,202604020107,2026-07-25,新潟,7,新潟日報賞,15,ミストレス,https://db.netkeiba.com/horse/2022103754/,2022103754,牝,4,56.0,田口,,,15,2024/10/12,4新潟3,2歳新馬,,8,17,芝1600,芝,1600,良,1.0,1,3.6,34.0,-1.0,51,1-1,1:35.4,古川奈穂,502(0),晴,1.0,1.0,,1.0
2026-07-25-01-07,202604020107,2026-07-25,新潟,7,新潟日報賞,16,モジャーリオ,https://db.netkeiba.com/horse/2022106603/,2022106603,牡,4,58.0,高杉,,,0,2026/01/25,1京都9,山城S(3勝クラス),,1,2,芝1400,芝,1400,良,7.0,2,5.2,34.3,0.2,56,5-4,1:22.1,高杉吏麒,476(+8),晴,5.0,4.0,,4.0
2026-07-25-01-07,202604020107,2026-07-25,新潟,7,新潟日報賞,16,モジャーリオ,https://db.netkeiba.com/horse/2022106603/,2022106603,牡,4,58.0,高杉,,,1,2025/12/21,5阪神6,六甲アイランドS(3勝クラス),,1,1,芝1400,芝,1400,重,3.0,6,16.5,34.4,0.2,57,4-5,1:21.8,岩田望来,468(+2),小雨,4.0,5.0,,5.0
2026-07-25-01-07,202604020107,2026-07-25,新潟,7,新潟日報賞,16,モジャーリオ,https://db.netkeiba.com/horse/2022106603/,2022106603,牡,4,58.0,高杉,,,2,2025/12/07,5中山2,南総S(3勝クラス),,8,12,芝1200,芝,1200,良,8.0,2,4.9,34.5,0.7,57,7-6,1:07.9,横山和生,466(+4),晴,7.0,6.0,,6.0
2026-07-25-01-07,202604020107,2026-07-25,新潟,7,新潟日報賞,16,モジャーリオ,https://db.netkeiba.com/horse/2022106603/,2022106603,牡,4,58.0,高杉,,,3,2025/10/26,3京都9,壬生特別(2勝クラス),,6,9,芝1200,芝,1200,稍,1.0,1,3.7,33.7,-0.1,57,3-3,1:08.7,横山和生,462(+4),曇,3.0,3.0,,3.0
2026-07-25-01-07,202604020107,2026-07-25,新潟,7,新潟日報賞,16,モジャーリオ,https://db.netkeiba.com/horse/2022106603/,2022106603,牡,4,58.0,高杉,,,4,2025/09/27,4中山8,勝浦特別(2勝クラス),,3,5,芝1200,芝,1200,良,2.0,2,4.1,33.4,0.2,56,7-6,1:07.8,横山和生,458(-6),晴,7.0,6.0,,6.0
2026-07-25-01-07,202604020107,2026-07-25,新潟,7,新潟日報賞,16,モジャーリオ,https://db.netkeiba.com/horse/2022106603/,2022106603,牡,4,58.0,高杉,,,5,2025/09/06,2札幌5,札幌スポニチ賞(2勝クラス),,4,8,芝1200,芝,1200,良,2.0,1,4.5,34.4,0.0,56,5-3,1:09.3,横山武史,464(+2),曇,5.0,3.0,,3.0
2026-07-25-01-07,202604020107,2026-07-25,新潟,7,新潟日報賞,16,モジャーリオ,https://db.netkeiba.com/horse/2022106603/,2022106603,牡,4,58.0,高杉,,,6,2025/08/31,2札幌4,HBC賞(2勝クラス),,6,12,芝1200,芝,1200,稍,5.0,1,4.6,34.7,0.3,55,10-11,1:09.9,斎藤新,462(-2),曇,10.0,11.0,,11.0
2026-07-25-01-07,202604020107,2026-07-25,新潟,7,新潟日報賞,16,モジャーリオ,https://db.netkeiba.com/horse/2022106603/,2022106603,牡,4,58.0,高杉,,,7,2025/07/12,1函館9,HTB杯(2勝クラス),,8,11,芝1200,芝,1200,良,3.0,6,9.2,34.3,0.6,55,7-5,1:07.8,斎藤新,464(+2),晴,7.0,5.0,,5.0
2026-07-25-01-07,202604020107,2026-07-25,新潟,7,新潟日報賞,16,モジャーリオ,https://db.netkeiba.com/horse/2022106603/,2022106603,牡,4,58.0,高杉,,,8,2025/06/29,1函館6,湯の川温泉特別(2勝クラス),,6,10,芝1200,芝,1200,良,4.0,1,3.7,33.9,0.5,55,4-4,1:09.2,斎藤新,462(-2),晴,4.0,4.0,,4.0
2026-07-25-01-07,202604020107,2026-07-25,新潟,7,新潟日報賞,16,モジャーリオ,https://db.netkeiba.com/horse/2022106603/,2022106603,牡,4,58.0,高杉,,,9,2025/05/31,2京都11,葵S(GIII),,4,7,芝1200,芝,1200,良,5.0,14,37.4,33.8,0.2,57,6-6,1:08.5,斎藤新,464(+4),曇,6.0,6.0,,6.0
2026-07-25-01-07,202604020107,2026-07-25,新潟,7,新潟日報賞,16,モジャーリオ,https://db.netkeiba.com/horse/2022106603/,2022106603,牡,4,58.0,高杉,,,10,2025/03/22,2中京3,中スポ賞ファルコンS(GIII),,8,17,芝1400,芝,1400,良,9.0,14,151.3,34.9,0.7,57,12-10,1:21.7,斎藤新,460(-4),晴,12.0,10.0,,10.0
2026-07-25-01-07,202604020107,2026-07-25,新潟,7,新潟日報賞,16,モジャーリオ,https://db.netkeiba.com/horse/2022106603/,2022106603,牡,4,58.0,高杉,,,11,2025/02/23,1京都8,マーガレットS(L),,1,1,芝1200,芝,1200,良,5.0,4,8.4,33.9,0.5,57,5-4,1:10.1,岩田康誠,464(+14),曇,5.0,4.0,,4.0
2026-07-25-01-07,202604020107,2026-07-25,新潟,7,新潟日報賞,16,モジャーリオ,https://db.netkeiba.com/horse/2022106603/,2022106603,牡,4,58.0,高杉,,,12,2025/01/13,1中山5,3歳1勝クラス,,6,6,芝1200,芝,1200,良,1.0,2,4.4,34.0,-0.1,57,5-4,1:09.3,菅原明良,450(+2),晴,5.0,4.0,,4.0
2026-07-25-01-07,202604020107,2026-07-25,新潟,7,新潟日報賞,16,モジャーリオ,https://db.netkeiba.com/horse/2022106603/,2022106603,牡,4,58.0,高杉,,,13,2024/12/01,5中山2,2歳1勝クラス,,8,8,ダ1200,ダ,1200,良,3.0,1,2.9,37.0,0.6,56,4-4,1:12.0,マーカン,448(-8),晴,4.0,4.0,,4.0
2026-07-25-01-07,202604020107,2026-07-25,新潟,7,新潟日報賞,16,モジャーリオ,https://db.netkeiba.com/horse/2022106603/,2022106603,牡,4,58.0,高杉,,,14,2024/11/16,5東京5,2歳1勝クラス,,8,9,芝1400,芝,1400,良,3.0,5,18.2,33.4,0.5,56,4-6,1:23.2,マーカン,456(0),曇,4.0,6.0,,6.0
2026-07-25-01-07,202604020107,2026-07-25,新潟,7,新潟日報賞,16,モジャーリオ,https://db.netkeiba.com/horse/2022106603/,2022106603,牡,4,58.0,高杉,,,15,2024/09/21,4中山6,カンナS(OP),,3,3,芝1200,芝,1200,良,4.0,3,11.4,34.0,0.7,55,3-3,1:07.9,斎藤新,456(+2),曇,3.0,3.0,,3.0
2026-07-25-01-07,202604020107,2026-07-25,新潟,7,新潟日報賞,16,モジャーリオ,https://db.netkeiba.com/horse/2022106603/,2022106603,牡,4,58.0,高杉,,,16,2024/08/25,3新潟6,新潟2歳S(GIII),,5,5,芝1600,芝,1600,良,11.0,11,94.3,35.4,1.5,55,5-5,1:35.7,斎藤新,454(+6),曇,5.0,5.0,,5.0
2026-07-25-01-07,202604020107,2026-07-25,新潟,7,新潟日報賞,16,モジャーリオ,https://db.netkeiba.com/horse/2022106603/,2022106603,牡,4,58.0,高杉,,,17,2024/06/22,1函館5,2歳未勝利,,6,6,芝1200,芝,1200,良,1.0,1,2.8,35.5,-0.1,55,6-5,1:09.9,横山武史,448(-6),晴,6.0,5.0,,5.0
2026-07-25-01-07,202604020107,2026-07-25,新潟,7,新潟日報賞,16,モジャーリオ,https://db.netkeiba.com/horse/2022106603/,2022106603,牡,4,58.0,高杉,,,18,2024/06/09,1函館2,2歳新馬,,6,10,芝1200,芝,1200,良,6.0,1,3.8,34.5,0.7,55,11-9,1:10.4,斎藤新,454(0),小雨,11.0,9.0,,9.0
2026-07-25-01-07,202604020107,2026-07-25,新潟,7,新潟日報賞,17,モンテシート,https://db.netkeiba.com/horse/2022105108/,2022105108,牡,4,58.0,ディー,,,0,2026/04/26,2東京2,湘南S(3勝クラス),,3,6,芝1400,芝,1400,良,7.0,8,18.0,33.7,0.7,57,2-2,1:20.8,ディー,510(+4),晴,2.0,2.0,,2.0
2026-07-25-01-07,202604020107,2026-07-25,新潟,7,新潟日報賞,17,モンテシート,https://db.netkeiba.com/horse/2022105108/,2022105108,牡,4,58.0,ディー,,,1,2026/02/01,1東京2,節分S(3勝クラス),,8,15,芝1400,芝,1400,良,8.0,6,15.1,34.0,0.5,57,4-4,1:21.5,戸崎圭太,506(+4),晴,4.0,4.0,,4.0
2026-07-25-01-07,202604020107,2026-07-25,新潟,7,新潟日報賞,17,モンテシート,https://db.netkeiba.com/horse/2022105108/,2022105108,牡,4,58.0,ディー,,,2,2025/12/21,5阪神6,六甲アイランドS(3勝クラス),,3,3,芝1400,芝,1400,重,5.0,5,10.3,34.4,0.2,57,4-5,1:21.8,西村淳也,502(0),小雨,4.0,5.0,,5.0
2026-07-25-01-07,202604020107,2026-07-25,新潟,7,新潟日報賞,17,モンテシート,https://db.netkeiba.com/horse/2022105108/,2022105108,牡,4,58.0,ディー,,,3,2025/11/29,4京都7,東山S(3勝クラス),,6,8,芝1400,芝,1400,良,2.0,1,2.9,33.6,0.1,56,3-2,1:22.4,Ｃ．デム,502(+8),晴,3.0,2.0,,2.0
2026-07-25-01-07,202604020107,2026-07-25,新潟,7,新潟日報賞,17,モンテシート,https://db.netkeiba.com/horse/2022105108/,2022105108,牡,4,58.0,ディー,,,4,2025/09/14,4阪神4,仲秋S(3勝クラス),,4,4,芝1600,芝,1600,良,7.0,3,4.9,33.9,0.7,56,4-4,1:32.9,モレイラ,494(-4),曇,4.0,4.0,,4.0
2026-07-25-01-07,202604020107,2026-07-25,新潟,7,新潟日報賞,17,モンテシート,https://db.netkeiba.com/horse/2022105108/,2022105108,牡,4,58.0,ディー,,,5,2025/08/23,4中京1,有松特別(2勝クラス),,5,7,芝1600,芝,1600,良,1.0,2,3.9,33.9,-0.1,55,2-1-1,1:33.5,吉村誠之,498(+6),晴,2.0,1.0,1.0,1.0
2026-07-25-01-07,202604020107,2026-07-25,新潟,7,新潟日報賞,17,モンテシート,https://db.netkeiba.com/horse/2022105108/,2022105108,牡,4,58.0,ディー,,,6,2025/05/11,2京都6,橘S(L),,1,1,芝1400,芝,1400,良,5.0,1,3.0,34.4,0.3,57,3-2,1:22.1,坂井瑠星,492(-6),曇,3.0,2.0,,2.0
2026-07-25-01-07,202604020107,2026-07-25,新潟,7,新潟日報賞,17,モンテシート,https://db.netkeiba.com/horse/2022105108/,2022105108,牡,4,58.0,ディー,,,7,2025/04/05,2阪神3,チャーチルダウンズC(GIII),,8,11,芝1600,芝,1600,良,5.0,4,7.7,34.6,0.5,57,2-2,1:32.7,西村淳也,498(+4),晴,2.0,2.0,,2.0
2026-07-25-01-07,202604020107,2026-07-25,新潟,7,新潟日報賞,17,モンテシート,https://db.netkeiba.com/horse/2022105108/,2022105108,牡,4,58.0,ディー,,,8,2025/02/01,1京都1,白梅賞(1勝クラス),,5,5,芝1600,芝,1600,良,1.0,2,3.5,33.9,0.0,57,1-1,1:34.7,ルメート,494(-2),曇,1.0,1.0,,1.0
2026-07-25-01-07,202604020107,2026-07-25,新潟,7,新潟日報賞,17,モンテシート,https://db.netkeiba.com/horse/2022105108/,2022105108,牡,4,58.0,ディー,,,9,2025/01/05,1中山1,ジュニアC(L),,4,7,芝1600,芝,1600,良,3.0,10,61.9,34.7,0.5,57,2-3-4,1:34.0,松岡正海,496(-4),曇,2.0,3.0,4.0,4.0
2026-07-25-01-07,202604020107,2026-07-25,新潟,7,新潟日報賞,17,モンテシート,https://db.netkeiba.com/horse/2022105108/,2022105108,牡,4,58.0,ディー,,,10,2024/12/08,7京都4,2歳未勝利,,6,6,芝1600,芝,1600,良,1.0,1,1.1,35.8,-0.2,56,2-2,1:34.9,ルメール,500(+12),晴,2.0,2.0,,2.0
2026-07-25-01-07,202604020107,2026-07-25,新潟,7,新潟日報賞,17,モンテシート,https://db.netkeiba.com/horse/2022105108/,2022105108,牡,4,58.0,ディー,,,11,2024/10/26,5京都7,2歳未勝利,,5,6,芝1600,芝,1600,良,2.0,2,3.2,35.3,0.2,56,1-1,1:34.5,Ｃ．デム,488(-4),曇,1.0,1.0,,1.0
2026-07-25-01-07,202604020107,2026-07-25,新潟,7,新潟日報賞,17,モンテシート,https://db.netkeiba.com/horse/2022105108/,2022105108,牡,4,58.0,ディー,,,12,2024/10/05,4新潟1,2歳未勝利,,8,11,芝1600,芝,1600,良,2.0,3,4.5,34.3,0.5,56,3-3,1:35.2,斎藤新,492(+12),晴,3.0,3.0,,3.0
2026-07-25-01-07,202604020107,2026-07-25,新潟,7,新潟日報賞,17,モンテシート,https://db.netkeiba.com/horse/2022105108/,2022105108,牡,4,58.0,ディー,,,13,2024/07/14,3小倉6,2歳未勝利,,8,9,芝1200,芝,1200,稍,3.0,7,26.1,36.9,0.7,54,6-6,1:11.3,田口貫太,480(-10),雨,6.0,6.0,,6.0
2026-07-25-01-07,202604020107,2026-07-25,新潟,7,新潟日報賞,17,モンテシート,https://db.netkeiba.com/horse/2022105108/,2022105108,牡,4,58.0,ディー,,,14,2024/06/29,3小倉1,2歳新馬,,2,2,ダ1000,ダ,1000,稍,6.0,1,2.7,36.4,1.8,54,6-6,1:00.5,田口貫太,490(0),曇,6.0,6.0,,6.0
2026-07-25-01-07,202604020107,2026-07-25,新潟,7,新潟日報賞,18,ルミノメテオール,https://db.netkeiba.com/horse/2020104332/,2020104332,牝,6,56.0,酒井,,,0,2026/05/31,3京都12,渡月橋S(3勝クラス),,2,4,芝1400,芝,1400,良,16.0,18,135.6,34.7,1.1,56,7-7,1:21.2,酒井学,472(+10),晴,7.0,7.0,,7.0
2026-07-25-01-07,202604020107,2026-07-25,新潟,7,新潟日報賞,18,ルミノメテオール,https://db.netkeiba.com/horse/2020104332/,2020104332,牝,6,56.0,酒井,,,1,2026/04/05,2阪神4,天満橋S(3勝クラス),,2,3,ダ1400,ダ,1400,重,16.0,13,74.8,39.6,4.1,56,13-12,1:26.5,岩田康誠,462(-4),晴,13.0,12.0,,12.0
2026-07-25-01-07,202604020107,2026-07-25,新潟,7,新潟日報賞,18,ルミノメテオール,https://db.netkeiba.com/horse/2020104332/,2020104332,牝,6,56.0,酒井,,,2,2025/11/29,4京都7,東山S(3勝クラス),,5,5,芝1400,芝,1400,良,6.0,8,18.9,33.7,0.3,52,3-4,1:22.6,酒井学,466(+10),晴,3.0,4.0,,4.0
2026-07-25-01-07,202604020107,2026-07-25,新潟,7,新潟日報賞,18,ルミノメテオール,https://db.netkeiba.com/horse/2020104332/,2020104332,牝,6,56.0,酒井,,,3,2025/10/25,3京都8,長岡京S(3勝クラス),,8,12,芝1400,芝,1400,良,8.0,11,64.8,33.9,0.5,56,6-6,1:20.7,岩田康誠,456(-2),曇,6.0,6.0,,6.0
2026-07-25-01-07,202604020107,2026-07-25,新潟,7,新潟日報賞,18,ルミノメテオール,https://db.netkeiba.com/horse/2020104332/,2020104332,牝,6,56.0,酒井,,,4,2025/09/27,4阪神8,道頓堀S(3勝クラス),,7,13,芝1200,芝,1200,良,11.0,12,57.8,33.5,0.7,56,10-12,1:09.0,岩田康誠,458(-8),晴,10.0,12.0,,12.0
2026-07-25-01-07,202604020107,2026-07-25,新潟,7,新潟日報賞,18,ルミノメテオール,https://db.netkeiba.com/horse/2020104332/,2020104332,牝,6,56.0,酒井,,,5,2025/04/20,2阪神8,心斎橋S(3勝クラス),,2,2,芝1400,芝,1400,良,6.0,7,26.9,34.4,0.3,56,7-9,1:20.2,シュタル,466(+2),曇,7.0,9.0,,9.0
2026-07-25-01-07,202604020107,2026-07-25,新潟,7,新潟日報賞,18,ルミノメテオール,https://db.netkeiba.com/horse/2020104332/,2020104332,牝,6,56.0,酒井,,,6,2025/03/29,2中京5,豊橋S(3勝クラス),,3,3,芝1600,芝,1600,稍,5.0,8,25.4,34.2,0.3,56,8-5-6,1:35.5,シュタル,464(+6),晴,8.0,5.0,6.0,6.0
2026-07-25-01-07,202604020107,2026-07-25,新潟,7,新潟日報賞,18,ルミノメテオール,https://db.netkeiba.com/horse/2020104332/,2020104332,牝,6,56.0,酒井,,,7,2025/01/26,1中京9,トリトンS(3勝クラス),,6,10,芝1400,芝,1400,良,11.0,11,95.3,34.5,0.6,56,8-9,1:22.7,田口貫太,458(-6),晴,8.0,9.0,,9.0
2026-07-25-01-07,202604020107,2026-07-25,新潟,7,新潟日報賞,18,ルミノメテオール,https://db.netkeiba.com/horse/2020104332/,2020104332,牝,6,56.0,酒井,,,8,2024/11/30,4中京1,飛騨S(3勝クラス),,8,13,芝1400,芝,1400,良,11.0,8,22.4,35.0,1.2,56,9-9,1:22.6,永島まな,464(-2),晴,9.0,9.0,,9.0
2026-07-25-01-07,202604020107,2026-07-25,新潟,7,新潟日報賞,18,ルミノメテオール,https://db.netkeiba.com/horse/2020104332/,2020104332,牝,6,56.0,酒井,,,9,2024/10/06,5京都2,長岡京S(3勝クラス),,7,13,芝1400,芝,1400,良,15.0,10,58.2,35.3,1.1,56,5-5,1:21.1,Ｍ．デム,466(-2),晴,5.0,5.0,,5.0
2026-07-25-01-07,202604020107,2026-07-25,新潟,7,新潟日報賞,18,ルミノメテオール,https://db.netkeiba.com/horse/2020104332/,2020104332,牝,6,56.0,酒井,,,10,2024/09/15,3中京4,納屋橋S(3勝クラス),,6,12,芝1600,芝,1600,稍,11.0,10,27.9,34.6,0.8,56,5-7-10,1:34.3,武豊,468(+12),曇,5.0,7.0,10.0,10.0
2026-07-25-01-07,202604020107,2026-07-25,新潟,7,新潟日報賞,18,ルミノメテオール,https://db.netkeiba.com/horse/2020104332/,2020104332,牝,6,56.0,酒井,,,11,2024/04/20,2東京1,湘南S(3勝クラス),,5,10,芝1400,芝,1400,良,11.0,10,34.5,33.7,0.5,54,15-15,1:20.4,佐々木大,456(0),晴,15.0,15.0,,15.0
2026-07-25-01-07,202604020107,2026-07-25,新潟,7,新潟日報賞,18,ルミノメテオール,https://db.netkeiba.com/horse/2020104332/,2020104332,牝,6,56.0,酒井,,,12,2024/03/17,1中京4,熱田特別(2勝クラス),,4,4,芝1400,芝,1400,良,1.0,1,3.3,34.8,0.0,56,2-3,1:21.4,松山弘平,456(+14),曇,2.0,3.0,,3.0
2026-07-25-01-07,202604020107,2026-07-25,新潟,7,新潟日報賞,18,ルミノメテオール,https://db.netkeiba.com/horse/2020104332/,2020104332,牝,6,56.0,酒井,,,13,2023/08/27,3新潟6,五頭連峰特別(2勝クラス),,1,1,芝1600,芝,1600,良,10.0,4,7.4,34.4,1.1,53,2-3,1:34.3,Ｍ．デム,442(+2),晴,2.0,3.0,,3.0
2026-07-25-01-07,202604020107,2026-07-25,新潟,7,新潟日報賞,18,ルミノメテオール,https://db.netkeiba.com/horse/2020104332/,2020104332,牝,6,56.0,酒井,,,14,2023/07/23,3中京8,有松特別(2勝クラス),,4,4,芝1600,芝,1600,良,2.0,2,3.3,35.9,0.8,53,3-4-5,1:34.2,Ｍ．デム,440(-6),晴,3.0,4.0,5.0,5.0
2026-07-25-01-07,202604020107,2026-07-25,新潟,7,新潟日報賞,18,ルミノメテオール,https://db.netkeiba.com/horse/2020104332/,2020104332,牝,6,56.0,酒井,,,15,2023/04/08,3中山5,ニュージーランドT(GII),,1,2,芝1600,芝,1600,稍,6.0,4,12.4,35.9,0.5,54,6-6-8,1:34.2,横山武史,446(0),曇,6.0,6.0,8.0,8.0
2026-07-25-01-07,202604020107,2026-07-25,新潟,7,新潟日報賞,18,ルミノメテオール,https://db.netkeiba.com/horse/2020104332/,2020104332,牝,6,56.0,酒井,,,16,2023/03/04,1阪神7,チューリップ賞(GII),,2,3,芝1600,芝,1600,良,4.0,3,7.0,34.0,0.1,54,3-3,1:34.1,Ｍ．デム,446(+4),晴,3.0,3.0,,3.0
2026-07-25-01-07,202604020107,2026-07-25,新潟,7,新潟日報賞,18,ルミノメテオール,https://db.netkeiba.com/horse/2020104332/,2020104332,牝,6,56.0,酒井,,,17,2022/12/10,6中京3,つわぶき賞(1勝クラス),,1,1,芝1400,芝,1400,良,1.0,7,20.2,33.6,-0.1,54,7-7,1:20.8,Ｍ．デム,442(+2),晴,7.0,7.0,,7.0
2026-07-25-01-07,202604020107,2026-07-25,新潟,7,新潟日報賞,18,ルミノメテオール,https://db.netkeiba.com/horse/2020104332/,2020104332,牝,6,56.0,酒井,,,18,2022/10/29,4東京8,2歳新馬,,6,10,芝1400,芝,1400,良,1.0,2,6.8,33.6,-0.2,54,5-5,1:25.0,Ｍ．デム,440(0),晴,5.0,5.0,,5.0
2026-07-25-01-08,202604020108,2026-07-25,新潟,8,清津峡特別,1,アヴァランチ,https://db.netkeiba.com/horse/2023101495/,2023101495,牡,3,55.0,三浦,,,0,2026/06/13,3東京3,3歳以上1勝クラス,,6,11,ダ1400,ダ,1400,稍,6.0,7,19.0,35.9,0.8,55,9-7,1:24.3,三浦皇成,468(+2),晴,9.0,7.0,,7.0
2026-07-25-01-08,202604020108,2026-07-25,新潟,8,清津峡特別,1,アヴァランチ,https://db.netkeiba.com/horse/2023101495/,2023101495,牡,3,55.0,三浦,,,1,2026/05/16,2東京7,3歳未勝利,,5,10,ダ1300,ダ,1300,良,1.0,1,2.8,36.9,-0.3,57,3-3,1:19.4,三浦皇成,466(-2),晴,3.0,3.0,,3.0
2026-07-25-01-08,202604020108,2026-07-25,新潟,8,清津峡特別,1,アヴァランチ,https://db.netkeiba.com/horse/2023101495/,2023101495,牡,3,55.0,三浦,,,2,2026/04/26,2東京2,3歳未勝利,,7,14,ダ1300,ダ,1300,稍,2.0,5,9.0,37.0,0.0,57,2-2,1:19.0,松山弘平,468(+2),晴,2.0,2.0,,2.0
2026-07-25-01-08,202604020108,2026-07-25,新潟,8,清津峡特別,1,アヴァランチ,https://db.netkeiba.com/horse/2023101495/,2023101495,牡,3,55.0,三浦,,,3,2026/02/07,1東京3,3歳未勝利,,1,1,ダ1300,ダ,1300,良,6.0,10,25.5,37.1,0.9,54,13-13,1:21.2,上里直汰,466(-4),曇,13.0,13.0,,13.0
2026-07-25-01-08,202604020108,2026-07-25,新潟,8,清津峡特別,1,アヴァランチ,https://db.netkeiba.com/horse/2023101495/,2023101495,牡,3,55.0,三浦,,,4,2025/11/29,5東京7,2歳未勝利,,4,5,ダ1600,ダ,1600,良,8.0,8,41.0,38.9,1.7,56,7-7,1:41.1,バルザロ,470(+8),晴,7.0,7.0,,7.0
2026-07-25-01-08,202604020108,2026-07-25,新潟,8,清津峡特別,1,アヴァランチ,https://db.netkeiba.com/horse/2023101495/,2023101495,牡,3,55.0,三浦,,,5,2025/11/08,5東京1,2歳新馬,,2,4,ダ1300,ダ,1300,良,3.0,8,21.3,36.9,1.1,56,5-5,1:21.4,岩田康誠,462(0),晴,5.0,5.0,,5.0
2026-07-25-01-08,202604020108,2026-07-25,新潟,8,清津峡特別,2,イリュストル,https://db.netkeiba.com/horse/2022105154/,2022105154,牡,4,58.0,佐々木,,,0,2026/05/24,2東京10,4歳以上1勝クラス,,6,12,芝2400,芝,2400,良,8.0,12,40.9,35.0,0.5,58,6-5-5-5,2:24.7,佐々木大,496(-2),曇,6.0,5.0,5.0,5.0
2026-07-25-01-08,202604020108,2026-07-25,新潟,8,清津峡特別,2,イリュストル,https://db.netkeiba.com/horse/2022105154/,2022105154,牡,4,58.0,佐々木,,,1,2026/05/10,1新潟4,荒川峡特別(1勝クラス),,4,6,芝2400,芝,2400,良,11.0,9,17.2,36.3,2.2,58,10-11-12-12,2:28.7,杉原誠人,498(-4),晴,10.0,11.0,12.0,12.0
2026-07-25-01-08,202604020108,2026-07-25,新潟,8,清津峡特別,2,イリュストル,https://db.netkeiba.com/horse/2022105154/,2022105154,牡,4,58.0,佐々木,,,2,2026/04/18,3中山7,4歳以上1勝クラス,,7,7,芝2000,芝,2000,良,10.0,3,4.7,35.4,1.2,58,5-5-4-5,1:59.3,横山武史,502(+10),晴,5.0,5.0,4.0,5.0
2026-07-25-01-08,202604020108,2026-07-25,新潟,8,清津峡特別,2,イリュストル,https://db.netkeiba.com/horse/2022105154/,2022105154,牡,4,58.0,佐々木,,,3,2025/05/10,2東京5,3歳未勝利,,7,7,芝2400,芝,2400,稍,1.0,1,1.8,34.5,-0.2,57,7-7-2-2,2:28.3,横山武史,492(-4),小雨,7.0,7.0,2.0,2.0
2026-07-25-01-08,202604020108,2026-07-25,新潟,8,清津峡特別,2,イリュストル,https://db.netkeiba.com/horse/2022105154/,2022105154,牡,4,58.0,佐々木,,,4,2025/02/08,1東京3,3歳新馬,,6,11,芝1800,芝,1800,良,3.0,2,5.6,34.6,0.1,57,13-2-2,1:49.3,横山武史,496(0),晴,13.0,2.0,2.0,2.0
2026-07-25-01-08,202604020108,2026-07-25,新潟,8,清津峡特別,3,インナーパッション,https://db.netkeiba.com/horse/2023103714/,2023103714,牡,3,55.0,横山琉,,,0,2026/06/07,3東京2,3歳未勝利,,4,8,ダ2100,ダ,2100,良,1.0,4,7.5,37.0,-0.1,57,13-13-12-8,2:12.7,横山琉人,520(+8),曇,13.0,13.0,12.0,8.0
2026-07-25-01-08,202604020108,2026-07-25,新潟,8,清津峡特別,3,インナーパッション,https://db.netkeiba.com/horse/2023103714/,2023103714,牡,3,55.0,横山琉,,,1,2025/11/01,4東京10,2歳新馬,,2,2,芝1600,芝,1600,稍,7.0,6,21.3,33.9,0.6,56,5-6,1:37.5,横山武史,512(0),晴,5.0,6.0,,6.0
2026-07-25-01-08,202604020108,2026-07-25,新潟,8,清津峡特別,4,ヴィエントデコラ,https://db.netkeiba.com/horse/2023103677/,2023103677,牡,3,55.0,田山,,,0,2026/07/12,2小倉6,3歳以上1勝クラス,,6,11,ダ1700,ダ,1700,良,9.0,4,5.5,40.3,1.9,53,10-12-7-5,1:47.9,田山旺佑,448(+4),晴,10.0,12.0,7.0,5.0
2026-07-25-01-08,202604020108,2026-07-25,新潟,8,清津峡特別,4,ヴィエントデコラ,https://db.netkeiba.com/horse/2023103677/,2023103677,牡,3,55.0,田山,,,1,2026/05/02,3京都3,ユニコーンS(GIII),,5,6,ダ1900,ダ,1900,稍,11.0,10,119.7,38.7,2.4,57,5-5-6-7,1:59.9,浜中俊,444(-2),晴,5.0,5.0,6.0,7.0
2026-07-25-01-08,202604020108,2026-07-25,新潟,8,清津峡特別,4,ヴィエントデコラ,https://db.netkeiba.com/horse/2023103677/,2023103677,牡,3,55.0,田山,,,2,2026/04/11,2阪神5,3歳1勝クラス,,5,6,ダ1800,ダ,1800,重,6.0,5,9.3,37.6,1.8,57,8-8-8-8,1:51.8,岩田望来,446(-6),晴,8.0,8.0,8.0,8.0
2026-07-25-01-08,202604020108,2026-07-25,新潟,8,清津峡特別,4,ヴィエントデコラ,https://db.netkeiba.com/horse/2023103677/,2023103677,牡,3,55.0,田山,,,3,2026/03/14,1中京1,3歳1勝クラス,,2,4,ダ1800,ダ,1800,良,5.0,4,9.5,38.3,1.1,54,4-3-3-4,1:53.8,舟山瑠泉,452(0),晴,4.0,3.0,3.0,4.0
2026-07-25-01-08,202604020108,2026-07-25,新潟,8,清津峡特別,4,ヴィエントデコラ,https://db.netkeiba.com/horse/2023103677/,2023103677,牡,3,55.0,田山,,,4,2026/01/31,2京都1,3歳未勝利,,7,8,ダ1800,ダ,1800,良,1.0,1,1.1,38.0,-0.7,57,4-2-2-3,1:55.1,岩田望来,452(-4),晴,4.0,2.0,2.0,3.0
2026-07-25-01-08,202604020108,2026-07-25,新潟,8,清津峡特別,4,ヴィエントデコラ,https://db.netkeiba.com/horse/2023103677/,2023103677,牡,3,55.0,田山,,,5,2026/01/12,1京都5,3歳未勝利,,2,3,ダ1800,ダ,1800,良,2.0,3,7.2,38.0,0.5,57,9-9-6-5,1:54.8,岩田望来,456(0),晴,9.0,9.0,6.0,5.0
2026-07-25-01-08,202604020108,2026-07-25,新潟,8,清津峡特別,4,ヴィエントデコラ,https://db.netkeiba.com/horse/2023103677/,2023103677,牡,3,55.0,田山,,,6,2025/12/21,5阪神6,2歳未勝利,,4,4,ダ1800,ダ,1800,稍,2.0,2,4.0,38.5,0.0,56,3-3-3-3,1:55.1,岩田望来,456(+8),雨,3.0,3.0,3.0,3.0
2026-07-25-01-08,202604020108,2026-07-25,新潟,8,清津峡特別,4,ヴィエントデコラ,https://db.netkeiba.com/horse/2023103677/,2023103677,牡,3,55.0,田山,,,7,2025/10/12,3京都4,2歳未勝利,,7,7,ダ1800,ダ,1800,良,2.0,5,6.3,37.8,0.2,56,2-2-2-2,1:54.0,小沢大仁,448(+4),曇,2.0,2.0,2.0,2.0
2026-07-25-01-08,202604020108,2026-07-25,新潟,8,清津峡特別,4,ヴィエントデコラ,https://db.netkeiba.com/horse/2023103677/,2023103677,牡,3,55.0,田山,,,8,2025/09/21,4阪神7,2歳未勝利,,7,8,ダ1800,ダ,1800,良,3.0,5,11.7,38.6,0.6,55,5-7-6-6,1:56.7,小沢大仁,444(0),晴,5.0,7.0,6.0,6.0
2026-07-25-01-08,202604020108,2026-07-25,新潟,8,清津峡特別,4,ヴィエントデコラ,https://db.netkeiba.com/horse/2023103677/,2023103677,牡,3,55.0,田山,,,9,2025/08/16,3中京7,2歳未勝利,,6,6,ダ1200,ダ,1200,良,4.0,7,29.3,37.1,1.7,55,9-9,1:14.4,小沢大仁,444(0),晴,9.0,9.0,,9.0
2026-07-25-01-08,202604020108,2026-07-25,新潟,8,清津峡特別,5,ケルピー,https://db.netkeiba.com/horse/2022101801/,2022101801,セ,4,58.0,赤岡修,,,0,2026/04/18,高知,穀雨特別(C2),,7,7,ダ1600,ダ,1600,重,2.0,2,4.8,38.9,0.1,57,3-2-3-2,1:46.2,赤岡修次,484(+2),曇,3.0,2.0,3.0,2.0
2026-07-25-01-08,202604020108,2026-07-25,新潟,8,清津峡特別,5,ケルピー,https://db.netkeiba.com/horse/2022101801/,2022101801,セ,4,58.0,赤岡修,,,1,2026/04/04,高知,清明特別(C2),,3,3,ダ1400,ダ,1400,不,,,,,,57,,,赤岡修次,計不,雨,,,,
2026-07-25-01-08,202604020108,2026-07-25,新潟,8,清津峡特別,5,ケルピー,https://db.netkeiba.com/horse/2022101801/,2022101801,セ,4,58.0,赤岡修,,,2,2026/03/22,高知,帯広競馬場特別(C2),,1,1,ダ1400,ダ,1400,重,1.0,1,1.2,40.3,-0.8,57,1-1-1-1,1:32.2,赤岡修次,482(-2),雨,1.0,1.0,1.0,1.0
2026-07-25-01-08,202604020108,2026-07-25,新潟,8,清津峡特別,5,ケルピー,https://db.netkeiba.com/horse/2022101801/,2022101801,セ,4,58.0,赤岡修,,,3,2026/03/10,高知,ヒナギク特別(C3),,7,7,ダ1300,ダ,1300,稍,1.0,3,5.4,39.1,-0.5,57,2-2-2-2,1:24.4,赤岡修次,484(+5),晴,2.0,2.0,2.0,2.0
2026-07-25-01-08,202604020108,2026-07-25,新潟,8,清津峡特別,5,ケルピー,https://db.netkeiba.com/horse/2022101801/,2022101801,セ,4,58.0,赤岡修,,,4,2026/02/23,高知,ウメ特別(C3),,8,9,ダ1300,ダ,1300,良,2.0,2,3.3,39.7,0.9,57,3-3-3-4,1:24.8,赤岡修次,479(-3),晴,3.0,3.0,3.0,4.0
2026-07-25-01-08,202604020108,2026-07-25,新潟,8,清津峡特別,5,ケルピー,https://db.netkeiba.com/horse/2022101801/,2022101801,セ,4,58.0,赤岡修,,,5,2026/02/10,高知,C3ー6,,7,8,ダ1300,ダ,1300,良,1.0,1,1.4,39.5,-0.9,57,2-1-1-1,1:25.2,赤岡修次,482(-6),曇,2.0,1.0,1.0,1.0
2026-07-25-01-08,202604020108,2026-07-25,新潟,8,清津峡特別,5,ケルピー,https://db.netkeiba.com/horse/2022101801/,2022101801,セ,4,58.0,赤岡修,,,6,2026/02/03,高知,C3ー7,,1,1,ダ1400,ダ,1400,良,2.0,1,1.2,40.1,0.0,57,2-3-3-1,1:31.8,赤岡修次,488(+1),晴,2.0,3.0,3.0,1.0
2026-07-25-01-08,202604020108,2026-07-25,新潟,8,清津峡特別,5,ケルピー,https://db.netkeiba.com/horse/2022101801/,2022101801,セ,4,58.0,赤岡修,,,7,2026/01/01,高知,七福神特別(C3),,8,8,ダ1300,ダ,1300,良,,,,,,57,,,赤岡修次,計不,晴,,,,
2026-07-25-01-08,202604020108,2026-07-25,新潟,8,清津峡特別,5,ケルピー,https://db.netkeiba.com/horse/2022101801/,2022101801,セ,4,58.0,赤岡修,,,8,2025/11/24,高知,C3ー16,,8,8,ダ1600,ダ,1600,良,1.0,1,1.7,42.0,-0.1,57,1-1-1-1,1:48.2,赤岡修次,487(+3),曇,1.0,1.0,1.0,1.0
2026-07-25-01-08,202604020108,2026-07-25,新潟,8,清津峡特別,5,ケルピー,https://db.netkeiba.com/horse/2022101801/,2022101801,セ,4,58.0,赤岡修,,,9,2025/01/26,1中山9,3歳未勝利,,4,7,ダ1800,ダ,1800,良,10.0,6,36.9,41.1,3.3,57,12-12-8-9,1:57.7,横山和生,484(-6),晴,12.0,12.0,8.0,9.0
2026-07-25-01-08,202604020108,2026-07-25,新潟,8,清津峡特別,5,ケルピー,https://db.netkeiba.com/horse/2022101801/,2022101801,セ,4,58.0,赤岡修,,,10,2025/01/13,1中山5,3歳未勝利,,4,7,ダ1800,ダ,1800,良,2.0,10,33.5,40.7,0.1,57,16-15-4-3,1:57.3,横山和生,490(+4),晴,16.0,15.0,4.0,3.0
2026-07-25-01-08,202604020108,2026-07-25,新潟,8,清津峡特別,5,ケルピー,https://db.netkeiba.com/horse/2022101801/,2022101801,セ,4,58.0,赤岡修,,,11,2024/11/02,5東京1,2歳新馬,,7,13,ダ1600,ダ,1600,重,9.0,13,122.9,35.6,1.3,56,15-13,1:40.7,木幡巧也,486(0),小雨,15.0,13.0,,13.0
2026-07-25-01-08,202604020108,2026-07-25,新潟,8,清津峡特別,6,コッレヴェッキオ,https://db.netkeiba.com/horse/2021105730/,2021105730,セ,5,58.0,北村宏,,,0,2026/05/16,2東京7,4歳以上1勝クラス,,7,14,ダ1600,ダ,1600,良,2.0,11,77.0,36.6,0.1,58,5-6,1:38.0,北村宏司,478(+6),晴,5.0,6.0,,6.0
2026-07-25-01-08,202604020108,2026-07-25,新潟,8,清津峡特別,6,コッレヴェッキオ,https://db.netkeiba.com/horse/2021105730/,2021105730,セ,5,58.0,北村宏,,,1,2025/11/22,3福島5,3歳以上1勝クラス,,8,15,ダ1700,ダ,1700,良,13.0,8,31.1,41.0,2.6,58,10-8-6-5,1:48.7,北村宏司,472(-8),晴,10.0,8.0,6.0,5.0
2026-07-25-01-08,202604020108,2026-07-25,新潟,8,清津峡特別,6,コッレヴェッキオ,https://db.netkeiba.com/horse/2021105730/,2021105730,セ,5,58.0,北村宏,,,2,2025/09/28,4中山9,3歳以上1勝クラス,,2,4,ダ1800,ダ,1800,良,13.0,7,13.6,38.4,1.5,58,14-13-12-11,1:55.8,岩田望来,480(-2),晴,14.0,13.0,12.0,11.0
2026-07-25-01-08,202604020108,2026-07-25,新潟,8,清津峡特別,6,コッレヴェッキオ,https://db.netkeiba.com/horse/2021105730/,2021105730,セ,5,58.0,北村宏,,,3,2025/06/15,1函館2,3歳以上1勝クラス,,5,5,ダ1700,ダ,1700,良,4.0,6,13.5,38.8,1.3,58,10-9-3-2,1:46.7,岩田康誠,482(+8),曇,10.0,9.0,3.0,2.0
2026-07-25-01-08,202604020108,2026-07-25,新潟,8,清津峡特別,6,コッレヴェッキオ,https://db.netkeiba.com/horse/2021105730/,2021105730,セ,5,58.0,北村宏,,,4,2025/03/23,1阪神8,4歳以上1勝クラス,,7,11,ダ1800,ダ,1800,良,9.0,5,10.7,38.5,2.5,58,13-13-12-12,1:55.8,鮫島克駿,474(-2),晴,13.0,13.0,12.0,12.0
2026-07-25-01-08,202604020108,2026-07-25,新潟,8,清津峡特別,6,コッレヴェッキオ,https://db.netkeiba.com/horse/2021105730/,2021105730,セ,5,58.0,北村宏,,,5,2025/01/25,1中山8,4歳以上1勝クラス,,6,12,ダ1800,ダ,1800,良,4.0,2,7.6,37.9,0.5,57,10-10-12-7,1:55.6,吉田豊,476(+4),曇,10.0,10.0,12.0,7.0
2026-07-25-01-08,202604020108,2026-07-25,新潟,8,清津峡特別,6,コッレヴェッキオ,https://db.netkeiba.com/horse/2021105730/,2021105730,セ,5,58.0,北村宏,,,6,2024/11/23,5東京7,3歳以上1勝クラス,,3,5,ダ1600,ダ,1600,稍,13.0,3,6.8,38.2,2.5,57,8-8,1:38.7,ビュイッ,472(-4),晴,8.0,8.0,,8.0
2026-07-25-01-08,202604020108,2026-07-25,新潟,8,清津峡特別,6,コッレヴェッキオ,https://db.netkeiba.com/horse/2021105730/,2021105730,セ,5,58.0,北村宏,,,7,2024/09/22,4中山7,3歳以上1勝クラス,,3,3,ダ1800,ダ,1800,良,3.0,1,1.6,38.6,0.6,55,10-10-4-2,1:54.7,戸崎圭太,476(0),曇,10.0,10.0,4.0,2.0
2026-07-25-01-08,202604020108,2026-07-25,新潟,8,清津峡特別,6,コッレヴェッキオ,https://db.netkeiba.com/horse/2021105730/,2021105730,セ,5,58.0,北村宏,,,8,2024/09/07,4中山1,3歳以上1勝クラス,,4,7,ダ1800,ダ,1800,良,3.0,6,13.0,37.9,0.4,55,8-9-8-6,1:53.0,鮫島克駿,476(+4),晴,8.0,9.0,8.0,6.0
2026-07-25-01-08,202604020108,2026-07-25,新潟,8,清津峡特別,6,コッレヴェッキオ,https://db.netkeiba.com/horse/2021105730/,2021105730,セ,5,58.0,北村宏,,,9,2024/06/30,2福島2,3歳未勝利,,1,1,ダ1700,ダ,1700,良,1.0,5,13.4,37.7,-0.5,56,15-14-1-1,1:48.7,西塚洸二,472(+6),曇,15.0,14.0,1.0,1.0
2026-07-25-01-08,202604020108,2026-07-25,新潟,8,清津峡特別,6,コッレヴェッキオ,https://db.netkeiba.com/horse/2021105730/,2021105730,セ,5,58.0,北村宏,,,10,2024/04/21,2東京2,3歳未勝利,,7,13,芝1800,芝,1800,良,11.0,10,56.0,33.9,1.5,57,14-12-12,1:49.4,武藤雅,466(-2),晴,14.0,12.0,12.0,12.0
2026-07-25-01-08,202604020108,2026-07-25,新潟,8,清津峡特別,6,コッレヴェッキオ,https://db.netkeiba.com/horse/2021105730/,2021105730,セ,5,58.0,北村宏,,,11,2023/12/24,5中山8,2歳新馬,,7,13,芝1600,芝,1600,良,9.0,4,8.1,34.9,0.4,56,11-10-9,1:37.0,柴田大知,468(0),曇,11.0,10.0,9.0,9.0
2026-07-25-01-08,202604020108,2026-07-25,新潟,8,清津峡特別,7,サトノフェンサー,https://db.netkeiba.com/horse/2023103157/,2023103157,牡,3,55.0,三浦,,,0,2026/04/26,2東京2,3歳未勝利,,7,12,ダ1600,ダ,1600,稍,1.0,2,2.7,36.9,-0.1,57,7-7,1:39.5,三浦皇成,538(+2),晴,7.0,7.0,,7.0
2026-07-25-01-08,202604020108,2026-07-25,新潟,8,清津峡特別,7,サトノフェンサー,https://db.netkeiba.com/horse/2023103157/,2023103157,牡,3,55.0,三浦,,,1,2026/01/11,1中山4,3歳新馬,,5,9,ダ1800,ダ,1800,良,6.0,2,4.3,38.9,1.0,57,11-11-8-8,1:56.9,三浦皇成,536(0),晴,11.0,11.0,8.0,8.0
2026-07-25-01-08,202604020108,2026-07-25,新潟,8,清津峡特別,8,パイオニアスクエア,https://db.netkeiba.com/horse/2022105367/,2022105367,牡,4,58.0,富田,,,0,2026/06/27,2小倉1,八代特別(1勝クラス),,6,6,芝2000,芝,2000,稍,5.0,6,23.8,35.4,0.1,58,1-1-1-1,2:00.0,富田暁,492(+2),曇,1.0,1.0,1.0,1.0
2026-07-25-01-08,202604020108,2026-07-25,新潟,8,清津峡特別,8,パイオニアスクエア,https://db.netkeiba.com/horse/2022105367/,2022105367,牡,4,58.0,富田,,,1,2026/05/10,1新潟4,荒川峡特別(1勝クラス),,6,10,芝2400,芝,2400,良,8.0,4,7.9,36.6,1.8,58,3-3-4-3,2:28.3,富田暁,490(-8),晴,3.0,3.0,4.0,3.0
2026-07-25-01-08,202604020108,2026-07-25,新潟,8,清津峡特別,8,パイオニアスクエア,https://db.netkeiba.com/horse/2022105367/,2022105367,牡,4,58.0,富田,,,2,2026/03/29,1中京6,4歳以上1勝クラス,,3,3,芝2200,芝,2200,良,2.0,8,21.8,35.2,0.3,57,1-1-1-1,2:11.9,富田暁,498(+12),晴,1.0,1.0,1.0,1.0
2026-07-25-01-08,202604020108,2026-07-25,新潟,8,清津峡特別,8,パイオニアスクエア,https://db.netkeiba.com/horse/2022105367/,2022105367,牡,4,58.0,富田,,,3,2025/09/07,4阪神2,3歳未勝利,,7,14,芝2000,芝,2000,良,3.0,2,4.6,36.3,0.8,57,8-10-6-6,1:59.3,川田将雅,486(-2),晴,8.0,10.0,6.0,6.0
2026-07-25-01-08,202604020108,2026-07-25,新潟,8,清津峡特別,8,パイオニアスクエア,https://db.netkeiba.com/horse/2022105367/,2022105367,牡,4,58.0,富田,,,4,2025/08/16,3中京7,3歳未勝利,,3,5,芝2200,芝,2200,良,5.0,1,2.4,35.5,0.7,57,3-3-3-3,2:13.1,川田将雅,488(-6),晴,3.0,3.0,3.0,3.0
2026-07-25-01-08,202604020108,2026-07-25,新潟,8,清津峡特別,8,パイオニアスクエア,https://db.netkeiba.com/horse/2022105367/,2022105367,牡,4,58.0,富田,,,5,2025/07/27,3中京2,3歳未勝利,,1,1,芝2200,芝,2200,良,2.0,3,6.8,34.5,0.0,57,3-3-4-4,2:13.6,和田竜二,494(+4),晴,3.0,3.0,4.0,4.0
2026-07-25-01-08,202604020108,2026-07-25,新潟,8,清津峡特別,8,パイオニアスクエア,https://db.netkeiba.com/horse/2022105367/,2022105367,牡,4,58.0,富田,,,6,2025/07/13,2小倉6,3歳未勝利,,3,5,芝1800,芝,1800,良,4.0,4,8.6,36.9,0.3,57,3-3-3-3,1:49.7,和田竜二,490(-16),曇,3.0,3.0,3.0,3.0
2026-07-25-01-08,202604020108,2026-07-25,新潟,8,清津峡特別,8,パイオニアスクエア,https://db.netkeiba.com/horse/2022105367/,2022105367,牡,4,58.0,富田,,,7,2025/06/21,3阪神5,3歳未勝利,,2,2,芝2000,芝,2000,良,3.0,5,12.3,35.8,0.2,57,5-4-3-4,2:01.5,和田竜二,506(0),晴,5.0,4.0,3.0,4.0
2026-07-25-01-08,202604020108,2026-07-25,新潟,8,清津峡特別,9,バッカステソーロ,https://db.netkeiba.com/horse/2023106753/,2023106753,牡,3,55.0,山口勲,,,0,2026/06/01,佐賀,3歳ー8組,,4,4,ダ1400,ダ,1400,良,1.0,1,1.0,40.6,-0.8,56,1-1-1-1,1:31.5,山口勲,465(-8),曇,1.0,1.0,1.0,1.0
2026-07-25-01-08,202604020108,2026-07-25,新潟,8,清津峡特別,9,バッカステソーロ,https://db.netkeiba.com/horse/2023106753/,2023106753,牡,3,55.0,山口勲,,,1,2026/05/23,佐賀,SAGAリベンジャー(3歳),,3,3,ダ1300,ダ,1300,良,1.0,1,1.5,38.9,-0.6,56,5-3-1-1,1:24.3,山口勲,473(+15),曇,5.0,3.0,1.0,1.0
2026-07-25-01-08,202604020108,2026-07-25,新潟,8,清津峡特別,9,バッカステソーロ,https://db.netkeiba.com/horse/2023106753/,2023106753,牡,3,55.0,山口勲,,,2,2026/03/07,2中山3,3歳未勝利,,7,13,芝2200,芝,2200,稍,12.0,8,57.1,36.7,1.4,57,17-18-14-12,2:17.0,大野拓弥,458(0),晴,17.0,18.0,14.0,12.0
2026-07-25-01-08,202604020108,2026-07-25,新潟,8,清津峡特別,10,ハルノアラシ,https://db.netkeiba.com/horse/2022106099/,2022106099,牡,4,58.0,石川,,,0,2026/07/11,2福島5,3歳以上1勝クラス,,1,2,ダ1150,ダ,1150,良,9.0,11,102.8,35.4,0.9,58,15-15,1:08.7,石川裕紀,512(-10),曇,15.0,15.0,,15.0
2026-07-25-01-08,202604020108,2026-07-25,新潟,8,清津峡特別,10,ハルノアラシ,https://db.netkeiba.com/horse/2022106099/,2022106099,牡,4,58.0,石川,,,1,2026/05/23,2東京9,4歳以上1勝クラス,,7,14,ダ1400,ダ,1400,稍,7.0,8,38.3,35.2,0.7,58,14-14,1:25.4,荻野極,522(+4),曇,14.0,14.0,,14.0
2026-07-25-01-08,202604020108,2026-07-25,新潟,8,清津峡特別,10,ハルノアラシ,https://db.netkeiba.com/horse/2022106099/,2022106099,牡,4,58.0,石川,,,2,2026/05/02,2東京3,4歳以上1勝クラス,,5,10,ダ1400,ダ,1400,重,6.0,8,17.0,35.9,0.9,58,12-12,1:25.9,荻野極,518(+2),晴,12.0,12.0,,12.0
2026-07-25-01-08,202604020108,2026-07-25,新潟,8,清津峡特別,10,ハルノアラシ,https://db.netkeiba.com/horse/2022106099/,2022106099,牡,4,58.0,石川,,,3,2026/02/28,1阪神3,4歳以上1勝クラス,,4,8,ダ1400,ダ,1400,良,9.0,8,26.4,37.6,1.5,58,11-8,1:25.7,岩田望来,516(+2),曇,11.0,8.0,,8.0
2026-07-25-01-08,202604020108,2026-07-25,新潟,8,清津峡特別,10,ハルノアラシ,https://db.netkeiba.com/horse/2022106099/,2022106099,牡,4,58.0,石川,,,4,2026/01/04,1中山1,4歳以上1勝クラス,,5,10,ダ1800,ダ,1800,稍,13.0,9,17.6,41.9,2.9,57,13-12-5-5,1:56.7,石川裕紀,514(-8),晴,13.0,12.0,5.0,5.0
2026-07-25-01-08,202604020108,2026-07-25,新潟,8,清津峡特別,10,ハルノアラシ,https://db.netkeiba.com/horse/2022106099/,2022106099,牡,4,58.0,石川,,,5,2025/11/01,4東京10,3歳以上1勝クラス,,5,10,ダ2100,ダ,2100,重,8.0,12,40.5,37.1,0.9,56,14-14-15-12,2:10.6,石川裕紀,522(+6),曇,14.0,14.0,15.0,12.0
2026-07-25-01-08,202604020108,2026-07-25,新潟,8,清津峡特別,10,ハルノアラシ,https://db.netkeiba.com/horse/2022106099/,2022106099,牡,4,58.0,石川,,,6,2025/10/13,4東京5,3歳以上1勝クラス,,3,5,ダ2100,ダ,2100,良,8.0,5,8.4,39.0,1.0,56,14-12-10-8,2:14.1,石川裕紀,516(+4),曇,14.0,12.0,10.0,8.0
2026-07-25-01-08,202604020108,2026-07-25,新潟,8,清津峡特別,10,ハルノアラシ,https://db.netkeiba.com/horse/2022106099/,2022106099,牡,4,58.0,石川,,,7,2025/09/14,4中山4,3歳以上1勝クラス,,5,9,ダ1800,ダ,1800,稍,10.0,3,4.7,38.6,3.1,55,11-11-11-11,1:54.7,石川裕紀,512(-2),曇,11.0,11.0,11.0,11.0
2026-07-25-01-08,202604020108,2026-07-25,新潟,8,清津峡特別,10,ハルノアラシ,https://db.netkeiba.com/horse/2022106099/,2022106099,牡,4,58.0,石川,,,8,2025/05/11,2東京6,3歳1勝クラス,,6,11,ダ2100,ダ,2100,稍,6.0,9,20.9,36.5,1.4,57,14-14-14-14,2:10.5,石川裕紀,514(+2),晴,14.0,14.0,14.0,14.0
2026-07-25-01-08,202604020108,2026-07-25,新潟,8,清津峡特別,10,ハルノアラシ,https://db.netkeiba.com/horse/2022106099/,2022106099,牡,4,58.0,石川,,,9,2025/04/20,3中山8,3歳1勝クラス,,8,14,ダ1800,ダ,1800,良,5.0,10,50.0,38.8,1.4,57,12-12-2-2,1:54.3,丹内祐次,512(+2),曇,12.0,12.0,2.0,2.0
2026-07-25-01-08,202604020108,2026-07-25,新潟,8,清津峡特別,10,ハルノアラシ,https://db.netkeiba.com/horse/2022106099/,2022106099,牡,4,58.0,石川,,,10,2025/04/06,3中山4,3歳1勝クラス,,4,5,ダ1800,ダ,1800,稍,4.0,6,20.8,38.5,0.6,57,13-13-10-8,1:53.9,石川裕紀,510(-4),小雨,13.0,13.0,10.0,8.0
2026-07-25-01-08,202604020108,2026-07-25,新潟,8,清津峡特別,10,ハルノアラシ,https://db.netkeiba.com/horse/2022106099/,2022106099,牡,4,58.0,石川,,,11,2025/03/08,2中山3,3歳未勝利,,8,15,ダ1800,ダ,1800,重,1.0,1,2.6,39.3,-0.1,57,14-13-2-2,1:55.5,石川裕紀,514(+2),曇,14.0,13.0,2.0,2.0
2026-07-25-01-08,202604020108,2026-07-25,新潟,8,清津峡特別,10,ハルノアラシ,https://db.netkeiba.com/horse/2022106099/,2022106099,牡,4,58.0,石川,,,12,2025/01/25,1中山8,3歳未勝利,,7,14,ダ1800,ダ,1800,良,2.0,1,2.6,38.7,0.4,57,10-10-2-2,1:56.2,石川裕紀,512(0),曇,10.0,10.0,2.0,2.0
2026-07-25-01-08,202604020108,2026-07-25,新潟,8,清津峡特別,10,ハルノアラシ,https://db.netkeiba.com/horse/2022106099/,2022106099,牡,4,58.0,石川,,,13,2025/01/12,1中山4,3歳未勝利,,5,9,ダ1800,ダ,1800,良,2.0,4,22.8,39.6,1.5,57,12-11-5-3,1:55.7,石川裕紀,512(+4),曇,12.0,11.0,5.0,3.0
2026-07-25-01-08,202604020108,2026-07-25,新潟,8,清津峡特別,10,ハルノアラシ,https://db.netkeiba.com/horse/2022106099/,2022106099,牡,4,58.0,石川,,,14,2024/12/14,5中山5,2歳未勝利,,3,5,ダ1800,ダ,1800,良,5.0,4,9.5,41.2,1.2,56,8-8-9-7,1:58.1,石川裕紀,508(-8),晴,8.0,8.0,9.0,7.0
2026-07-25-01-08,202604020108,2026-07-25,新潟,8,清津峡特別,10,ハルノアラシ,https://db.netkeiba.com/horse/2022106099/,2022106099,牡,4,58.0,石川,,,15,2024/10/20,4新潟6,2歳未勝利,,3,3,ダ1800,ダ,1800,稍,5.0,2,2.6,42.8,5.5,55,3-5-5-5,1:58.5,横山琉人,516(+4),晴,3.0,5.0,5.0,5.0
2026-07-25-01-08,202604020108,2026-07-25,新潟,8,清津峡特別,10,ハルノアラシ,https://db.netkeiba.com/horse/2022106099/,2022106099,牡,4,58.0,石川,,,16,2024/10/05,4新潟1,2歳未勝利,,8,12,ダ1800,ダ,1800,重,2.0,3,5.3,38.5,0.6,55,7-6-5-3,1:54.1,横山琉人,512(-6),曇,7.0,6.0,5.0,3.0
2026-07-25-01-08,202604020108,2026-07-25,新潟,8,清津峡特別,10,ハルノアラシ,https://db.netkeiba.com/horse/2022106099/,2022106099,牡,4,58.0,石川,,,17,2024/07/28,2新潟2,2歳未勝利,,6,6,ダ1200,ダ,1200,良,4.0,2,2.8,38.0,1.6,54,6-5,1:13.8,横山琉人,518(+8),曇,6.0,5.0,,5.0
2026-07-25-01-08,202604020108,2026-07-25,新潟,8,清津峡特別,10,ハルノアラシ,https://db.netkeiba.com/horse/2022106099/,2022106099,牡,4,58.0,石川,,,18,2024/07/14,2福島6,2歳新馬,,5,5,ダ1150,ダ,1150,稍,3.0,3,5.5,37.3,0.2,54,6-4,1:11.8,横山琉人,510(0),曇,6.0,4.0,,4.0
2026-07-25-01-08,202604020108,2026-07-25,新潟,8,清津峡特別,11,ブレスドナイル,https://db.netkeiba.com/horse/2022110061/,2022110061,牝,4,56.0,斎藤,,,0,2026/06/07,3阪神2,3歳以上1勝クラス,,7,9,ダ1800,ダ,1800,稍,7.0,10,152.8,37.4,2.4,56,8-8-7-7,1:53.7,斎藤新,446(0),小雨,8.0,8.0,7.0,7.0
2026-07-25-01-08,202604020108,2026-07-25,新潟,8,清津峡特別,11,ブレスドナイル,https://db.netkeiba.com/horse/2022110061/,2022110061,牝,4,56.0,斎藤,,,1,2026/05/23,3京都9,4歳以上1勝クラス,,3,6,ダ1800,ダ,1800,稍,5.0,13,104.4,37.3,1.5,56,9-10-10-10,1:54.2,吉村誠之,446(+6),曇,9.0,10.0,10.0,10.0
2026-07-25-01-08,202604020108,2026-07-25,新潟,8,清津峡特別,11,ブレスドナイル,https://db.netkeiba.com/horse/2022110061/,2022110061,牝,4,56.0,斎藤,,,2,2026/05/02,1新潟1,4歳以上1勝クラス,,4,7,ダ1800,ダ,1800,重,4.0,11,74.2,39.7,0.4,54,13-13-13-13,1:55.6,今村聖奈,440(+2),晴,13.0,13.0,13.0,13.0
2026-07-25-01-08,202604020108,2026-07-25,新潟,8,清津峡特別,11,ブレスドナイル,https://db.netkeiba.com/horse/2022110061/,2022110061,牝,4,56.0,斎藤,,,3,2026/02/22,1阪神2,4歳以上1勝クラス,,7,13,ダ1800,ダ,1800,良,12.0,11,68.4,41.2,2.5,55,6-5-7-5,1:56.7,酒井学,438(-8),晴,6.0,5.0,7.0,5.0
2026-07-25-01-08,202604020108,2026-07-25,新潟,8,清津峡特別,11,ブレスドナイル,https://db.netkeiba.com/horse/2022110061/,2022110061,牝,4,56.0,斎藤,,,4,2026/01/31,1小倉3,4歳以上1勝クラス,,8,15,ダ1700,ダ,1700,良,10.0,7,15.1,38.6,1.5,52,11-10-9-10,1:46.7,田山旺佑,446(-12),晴,11.0,10.0,9.0,10.0
2026-07-25-01-08,202604020108,2026-07-25,新潟,8,清津峡特別,11,ブレスドナイル,https://db.netkeiba.com/horse/2022110061/,2022110061,牝,4,56.0,斎藤,,,5,2025/10/30,門別,ケナフ特別(C1),,8,12,ダ1700,ダ,1700,稍,1.0,2,2.3,40.7,-0.1,55,1-1-2-2,1:51.4,服部茂史,458(-2),晴,1.0,1.0,2.0,2.0
2026-07-25-01-08,202604020108,2026-07-25,新潟,8,清津峡特別,11,ブレスドナイル,https://db.netkeiba.com/horse/2022110061/,2022110061,牝,4,56.0,斎藤,,,6,2025/10/15,門別,ブッドレア特別(C2),,7,8,ダ1800,ダ,1800,稍,1.0,2,3.5,38.2,-1.0,55,1-1-1-1,1:59.0,服部茂史,460(+4),晴,1.0,1.0,1.0,1.0
2026-07-25-01-08,202604020108,2026-07-25,新潟,8,清津峡特別,11,ブレスドナイル,https://db.netkeiba.com/horse/2022110061/,2022110061,牝,4,56.0,斎藤,,,7,2025/10/01,門別,ジャノメギク特別(C2),,6,8,ダ1700,ダ,1700,重,6.0,1,1.9,39.5,1.2,55,8-8-8-7,1:52.4,服部茂史,456(+14),雨,8.0,8.0,8.0,7.0
2026-07-25-01-08,202604020108,2026-07-25,新潟,8,清津峡特別,11,ブレスドナイル,https://db.netkeiba.com/horse/2022110061/,2022110061,牝,4,56.0,斎藤,,,8,2025/09/07,2札幌6,3歳未勝利,,4,6,ダ1700,ダ,1700,稍,4.0,5,9.8,38.5,0.1,55,3-3-4-4,1:46.3,佐々木大,442(0),曇,3.0,3.0,4.0,4.0
2026-07-25-01-08,202604020108,2026-07-25,新潟,8,清津峡特別,11,ブレスドナイル,https://db.netkeiba.com/horse/2022110061/,2022110061,牝,4,56.0,斎藤,,,9,2025/08/10,3中京6,3歳未勝利,,3,5,ダ1800,ダ,1800,良,3.0,2,5.1,39.3,0.3,55,3-3-3-3,1:55.2,佐々木大,442(+2),曇,3.0,3.0,3.0,3.0
2026-07-25-01-08,202604020108,2026-07-25,新潟,8,清津峡特別,11,ブレスドナイル,https://db.netkeiba.com/horse/2022110061/,2022110061,牝,4,56.0,斎藤,,,10,2025/07/27,3中京2,3歳未勝利,,5,10,ダ1800,ダ,1800,良,5.0,10,41.7,39.1,0.4,55,2-2-2-2,1:54.5,亀田温心,440(+8),晴,2.0,2.0,2.0,2.0
2026-07-25-01-08,202604020108,2026-07-25,新潟,8,清津峡特別,11,ブレスドナイル,https://db.netkeiba.com/horse/2022110061/,2022110061,牝,4,56.0,斎藤,,,11,2025/05/04,2京都4,3歳未勝利,,1,1,ダ1800,ダ,1800,稍,11.0,6,25.6,40.8,3.0,55,4-5-7-8,1:56.8,松山弘平,432(-2),晴,4.0,5.0,7.0,8.0
2026-07-25-01-08,202604020108,2026-07-25,新潟,8,清津峡特別,11,ブレスドナイル,https://db.netkeiba.com/horse/2022110061/,2022110061,牝,4,56.0,斎藤,,,12,2025/04/19,2阪神7,3歳未勝利,,6,11,ダ2000,ダ,2000,良,6.0,10,55.2,40.1,1.1,55,1-1-1-1,2:09.6,岩田康誠,434(-2),晴,1.0,1.0,1.0,1.0
2026-07-25-01-08,202604020108,2026-07-25,新潟,8,清津峡特別,11,ブレスドナイル,https://db.netkeiba.com/horse/2022110061/,2022110061,牝,4,56.0,斎藤,,,13,2025/02/23,1小倉10,3歳未勝利,,5,6,ダ1700,ダ,1700,良,8.0,3,5.9,39.4,2.8,52,6-6-7-8,1:48.4,柴田裕一,436(-6),小雨,6.0,6.0,7.0,8.0
2026-07-25-01-08,202604020108,2026-07-25,新潟,8,清津峡特別,11,ブレスドナイル,https://db.netkeiba.com/horse/2022110061/,2022110061,牝,4,56.0,斎藤,,,14,2025/02/01,1小倉3,3歳未勝利,,1,1,芝2000,芝,2000,稍,5.0,5,19.6,36.2,0.5,55,6-6-7-7,2:04.0,秋山稔樹,442(-4),雨,6.0,6.0,7.0,7.0
2026-07-25-01-08,202604020108,2026-07-25,新潟,8,清津峡特別,11,ブレスドナイル,https://db.netkeiba.com/horse/2022110061/,2022110061,牝,4,56.0,斎藤,,,15,2024/11/16,3福島5,2歳未勝利,,6,11,ダ1700,ダ,1700,良,5.0,5,13.7,38.9,2.1,55,3-3-3-3,1:48.1,亀田温心,446(-10),晴,3.0,3.0,3.0,3.0
2026-07-25-01-08,202604020108,2026-07-25,新潟,8,清津峡特別,11,ブレスドナイル,https://db.netkeiba.com/horse/2022110061/,2022110061,牝,4,56.0,斎藤,,,16,2024/11/03,3福島2,2歳新馬,,6,11,ダ1700,ダ,1700,重,4.0,5,13.2,38.9,0.3,55,6-6-5-4,1:47.8,亀田温心,456(0),晴,6.0,6.0,5.0,4.0
2026-07-25-01-08,202604020108,2026-07-25,新潟,8,清津峡特別,12,メトロポリターナ,https://db.netkeiba.com/horse/2021110040/,2021110040,牝,5,56.0,丸田,,,0,2026/06/20,3東京5,3歳以上1勝クラス,,8,15,ダ1600,ダ,1600,不,10.0,12,71.9,36.7,1.6,56,6-8,1:37.2,丸田恭介,500(+6),雨,6.0,8.0,,8.0
2026-07-25-01-08,202604020108,2026-07-25,新潟,8,清津峡特別,12,メトロポリターナ,https://db.netkeiba.com/horse/2021110040/,2021110040,牝,5,56.0,丸田,,,1,2026/05/02,1新潟1,4歳以上1勝クラス,,3,4,ダ1800,ダ,1800,重,5.0,14,158.7,41.0,0.6,56,8-7-7-7,1:55.8,丸田恭介,494(-2),晴,8.0,7.0,7.0,7.0
2026-07-25-01-08,202604020108,2026-07-25,新潟,8,清津峡特別,12,メトロポリターナ,https://db.netkeiba.com/horse/2021110040/,2021110040,牝,5,56.0,丸田,,,2,2026/04/19,1福島4,4歳以上1勝クラス,,2,2,ダ1700,ダ,1700,良,9.0,11,60.4,39.3,2.0,56,5-4-5-4,1:47.1,菊沢一樹,496(-4),晴,5.0,4.0,5.0,4.0
2026-07-25-01-08,202604020108,2026-07-25,新潟,8,清津峡特別,12,メトロポリターナ,https://db.netkeiba.com/horse/2021110040/,2021110040,牝,5,56.0,丸田,,,3,2026/03/29,3中山2,4歳以上1勝クラス,,4,7,ダ1800,ダ,1800,稍,10.0,10,42.8,39.7,1.5,56,12-12-12-12,1:55.3,菊沢一樹,500(+4),晴,12.0,12.0,12.0,12.0
2026-07-25-01-08,202604020108,2026-07-25,新潟,8,清津峡特別,12,メトロポリターナ,https://db.netkeiba.com/horse/2021110040/,2021110040,牝,5,56.0,丸田,,,4,2026/03/15,2中山6,4歳以上1勝クラス,,2,3,ダ1800,ダ,1800,良,5.0,11,57.5,39.6,1.5,56,7-7-6-6,1:55.0,原優介,496(0),晴,7.0,7.0,6.0,6.0
2026-07-25-01-08,202604020108,2026-07-25,新潟,8,清津峡特別,12,メトロポリターナ,https://db.netkeiba.com/horse/2021110040/,2021110040,牝,5,56.0,丸田,,,5,2026/01/25,1中山9,4歳以上1勝クラス,,8,15,ダ1800,ダ,1800,良,6.0,11,174.8,40.2,0.8,56,11-11-7-5,1:56.1,原優介,496(+8),晴,11.0,11.0,7.0,5.0
2026-07-25-01-08,202604020108,2026-07-25,新潟,8,清津峡特別,12,メトロポリターナ,https://db.netkeiba.com/horse/2021110040/,2021110040,牝,5,56.0,丸田,,,6,2025/12/28,5阪神8,3歳以上1勝クラス,,1,1,ダ1400,ダ,1400,良,10.0,15,195.7,37.4,1.6,56,15-15,1:25.5,秋山稔樹,488(-2),晴,15.0,15.0,,15.0
2026-07-25-01-08,202604020108,2026-07-25,新潟,8,清津峡特別,12,メトロポリターナ,https://db.netkeiba.com/horse/2021110040/,2021110040,牝,5,56.0,丸田,,,7,2025/12/07,5中京2,3歳以上1勝クラス,,8,16,芝1400,芝,1400,良,18.0,15,160.3,34.4,1.1,56,9-14,1:21.5,原優介,490(-24),晴,9.0,14.0,,14.0
2026-07-25-01-08,202604020108,2026-07-25,新潟,8,清津峡特別,12,メトロポリターナ,https://db.netkeiba.com/horse/2021110040/,2021110040,牝,5,56.0,丸田,,,8,2025/09/28,佐賀,フジバカマ賞,,3,3,ダ1400,ダ,1400,稍,1.0,1,1.4,37.7,0.0,53,4-3-3-2,1:29.3,山田義貴,514(0),曇,4.0,3.0,3.0,2.0
2026-07-25-01-08,202604020108,2026-07-25,新潟,8,清津峡特別,12,メトロポリターナ,https://db.netkeiba.com/horse/2021110040/,2021110040,牝,5,56.0,丸田,,,9,2025/09/07,佐賀,KYUSHUDREA(B),,1,1,ダ1400,ダ,1400,良,1.0,1,1.4,38.2,0.0,54,5-5-3-4,1:30.1,山田義貴,514(+4),晴,5.0,5.0,3.0,4.0
2026-07-25-01-08,202604020108,2026-07-25,新潟,8,清津峡特別,12,メトロポリターナ,https://db.netkeiba.com/horse/2021110040/,2021110040,牝,5,56.0,丸田,,,10,2025/08/17,佐賀,Bー4組,,2,2,ダ1300,ダ,1300,良,2.0,1,1.4,37.5,0.2,54,4-3-4-4,1:23.2,山田義貴,510(+9),曇,4.0,3.0,4.0,4.0
2026-07-25-01-08,202604020108,2026-07-25,新潟,8,清津峡特別,12,メトロポリターナ,https://db.netkeiba.com/horse/2021110040/,2021110040,牝,5,56.0,丸田,,,11,2025/07/22,佐賀,Bー5組,,7,9,ダ1300,ダ,1300,良,1.0,3,3.3,36.8,-0.1,54,7-7-2-2,1:23.2,山田義貴,501(+3),晴,7.0,7.0,2.0,2.0
2026-07-25-01-08,202604020108,2026-07-25,新潟,8,清津峡特別,12,メトロポリターナ,https://db.netkeiba.com/horse/2021110040/,2021110040,牝,5,56.0,丸田,,,12,2025/06/21,佐賀,長崎街道原田宿特選(C1),,7,9,ダ1400,ダ,1400,良,3.0,1,1.3,39.2,0.3,54,5-6-4-2,1:30.8,山田義貴,498(-3),曇,5.0,6.0,4.0,2.0
2026-07-25-01-08,202604020108,2026-07-25,新潟,8,清津峡特別,12,メトロポリターナ,https://db.netkeiba.com/horse/2021110040/,2021110040,牝,5,56.0,丸田,,,13,2025/06/08,佐賀,長崎街道内野宿特選(C1),,7,8,ダ1400,ダ,1400,良,2.0,1,1.3,38.7,0.5,54,4-4-2-2,1:29.8,山田義貴,501(+3),小雨,4.0,4.0,2.0,2.0
2026-07-25-01-08,202604020108,2026-07-25,新潟,8,清津峡特別,12,メトロポリターナ,https://db.netkeiba.com/horse/2021110040/,2021110040,牝,5,56.0,丸田,,,14,2025/05/24,佐賀,C1ー5組,,7,9,ダ1400,ダ,1400,不,1.0,1,1.0,38.2,-0.3,54,6-6-2-2,1:30.0,山田義貴,498(-4),小雨,6.0,6.0,2.0,2.0
2026-07-25-01-08,202604020108,2026-07-25,新潟,8,清津峡特別,12,メトロポリターナ,https://db.netkeiba.com/horse/2021110040/,2021110040,牝,5,56.0,丸田,,,15,2025/05/17,佐賀,菖蒲月賞(C1),,8,11,ダ1400,ダ,1400,不,1.0,1,1.0,38.3,-1.9,54,3-4-2-1,1:29.1,山田義貴,502(+9),曇,3.0,4.0,2.0,1.0
2026-07-25-01-08,202604020108,2026-07-25,新潟,8,清津峡特別,12,メトロポリターナ,https://db.netkeiba.com/horse/2021110040/,2021110040,牝,5,56.0,丸田,,,16,2025/04/26,佐賀,おとめ座特選(C2),,7,8,ダ1300,ダ,1300,稍,1.0,1,1.7,37.8,-0.3,54,5-4-3-1,1:22.6,山田義貴,493(+8),晴,5.0,4.0,3.0,1.0
2026-07-25-01-08,202604020108,2026-07-25,新潟,8,清津峡特別,12,メトロポリターナ,https://db.netkeiba.com/horse/2021110040/,2021110040,牝,5,56.0,丸田,,,17,2025/03/20,園田,C1,,6,7,ダ1400,ダ,1400,稍,5.0,1,2.6,40.6,1.9,55,6-6-7-5,1:33.1,笹田知宏,485(+2),晴,6.0,6.0,7.0,5.0
2026-07-25-01-08,202604020108,2026-07-25,新潟,8,清津峡特別,12,メトロポリターナ,https://db.netkeiba.com/horse/2021110040/,2021110040,牝,5,56.0,丸田,,,18,2025/03/04,姫路,C1,,8,10,ダ1500,ダ,1500,不,1.0,3,6.3,38.4,-0.1,54,2-2-2-1,1:39.6,杉浦健太,483(0),雨,2.0,2.0,2.0,1.0
2026-07-25-01-08,202604020108,2026-07-25,新潟,8,清津峡特別,12,メトロポリターナ,https://db.netkeiba.com/horse/2021110040/,2021110040,牝,5,56.0,丸田,,,19,2025/02/13,姫路,ストロベリーキャンド(C1),,8,11,ダ1500,ダ,1500,稍,3.0,6,13.6,40.5,0.7,54,3-4-4-5,1:40.4,川原正一,483(-4),曇,3.0,4.0,4.0,5.0
2026-07-25-01-08,202604020108,2026-07-25,新潟,8,清津峡特別,12,メトロポリターナ,https://db.netkeiba.com/horse/2021110040/,2021110040,牝,5,56.0,丸田,,,20,2025/01/14,園田,C1,,3,3,ダ1870,ダ,1870,良,5.0,3,7.2,41.9,0.9,54,1-1-2-1,2:08.3,川原正一,487(0),曇,1.0,1.0,2.0,1.0
2026-07-25-01-08,202604020108,2026-07-25,新潟,8,清津峡特別,12,メトロポリターナ,https://db.netkeiba.com/horse/2021110040/,2021110040,牝,5,56.0,丸田,,,21,2024/12/17,園田,C2二,,1,1,ダ1400,ダ,1400,良,1.0,1,1.6,40.2,-0.6,54,6-6-7-3,1:33.1,吉村智洋,487(+11),晴,6.0,6.0,7.0,3.0
2026-07-25-01-08,202604020108,2026-07-25,新潟,8,清津峡特別,12,メトロポリターナ,https://db.netkeiba.com/horse/2021110040/,2021110040,牝,5,56.0,丸田,,,22,2023/11/25,5東京7,2歳新馬,,7,15,芝1600,芝,1600,良,4.0,6,16.8,34.2,0.3,55,3-2,1:35.2,北村宏司,476(0),曇,3.0,2.0,,2.0
2026-07-25-01-08,202604020108,2026-07-25,新潟,8,清津峡特別,13,ライヴスプーン,https://db.netkeiba.com/horse/2022104264/,2022104264,牝,4,56.0,小林脩,,,0,2026/05/24,2東京10,4歳以上1勝クラス,,3,5,芝2400,芝,2400,良,13.0,15,302.1,35.7,2.0,56,15-15-15-16,2:26.2,小林脩斗,422(+8),曇,15.0,15.0,15.0,16.0
2026-07-25-01-08,202604020108,2026-07-25,新潟,8,清津峡特別,13,ライヴスプーン,https://db.netkeiba.com/horse/2022104264/,2022104264,牝,4,56.0,小林脩,,,1,2026/05/09,1新潟3,4歳以上1勝クラス,,5,9,ダ1800,ダ,1800,稍,6.0,2,5.4,42.5,1.6,56,1-1-1-1,1:57.6,小林凌大,414(-4),晴,1.0,1.0,1.0,1.0
2026-07-25-01-08,202604020108,2026-07-25,新潟,8,清津峡特別,13,ライヴスプーン,https://db.netkeiba.com/horse/2022104264/,2022104264,牝,4,56.0,小林脩,,,2,2026/04/26,1福島6,4歳以上1勝クラス,,3,4,ダ1700,ダ,1700,良,14.0,6,18.7,40.2,1.9,56,1-1-1-1,1:47.9,小林凌大,418(-4),晴,1.0,1.0,1.0,1.0
2026-07-25-01-08,202604020108,2026-07-25,新潟,8,清津峡特別,13,ライヴスプーン,https://db.netkeiba.com/horse/2022104264/,2022104264,牝,4,56.0,小林脩,,,3,2025/12/27,5中山7,3歳以上1勝クラス,,3,5,ダ1800,ダ,1800,稍,6.0,8,20.2,39.3,1.0,55,1-1-1-1,1:54.9,小林凌大,422(+12),曇,1.0,1.0,1.0,1.0
2026-07-25-01-08,202604020108,2026-07-25,新潟,8,清津峡特別,13,ライヴスプーン,https://db.netkeiba.com/horse/2022104264/,2022104264,牝,4,56.0,小林脩,,,4,2025/12/13,5中京3,3歳以上1勝クラス,,3,6,ダ1800,ダ,1800,良,5.0,5,13.5,38.1,0.6,55,2-2-2-2,1:54.4,小林凌大,410(-2),曇,2.0,2.0,2.0,2.0
2026-07-25-01-08,202604020108,2026-07-25,新潟,8,清津峡特別,13,ライヴスプーン,https://db.netkeiba.com/horse/2022104264/,2022104264,牝,4,56.0,小林脩,,,5,2025/10/25,4新潟3,3歳以上1勝クラス,,4,6,ダ1800,ダ,1800,良,4.0,7,16.0,38.8,1.1,54,1-1-4-5,1:53.8,小林凌大,412(0),晴,1.0,1.0,4.0,5.0
2026-07-25-01-08,202604020108,2026-07-25,新潟,8,清津峡特別,13,ライヴスプーン,https://db.netkeiba.com/horse/2022104264/,2022104264,牝,4,56.0,小林脩,,,6,2025/10/18,4新潟1,3歳以上1勝クラス,,2,2,ダ1800,ダ,1800,良,9.0,5,9.2,39.0,1.8,54,5-6-12-12,1:55.4,小林凌大,412(+4),曇,5.0,6.0,12.0,12.0
2026-07-25-01-08,202604020108,2026-07-25,新潟,8,清津峡特別,13,ライヴスプーン,https://db.netkeiba.com/horse/2022104264/,2022104264,牝,4,56.0,小林脩,,,7,2025/08/30,3新潟3,3歳未勝利,,8,15,ダ1800,ダ,1800,良,1.0,7,16.1,38.3,-0.5,55,1-1-1-1,1:53.7,小林凌大,408(-8),曇,1.0,1.0,1.0,1.0
2026-07-25-01-08,202604020108,2026-07-25,新潟,8,清津峡特別,13,ライヴスプーン,https://db.netkeiba.com/horse/2022104264/,2022104264,牝,4,56.0,小林脩,,,8,2025/08/23,3新潟1,3歳未勝利,,5,8,ダ1800,ダ,1800,良,10.0,1,3.1,41.0,1.8,52,6-6-5-5,1:56.6,遠藤汰月,416(+6),晴,6.0,6.0,5.0,5.0
2026-07-25-01-08,202604020108,2026-07-25,新潟,8,清津峡特別,13,ライヴスプーン,https://db.netkeiba.com/horse/2022104264/,2022104264,牝,4,56.0,小林脩,,,9,2025/08/03,2新潟4,3歳未勝利,,4,7,ダ1800,ダ,1800,良,2.0,4,9.9,38.6,0.1,52,2-2-2-1,1:54.1,遠藤汰月,410(+2),晴,2.0,2.0,2.0,1.0
2026-07-25-01-08,202604020108,2026-07-25,新潟,8,清津峡特別,13,ライヴスプーン,https://db.netkeiba.com/horse/2022104264/,2022104264,牝,4,56.0,小林脩,,,10,2025/07/19,2福島7,3歳未勝利,,3,4,ダ1700,ダ,1700,良,3.0,11,100.4,38.3,0.1,52,4-3-6-6,1:47.2,遠藤汰月,408(-6),晴,4.0,3.0,6.0,6.0
2026-07-25-01-08,202604020108,2026-07-25,新潟,8,清津峡特別,13,ライヴスプーン,https://db.netkeiba.com/horse/2022104264/,2022104264,牝,4,56.0,小林脩,,,11,2025/07/06,2福島4,3歳未勝利,,1,1,ダ1700,ダ,1700,良,8.0,10,95.8,38.7,1.9,52,10-10-12-10,1:48.7,石田拓郎,414(+8),晴,10.0,10.0,12.0,10.0
2026-07-25-01-08,202604020108,2026-07-25,新潟,8,清津峡特別,13,ライヴスプーン,https://db.netkeiba.com/horse/2022104264/,2022104264,牝,4,56.0,小林脩,,,12,2025/05/17,1新潟5,3歳未勝利,,1,1,芝1800,芝,1800,稍,10.0,12,107.3,35.6,1.7,51,16-15,1:50.4,小林美駒,406(0),雨,16.0,15.0,,15.0
2026-07-25-01-08,202604020108,2026-07-25,新潟,8,清津峡特別,13,ライヴスプーン,https://db.netkeiba.com/horse/2022104264/,2022104264,牝,4,56.0,小林脩,,,13,2025/04/12,1福島1,3歳未勝利,,5,10,芝2000,芝,2000,良,13.0,14,240.4,35.4,0.8,51,15-15-16-14,2:02.0,小林美駒,406(-14),曇,15.0,15.0,16.0,14.0
2026-07-25-01-08,202604020108,2026-07-25,新潟,8,清津峡特別,13,ライヴスプーン,https://db.netkeiba.com/horse/2022104264/,2022104264,牝,4,56.0,小林脩,,,14,2024/12/28,5中山9,2歳未勝利,,7,14,芝1800,芝,1800,良,15.0,14,180.9,36.2,1.2,55,14-13-14-15,1:50.2,石川裕紀,420(-2),晴,14.0,13.0,14.0,15.0
2026-07-25-01-08,202604020108,2026-07-25,新潟,8,清津峡特別,13,ライヴスプーン,https://db.netkeiba.com/horse/2022104264/,2022104264,牝,4,56.0,小林脩,,,15,2024/10/20,4東京6,2歳未勝利,,4,4,芝1800,芝,1800,良,10.0,8,141.2,34.4,1.9,52,9-10-10,1:51.9,石田拓郎,422(+4),晴,9.0,10.0,10.0,10.0
2026-07-25-01-08,202604020108,2026-07-25,新潟,8,清津峡特別,13,ライヴスプーン,https://db.netkeiba.com/horse/2022104264/,2022104264,牝,4,56.0,小林脩,,,16,2024/09/29,4中山9,2歳新馬,,8,16,芝2000,芝,2000,良,14.0,9,44.2,36.0,2.0,55,14-15-14-14,2:05.1,田辺裕信,418(0),曇,14.0,15.0,14.0,14.0
2026-07-25-01-08,202604020108,2026-07-25,新潟,8,清津峡特別,14,ロケットパンチ,https://db.netkeiba.com/horse/2023100514/,2023100514,セ,3,55.0,武藤,,,0,2026/06/13,3東京3,3歳未勝利,,2,3,ダ1600,ダ,1600,稍,1.0,6,10.6,36.7,-0.1,57,4-3,1:37.2,武藤雅,458(+14),晴,4.0,3.0,,3.0
2026-07-25-01-08,202604020108,2026-07-25,新潟,8,清津峡特別,14,ロケットパンチ,https://db.netkeiba.com/horse/2023100514/,2023100514,セ,3,55.0,武藤,,,1,2026/04/11,1福島1,3歳未勝利,,2,2,ダ1700,ダ,1700,良,7.0,7,16.0,38.4,1.4,57,10-9-8-7,1:47.3,武藤雅,444(-18),晴,10.0,9.0,8.0,7.0
2026-07-25-01-08,202604020108,2026-07-25,新潟,8,清津峡特別,14,ロケットパンチ,https://db.netkeiba.com/horse/2023100514/,2023100514,セ,3,55.0,武藤,,,2,2026/01/12,1中山5,3歳未勝利,,6,11,ダ1800,ダ,1800,良,2.0,7,11.8,40.2,0.6,57,12-13-6-2,1:56.8,柴田善臣,462(-2),晴,12.0,13.0,6.0,2.0
2026-07-25-01-08,202604020108,2026-07-25,新潟,8,清津峡特別,14,ロケットパンチ,https://db.netkeiba.com/horse/2023100514/,2023100514,セ,3,55.0,武藤,,,3,2025/12/20,5中山5,2歳未勝利,,6,11,ダ1800,ダ,1800,良,3.0,9,29.7,39.4,1.0,56,6-5-1-2,1:56.3,柴田善臣,464(+2),曇,6.0,5.0,1.0,2.0
2026-07-25-01-08,202604020108,2026-07-25,新潟,8,清津峡特別,14,ロケットパンチ,https://db.netkeiba.com/horse/2023100514/,2023100514,セ,3,55.0,武藤,,,4,2025/11/15,3福島3,2歳未勝利,,1,1,ダ1700,ダ,1700,良,6.0,7,25.2,38.1,1.2,56,8-7-7-7,1:48.0,武藤雅,462(-8),晴,8.0,7.0,7.0,7.0
2026-07-25-01-08,202604020108,2026-07-25,新潟,8,清津峡特別,14,ロケットパンチ,https://db.netkeiba.com/horse/2023100514/,2023100514,セ,3,55.0,武藤,,,5,2025/10/19,4東京7,2歳新馬,,6,12,ダ1600,ダ,1600,良,8.0,9,33.3,37.6,1.6,56,6-6,1:41.2,柴田善臣,470(0),雨,6.0,6.0,,6.0
2026-07-25-02-06,202607020106,2026-07-25,中京,6,四日市特別,1,アリエスキング,https://db.netkeiba.com/horse/2021101468/,2021101468,牡,5,58.0,田口,,,0,2026/05/31,3京都12,與杼特別(2勝クラス),,7,8,ダ1800,ダ,1800,良,5.0,3,6.0,37.2,1.0,58,3-3-4-4,1:52.1,田口貫太,464(+4),晴,3.0,3.0,4.0,4.0
2026-07-25-02-06,202607020106,2026-07-25,中京,6,四日市特別,1,アリエスキング,https://db.netkeiba.com/horse/2021101468/,2021101468,牡,5,58.0,田口,,,1,2026/04/12,2阪神6,川西特別(2勝クラス),,2,2,ダ1800,ダ,1800,良,4.0,5,15.0,36.5,0.3,58,3-4-4-4,1:51.4,田口貫太,460(-2),晴,3.0,4.0,4.0,4.0
2026-07-25-02-06,202607020106,2026-07-25,中京,6,四日市特別,1,アリエスキング,https://db.netkeiba.com/horse/2021101468/,2021101468,牡,5,58.0,田口,,,2,2025/11/02,4東京11,清里特別(2勝クラス),,4,4,ダ1600,ダ,1600,重,11.0,4,9.8,36.6,1.0,58,4-4,1:38.4,戸崎圭太,462(-8),曇,4.0,4.0,,4.0
2026-07-25-02-06,202607020106,2026-07-25,中京,6,四日市特別,1,アリエスキング,https://db.netkeiba.com/horse/2021101468/,2021101468,牡,5,58.0,田口,,,3,2025/10/19,3京都7,聚楽第特別(2勝クラス),,6,10,ダ1800,ダ,1800,良,11.0,4,6.4,38.5,2.1,58,6-6-7-11,1:53.0,田口貫太,470(+8),曇,6.0,6.0,7.0,11.0
2026-07-25-02-06,202607020106,2026-07-25,中京,6,四日市特別,1,アリエスキング,https://db.netkeiba.com/horse/2021101468/,2021101468,牡,5,58.0,田口,,,4,2025/08/10,3中京6,揖斐川特別(2勝クラス),,3,3,ダ1800,ダ,1800,良,3.0,6,14.7,37.1,0.5,58,5-6-6-6,1:53.1,田口貫太,462(-2),曇,5.0,6.0,6.0,6.0
2026-07-25-02-06,202607020106,2026-07-25,中京,6,四日市特別,1,アリエスキング,https://db.netkeiba.com/horse/2021101468/,2021101468,牡,5,58.0,田口,,,5,2025/04/26,2東京1,4歳以上2勝クラス,,4,7,ダ1600,ダ,1600,稍,4.0,2,6.9,37.2,0.8,58,9-9,1:37.0,戸崎圭太,464(+2),小雨,9.0,9.0,,9.0
2026-07-25-02-06,202607020106,2026-07-25,中京,6,四日市特別,1,アリエスキング,https://db.netkeiba.com/horse/2021101468/,2021101468,牡,5,58.0,田口,,,6,2025/02/16,1京都6,4歳以上1勝クラス,,7,11,ダ1800,ダ,1800,稍,1.0,1,2.1,37.9,-0.1,56,3-2-3-2,1:54.2,田口貫太,462(+16),曇,3.0,2.0,3.0,2.0
2026-07-25-02-06,202607020106,2026-07-25,中京,6,四日市特別,1,アリエスキング,https://db.netkeiba.com/horse/2021101468/,2021101468,牡,5,58.0,田口,,,7,2024/10/06,5京都2,3歳以上1勝クラス,,4,4,ダ1800,ダ,1800,良,5.0,3,4.7,37.5,1.7,55,5-6-6-6,1:54.1,田口貫太,446(-8),晴,5.0,6.0,6.0,6.0
2026-07-25-02-06,202607020106,2026-07-25,中京,6,四日市特別,1,アリエスキング,https://db.netkeiba.com/horse/2021101468/,2021101468,牡,5,58.0,田口,,,8,2024/09/15,3中京4,3歳以上1勝クラス,,5,5,ダ1800,ダ,1800,重,2.0,2,3.0,36.8,0.4,55,3-3-4-5,1:50.9,戸崎圭太,454(+4),曇,3.0,3.0,4.0,5.0
2026-07-25-02-06,202607020106,2026-07-25,中京,6,四日市特別,1,アリエスキング,https://db.netkeiba.com/horse/2021101468/,2021101468,牡,5,58.0,田口,,,9,2024/04/27,1新潟1,わらび賞(1勝クラス),,7,12,ダ1800,ダ,1800,良,11.0,2,3.4,39.1,2.7,57,10-12-10-11,1:56.2,永島まな,450(-4),晴,10.0,12.0,10.0,11.0
2026-07-25-02-06,202607020106,2026-07-25,中京,6,四日市特別,1,アリエスキング,https://db.netkeiba.com/horse/2021101468/,2021101468,牡,5,58.0,田口,,,10,2024/03/30,2阪神3,3歳1勝クラス,,7,8,ダ1800,ダ,1800,稍,3.0,3,5.1,38.7,0.8,56,4-3-3-3,1:53.0,田口貫太,454(+6),晴,4.0,3.0,3.0,3.0
2026-07-25-02-06,202607020106,2026-07-25,中京,6,四日市特別,1,アリエスキング,https://db.netkeiba.com/horse/2021101468/,2021101468,牡,5,58.0,田口,,,11,2023/12/03,5阪神2,2歳未勝利,,7,11,ダ1800,ダ,1800,良,1.0,1,1.7,38.9,-0.2,54,4-4-4-4,1:55.9,田口貫太,448(-4),晴,4.0,4.0,4.0,4.0
2026-07-25-02-06,202607020106,2026-07-25,中京,6,四日市特別,1,アリエスキング,https://db.netkeiba.com/horse/2021101468/,2021101468,牡,5,58.0,田口,,,12,2023/11/18,3京都5,2歳未勝利,,4,7,ダ1800,ダ,1800,重,2.0,3,9.2,38.1,0.5,54,6-7-4-4,1:52.7,田口貫太,452(-4),曇,6.0,7.0,4.0,4.0
2026-07-25-02-06,202607020106,2026-07-25,中京,6,四日市特別,1,アリエスキング,https://db.netkeiba.com/horse/2021101468/,2021101468,牡,5,58.0,田口,,,13,2023/08/06,2新潟4,2歳新馬,,6,9,ダ1800,ダ,1800,良,2.0,3,6.2,38.9,1.3,52,5-5-4-4,1:56.1,田口貫太,456(0),晴,5.0,5.0,4.0,4.0
2026-07-25-02-06,202607020106,2026-07-25,中京,6,四日市特別,2,アレ,https://db.netkeiba.com/horse/2021103287/,2021103287,牡,5,58.0,ハマーハン,,,0,2026/02/22,1阪神2,4歳以上2勝クラス,,4,8,ダ1400,ダ,1400,良,14.0,6,14.6,37.8,1.8,58,6-9,1:26.1,ハマーハ,510(-2),曇,6.0,9.0,,9.0
2026-07-25-02-06,202607020106,2026-07-25,中京,6,四日市特別,2,アレ,https://db.netkeiba.com/horse/2021103287/,2021103287,牡,5,58.0,ハマーハン,,,1,2026/01/31,2京都1,長浜特別(2勝クラス),,8,13,ダ1400,ダ,1400,良,10.0,5,7.1,37.6,1.5,58,3-3,1:26.7,武豊,512(-4),晴,3.0,3.0,,3.0
2026-07-25-02-06,202607020106,2026-07-25,中京,6,四日市特別,2,アレ,https://db.netkeiba.com/horse/2021103287/,2021103287,牡,5,58.0,ハマーハン,,,2,2025/11/22,4京都5,3歳以上2勝クラス,,5,10,ダ1400,ダ,1400,良,4.0,1,3.0,37.0,0.1,58,10-8,1:24.2,川田将雅,516(+2),晴,10.0,8.0,,8.0
2026-07-25-02-06,202607020106,2026-07-25,中京,6,四日市特別,2,アレ,https://db.netkeiba.com/horse/2021103287/,2021103287,牡,5,58.0,ハマーハン,,,3,2025/10/26,3京都9,嵯峨野特別(2勝クラス),,5,9,ダ1400,ダ,1400,重,3.0,9,28.8,36.4,0.5,56,10-10,1:23.3,西村淳也,514(0),曇,10.0,10.0,,10.0
2026-07-25-02-06,202607020106,2026-07-25,中京,6,四日市特別,2,アレ,https://db.netkeiba.com/horse/2021103287/,2021103287,牡,5,58.0,ハマーハン,,,4,2025/09/21,4阪神7,3歳以上2勝クラス,,3,5,ダ1400,ダ,1400,良,11.0,7,17.3,36.7,1.8,58,11-10,1:25.0,西村淳也,514(+10),曇,11.0,10.0,,10.0
2026-07-25-02-06,202607020106,2026-07-25,中京,6,四日市特別,2,アレ,https://db.netkeiba.com/horse/2021103287/,2021103287,牡,5,58.0,ハマーハン,,,5,2024/05/18,3京都9,3歳1勝クラス,,2,2,ダ1400,ダ,1400,良,1.0,3,4.6,36.5,0.0,57,9-8,1:24.4,川田将雅,504(+4),晴,9.0,8.0,,8.0
2026-07-25-02-06,202607020106,2026-07-25,中京,6,四日市特別,2,アレ,https://db.netkeiba.com/horse/2021103287/,2021103287,牡,5,58.0,ハマーハン,,,6,2024/02/17,2京都7,3歳未勝利,,6,11,ダ1400,ダ,1400,稍,1.0,1,2.6,37.8,-0.1,57,7-7,1:25.6,ルメート,500(+2),曇,7.0,7.0,,7.0
2026-07-25-02-06,202607020106,2026-07-25,中京,6,四日市特別,2,アレ,https://db.netkeiba.com/horse/2021103287/,2021103287,牡,5,58.0,ハマーハン,,,7,2024/01/27,2京都1,3歳新馬,,8,16,ダ1400,ダ,1400,良,2.0,1,3.5,38.4,0.3,57,4-4,1:26.4,ルメート,498(0),曇,4.0,4.0,,4.0
2026-07-25-02-06,202607020106,2026-07-25,中京,6,四日市特別,3,エブリーポッシブル,https://db.netkeiba.com/horse/2023106940/,2023106940,牝,3,53.0,岩田望,,,0,2026/05/06,園田,兵庫チャンピオンシッ(JpnII),,6,7,ダ1400,ダ,1400,稍,5.0,5,16.8,38.8,0.9,55,5-5-5-4,1:29.0,岩田望来,444(-2),曇,5.0,5.0,5.0,4.0
2026-07-25-02-06,202607020106,2026-07-25,中京,6,四日市特別,3,エブリーポッシブル,https://db.netkeiba.com/horse/2023106940/,2023106940,牝,3,53.0,岩田望,,,1,2026/04/05,2阪神4,バイオレットS(OP),,6,7,ダ1400,ダ,1400,重,4.0,9,18.4,36.0,0.5,55,2-2,1:23.0,岩田望来,446(0),晴,2.0,2.0,,2.0
2026-07-25-02-06,202607020106,2026-07-25,中京,6,四日市特別,3,エブリーポッシブル,https://db.netkeiba.com/horse/2023106940/,2023106940,牝,3,53.0,岩田望,,,2,2026/02/01,2京都2,3歳1勝クラス,,5,9,ダ1400,ダ,1400,良,1.0,1,1.5,37.5,0.0,55,3-3,1:25.5,岩田望来,446(-6),晴,3.0,3.0,,3.0
2026-07-25-02-06,202607020106,2026-07-25,中京,6,四日市特別,3,エブリーポッシブル,https://db.netkeiba.com/horse/2023106940/,2023106940,牝,3,53.0,岩田望,,,3,2025/11/29,5東京7,カトレアS(OP),,6,8,ダ1600,ダ,1600,良,4.0,5,25.8,37.1,0.5,55,10-10,1:37.9,岩田望来,452(+2),曇,10.0,10.0,,10.0
2026-07-25-02-06,202607020106,2026-07-25,中京,6,四日市特別,3,エブリーポッシブル,https://db.netkeiba.com/horse/2023106940/,2023106940,牝,3,53.0,岩田望,,,4,2025/10/18,3京都6,2歳新馬,,5,10,ダ1400,ダ,1400,稍,1.0,1,2.0,36.4,-0.6,55,2-2,1:25.0,岩田望来,450(0),曇,2.0,2.0,,2.0
2026-07-25-02-06,202607020106,2026-07-25,中京,6,四日市特別,4,オカメノコイ,https://db.netkeiba.com/horse/2022106698/,2022106698,牝,4,56.0,大野,,,0,2026/05/09,2東京5,4歳以上2勝クラス,,7,13,ダ1400,ダ,1400,良,13.0,10,52.3,36.0,0.9,56,15-15,1:26.1,大野拓弥,470(-2),晴,15.0,15.0,,15.0
2026-07-25-02-06,202607020106,2026-07-25,中京,6,四日市特別,4,オカメノコイ,https://db.netkeiba.com/horse/2022106698/,2022106698,牝,4,56.0,大野,,,1,2026/04/11,3中山5,4歳以上2勝クラス,,8,15,ダ1200,ダ,1200,稍,3.0,14,90.6,35.5,0.5,56,16-16,1:11.0,大野拓弥,472(+2),晴,16.0,16.0,,16.0
2026-07-25-02-06,202607020106,2026-07-25,中京,6,四日市特別,4,オカメノコイ,https://db.netkeiba.com/horse/2022106698/,2022106698,牝,4,56.0,大野,,,2,2026/01/31,1小倉3,平尾台特別(2勝クラス),,1,2,ダ1700,ダ,1700,良,11.0,15,101.1,37.6,0.8,55,15-15-16-15,1:46.2,丸山元気,470(-4),晴,15.0,15.0,16.0,15.0
2026-07-25-02-06,202607020106,2026-07-25,中京,6,四日市特別,4,オカメノコイ,https://db.netkeiba.com/horse/2022106698/,2022106698,牝,4,56.0,大野,,,3,2026/01/18,1京都7,小倉山特別(2勝クラス),,3,6,ダ1400,ダ,1400,良,13.0,14,226.7,38.2,1.5,55,10-9,1:26.1,岩田康誠,474(0),晴,10.0,9.0,,9.0
2026-07-25-02-06,202607020106,2026-07-25,中京,6,四日市特別,4,オカメノコイ,https://db.netkeiba.com/horse/2022106698/,2022106698,牝,4,56.0,大野,,,4,2025/12/21,5阪神6,3歳以上2勝クラス,,8,14,ダ1800,ダ,1800,重,15.0,8,29.9,39.9,3.4,55,11-11-10-11,1:53.8,岩田望来,474(+8),雨,11.0,11.0,10.0,11.0
2026-07-25-02-06,202607020106,2026-07-25,中京,6,四日市特別,4,オカメノコイ,https://db.netkeiba.com/horse/2022106698/,2022106698,牝,4,56.0,大野,,,5,2025/07/20,1函館12,3歳以上1勝クラス,,8,13,ダ1700,ダ,1700,良,1.0,4,6.0,38.1,-0.1,50,10-9-6-7,1:45.6,鷲頭虎太,466(+4),晴,10.0,9.0,6.0,7.0
2026-07-25-02-06,202607020106,2026-07-25,中京,6,四日市特別,4,オカメノコイ,https://db.netkeiba.com/horse/2022106698/,2022106698,牝,4,56.0,大野,,,6,2025/07/05,1函館7,3歳以上1勝クラス,,4,5,ダ1700,ダ,1700,重,2.0,7,13.2,36.3,0.0,50,13-12-11-8,1:45.4,鷲頭虎太,462(+4),晴,13.0,12.0,11.0,8.0
2026-07-25-02-06,202607020106,2026-07-25,中京,6,四日市特別,4,オカメノコイ,https://db.netkeiba.com/horse/2022106698/,2022106698,牝,4,56.0,大野,,,7,2025/06/15,1函館2,3歳以上1勝クラス,,4,4,ダ1000,ダ,1000,良,6.0,7,12.0,34.9,0.9,50,8-9,0:59.2,小林美駒,458(-2),曇,8.0,9.0,,9.0
2026-07-25-02-06,202607020106,2026-07-25,中京,6,四日市特別,4,オカメノコイ,https://db.netkeiba.com/horse/2022106698/,2022106698,牝,4,56.0,大野,,,8,2025/04/13,3中山6,3歳1勝クラス,,5,10,ダ1200,ダ,1200,良,11.0,15,121.5,36.6,1.3,55,16-15,1:12.5,原優介,460(+6),雨,16.0,15.0,,15.0
2026-07-25-02-06,202607020106,2026-07-25,中京,6,四日市特別,4,オカメノコイ,https://db.netkeiba.com/horse/2022106698/,2022106698,牝,4,56.0,大野,,,9,2025/01/19,1中山7,3歳1勝クラス,,4,7,ダ1200,ダ,1200,良,6.0,9,122.9,37.4,1.6,52,13-10,1:13.3,長浜鴻緒,454(+2),曇,13.0,10.0,,10.0
2026-07-25-02-06,202607020106,2026-07-25,中京,6,四日市特別,4,オカメノコイ,https://db.netkeiba.com/horse/2022106698/,2022106698,牝,4,56.0,大野,,,10,2024/12/21,5中山7,2歳1勝クラス,,2,4,ダ1200,ダ,1200,良,8.0,10,83.0,37.1,1.7,52,10-10,1:13.0,長浜鴻緒,452(0),晴,10.0,10.0,,10.0
2026-07-25-02-06,202607020106,2026-07-25,中京,6,四日市特別,4,オカメノコイ,https://db.netkeiba.com/horse/2022106698/,2022106698,牝,4,56.0,大野,,,11,2024/12/01,5中山2,2歳1勝クラス,,7,7,ダ1200,ダ,1200,良,5.0,8,36.7,38.0,1.4,55,3-3,1:12.8,大野拓弥,452(-14),晴,3.0,3.0,,3.0
2026-07-25-02-06,202607020106,2026-07-25,中京,6,四日市特別,4,オカメノコイ,https://db.netkeiba.com/horse/2022106698/,2022106698,牝,4,56.0,大野,,,12,2024/11/09,5東京3,オキザリス賞(1勝クラス),,4,7,ダ1400,ダ,1400,良,10.0,14,208.6,37.4,2.1,55,11-10,1:27.2,藤岡佑介,466(+14),晴,11.0,10.0,,10.0
2026-07-25-02-06,202607020106,2026-07-25,中京,6,四日市特別,4,オカメノコイ,https://db.netkeiba.com/horse/2022106698/,2022106698,牝,4,56.0,大野,,,13,2024/07/13,1函館11,函館2歳S(GIII),,7,12,芝1200,芝,1200,良,14.0,13,131.6,37.6,4.6,55,14-14,1:13.8,藤岡佑介,452(+4),晴,14.0,14.0,,14.0
2026-07-25-02-06,202607020106,2026-07-25,中京,6,四日市特別,4,オカメノコイ,https://db.netkeiba.com/horse/2022106698/,2022106698,牝,4,56.0,大野,,,14,2024/07/07,1函館10,2歳未勝利,,3,3,ダ1000,ダ,1000,重,1.0,1,2.0,36.4,-0.5,55,1-1,0:59.5,藤岡佑介,448(0),小雨,1.0,1.0,,1.0
2026-07-25-02-06,202607020106,2026-07-25,中京,6,四日市特別,4,オカメノコイ,https://db.netkeiba.com/horse/2022106698/,2022106698,牝,4,56.0,大野,,,15,2024/06/15,1函館3,2歳新馬,,1,1,ダ1000,ダ,1000,良,2.0,4,8.4,36.4,1.0,55,4-3,1:00.0,藤岡佑介,448(0),晴,4.0,3.0,,3.0
2026-07-25-02-06,202607020106,2026-07-25,中京,6,四日市特別,5,ゴルデールスカー,https://db.netkeiba.com/horse/2020103625/,2020103625,牡,6,58.0,坂井,,,0,2026/06/06,3阪神1,加古川特別(2勝クラス),,6,8,ダ1800,ダ,1800,良,10.0,8,50.6,38.2,1.8,58,3-3-3-3,1:54.6,坂井瑠星,480(0),晴,3.0,3.0,3.0,3.0
2026-07-25-02-06,202607020106,2026-07-25,中京,6,四日市特別,5,ゴルデールスカー,https://db.netkeiba.com/horse/2020103625/,2020103625,牡,6,58.0,坂井,,,1,2026/05/17,1新潟6,4歳以上1勝クラス,,8,10,ダ1800,ダ,1800,良,1.0,2,3.5,38.7,-0.3,56,2-2-2-2,1:54.4,舟山瑠泉,480(0),晴,2.0,2.0,2.0,2.0
2026-07-25-02-06,202607020106,2026-07-25,中京,6,四日市特別,5,ゴルデールスカー,https://db.netkeiba.com/horse/2020103625/,2020103625,牡,6,58.0,坂井,,,2,2026/04/04,2阪神3,4歳以上1勝クラス,,6,6,ダ1800,ダ,1800,稍,4.0,5,21.7,37.3,0.4,58,7-7-7-8,1:52.9,鮫島克駿,480(0),雨,7.0,7.0,7.0,8.0
2026-07-25-02-06,202607020106,2026-07-25,中京,6,四日市特別,5,ゴルデールスカー,https://db.netkeiba.com/horse/2020103625/,2020103625,牡,6,58.0,坂井,,,3,2026/03/14,1阪神7,4歳以上1勝クラス,,1,1,ダ1800,ダ,1800,良,4.0,5,20.0,36.9,1.2,58,6-6-7-5,1:55.2,国分優作,480(-8),晴,6.0,6.0,7.0,5.0
2026-07-25-02-06,202607020106,2026-07-25,中京,6,四日市特別,5,ゴルデールスカー,https://db.netkeiba.com/horse/2020103625/,2020103625,牡,6,58.0,坂井,,,4,2026/01/11,1京都4,4歳以上1勝クラス,,8,14,ダ1800,ダ,1800,良,12.0,12,50.7,39.0,2.0,58,2-2-2-2,1:55.3,亀田温心,488(+2),晴,2.0,2.0,2.0,2.0
2026-07-25-02-06,202607020106,2026-07-25,中京,6,四日市特別,5,ゴルデールスカー,https://db.netkeiba.com/horse/2020103625/,2020103625,牡,6,58.0,坂井,,,5,2025/12/20,5中京5,3歳以上1勝クラス,,5,10,ダ1800,ダ,1800,稍,3.0,8,29.5,38.2,0.9,58,4-5-5-5,1:54.8,亀田温心,486(+6),曇,4.0,5.0,5.0,5.0
2026-07-25-02-06,202607020106,2026-07-25,中京,6,四日市特別,5,ゴルデールスカー,https://db.netkeiba.com/horse/2020103625/,2020103625,牡,6,58.0,坂井,,,6,2025/10/25,3京都8,3歳以上1勝クラス,,6,6,ダ1800,ダ,1800,良,5.0,10,40.5,39.0,0.7,58,5-5-4-5,1:53.4,西村淳也,480(+10),曇,5.0,5.0,4.0,5.0
2026-07-25-02-06,202607020106,2026-07-25,中京,6,四日市特別,5,ゴルデールスカー,https://db.netkeiba.com/horse/2020103625/,2020103625,牡,6,58.0,坂井,,,7,2025/08/03,1札幌4,3歳以上1勝クラス,,2,2,ダ1700,ダ,1700,良,8.0,6,9.5,40.2,2.2,58,4-6-8-9,1:48.0,キング,470(-6),晴,4.0,6.0,8.0,9.0
2026-07-25-02-06,202607020106,2026-07-25,中京,6,四日市特別,5,ゴルデールスカー,https://db.netkeiba.com/horse/2020103625/,2020103625,牡,6,58.0,坂井,,,8,2025/06/28,1函館5,3歳以上1勝クラス,,3,3,ダ1700,ダ,1700,稍,8.0,1,4.2,38.4,1.1,58,6-6-7-5,1:46.2,岩田康誠,476(+6),晴,6.0,6.0,7.0,5.0
2026-07-25-02-06,202607020106,2026-07-25,中京,6,四日市特別,5,ゴルデールスカー,https://db.netkeiba.com/horse/2020103625/,2020103625,牡,6,58.0,坂井,,,9,2025/06/14,1函館1,3歳以上1勝クラス,,4,6,ダ1700,ダ,1700,良,2.0,3,5.1,37.6,0.3,58,12-12-1-1,1:46.1,岩田康誠,470(0),曇,12.0,12.0,1.0,1.0
2026-07-25-02-06,202607020106,2026-07-25,中京,6,四日市特別,5,ゴルデールスカー,https://db.netkeiba.com/horse/2020103625/,2020103625,牡,6,58.0,坂井,,,10,2025/04/05,2阪神3,4歳以上1勝クラス,,3,3,ダ1800,ダ,1800,良,2.0,3,4.5,37.9,0.8,58,4-4-4-2,1:53.5,和田竜二,470(+2),晴,4.0,4.0,4.0,2.0
2026-07-25-02-06,202607020106,2026-07-25,中京,6,四日市特別,5,ゴルデールスカー,https://db.netkeiba.com/horse/2020103625/,2020103625,牡,6,58.0,坂井,,,11,2025/03/23,2中京4,4歳以上1勝クラス,,1,1,ダ1800,ダ,1800,良,3.0,7,16.7,37.1,0.0,58,4-2-4-4,1:54.9,シュタル,468(+2),晴,4.0,2.0,4.0,4.0
2026-07-25-02-06,202607020106,2026-07-25,中京,6,四日市特別,5,ゴルデールスカー,https://db.netkeiba.com/horse/2020103625/,2020103625,牡,6,58.0,坂井,,,12,2025/02/02,1京都2,4歳以上1勝クラス,,4,4,ダ1800,ダ,1800,稍,7.0,6,16.2,38.8,0.8,58,9-8-10-10,1:55.1,坂井瑠星,466(-2),曇,9.0,8.0,10.0,10.0
2026-07-25-02-06,202607020106,2026-07-25,中京,6,四日市特別,5,ゴルデールスカー,https://db.netkeiba.com/horse/2020103625/,2020103625,牡,6,58.0,坂井,,,13,2025/01/11,1中京3,4歳以上1勝クラス,,1,2,ダ1800,ダ,1800,良,5.0,11,52.8,38.3,0.3,58,8-7-8-7,1:53.6,坂井瑠星,468(-2),晴,8.0,7.0,8.0,7.0
2026-07-25-02-06,202607020106,2026-07-25,中京,6,四日市特別,5,ゴルデールスカー,https://db.netkeiba.com/horse/2020103625/,2020103625,牡,6,58.0,坂井,,,14,2024/12/15,4中京6,3歳以上1勝クラス,,3,6,ダ1400,ダ,1400,良,8.0,5,11.4,37.5,0.7,57,11-11,1:25.2,西塚洸二,470(0),晴,11.0,11.0,,11.0
2026-07-25-02-06,202607020106,2026-07-25,中京,6,四日市特別,5,ゴルデールスカー,https://db.netkeiba.com/horse/2020103625/,2020103625,牡,6,58.0,坂井,,,15,2024/12/01,4中京2,3歳以上1勝クラス,,8,15,ダ1200,ダ,1200,良,6.0,9,32.2,35.5,0.7,58,15-13,1:13.1,松山弘平,470(+6),晴,15.0,13.0,,13.0
2026-07-25-02-06,202607020106,2026-07-25,中京,6,四日市特別,5,ゴルデールスカー,https://db.netkeiba.com/horse/2020103625/,2020103625,牡,6,58.0,坂井,,,16,2024/08/03,1札幌5,3歳以上1勝クラス,,6,6,ダ1000,ダ,1000,良,9.0,6,26.9,35.3,0.9,58,11-10,1:00.0,池添謙一,464(-4),晴,11.0,10.0,,10.0
2026-07-25-02-06,202607020106,2026-07-25,中京,6,四日市特別,5,ゴルデールスカー,https://db.netkeiba.com/horse/2020103625/,2020103625,牡,6,58.0,坂井,,,17,2024/07/20,1札幌1,3歳以上1勝クラス,,2,2,芝1200,芝,1200,良,6.0,11,104.4,34.6,0.5,58,11-9,1:09.2,池添謙一,468(-4),晴,11.0,9.0,,9.0
2026-07-25-02-06,202607020106,2026-07-25,中京,6,四日市特別,5,ゴルデールスカー,https://db.netkeiba.com/horse/2020103625/,2020103625,牡,6,58.0,坂井,,,18,2024/07/06,1函館9,北斗特別(1勝クラス),,2,2,芝2000,芝,2000,良,11.0,9,49.7,37.7,1.6,58,5-5-5-10,2:03.8,菱田裕二,472(+6),曇,5.0,5.0,5.0,10.0
2026-07-25-02-06,202607020106,2026-07-25,中京,6,四日市特別,5,ゴルデールスカー,https://db.netkeiba.com/horse/2020103625/,2020103625,牡,6,58.0,坂井,,,19,2024/04/20,3京都1,4歳以上1勝クラス,,4,5,芝1800,芝,1800,良,7.0,7,72.9,34.1,0.8,54,9-10,1:46.2,河原田菜,466(-4),曇,9.0,10.0,,10.0
2026-07-25-02-06,202607020106,2026-07-25,中京,6,四日市特別,5,ゴルデールスカー,https://db.netkeiba.com/horse/2020103625/,2020103625,牡,6,58.0,坂井,,,20,2024/04/14,2阪神8,4歳以上1勝クラス,,8,11,ダ1400,ダ,1400,良,10.0,8,20.1,38.4,1.5,58,5-5,1:26.6,池添謙一,470(0),晴,5.0,5.0,,5.0
2026-07-25-02-06,202607020106,2026-07-25,中京,6,四日市特別,5,ゴルデールスカー,https://db.netkeiba.com/horse/2020103625/,2020103625,牡,6,58.0,坂井,,,21,2024/03/02,1阪神3,4歳以上1勝クラス,,4,6,ダ1400,ダ,1400,稍,8.0,4,8.3,37.7,1.1,58,10-10,1:25.8,池添謙一,470(-4),曇,10.0,10.0,,10.0
2026-07-25-02-06,202607020106,2026-07-25,中京,6,四日市特別,5,ゴルデールスカー,https://db.netkeiba.com/horse/2020103625/,2020103625,牡,6,58.0,坂井,,,22,2024/02/03,2京都3,4歳以上1勝クラス,,8,15,ダ1400,ダ,1400,良,4.0,4,8.6,37.0,0.6,58,5-7,1:25.3,池添謙一,474(+8),曇,5.0,7.0,,7.0
2026-07-25-02-06,202607020106,2026-07-25,中京,6,四日市特別,5,ゴルデールスカー,https://db.netkeiba.com/horse/2020103625/,2020103625,牡,6,58.0,坂井,,,23,2023/11/25,3京都7,3歳以上1勝クラス,,8,15,ダ1400,ダ,1400,良,9.0,9,52.4,37.1,1.4,57,13-12,1:25.1,鮫島克駿,466(-2),晴,13.0,12.0,,12.0
2026-07-25-02-06,202607020106,2026-07-25,中京,6,四日市特別,5,ゴルデールスカー,https://db.netkeiba.com/horse/2020103625/,2020103625,牡,6,58.0,坂井,,,24,2023/11/05,3京都2,3歳以上1勝クラス,,5,8,ダ1400,ダ,1400,良,5.0,7,26.1,36.6,0.3,57,14-11,1:25.0,鮫島克駿,468(+6),晴,14.0,11.0,,11.0
2026-07-25-02-06,202607020106,2026-07-25,中京,6,四日市特別,5,ゴルデールスカー,https://db.netkeiba.com/horse/2020103625/,2020103625,牡,6,58.0,坂井,,,25,2023/08/13,2札幌2,3歳以上1勝クラス,,1,1,ダ1700,ダ,1700,良,13.0,8,76.8,39.1,2.4,55,4-4-8-9,1:49.3,荻野琢真,462(-2),雨,4.0,4.0,8.0,9.0
2026-07-25-02-06,202607020106,2026-07-25,中京,6,四日市特別,5,ゴルデールスカー,https://db.netkeiba.com/horse/2020103625/,2020103625,牡,6,58.0,坂井,,,26,2023/07/30,1札幌4,3歳以上1勝クラス,,2,2,ダ1700,ダ,1700,良,6.0,11,59.0,38.3,1.3,55,8-8-8-6,1:46.6,和田竜二,464(+2),曇,8.0,8.0,8.0,6.0
2026-07-25-02-06,202607020106,2026-07-25,中京,6,四日市特別,5,ゴルデールスカー,https://db.netkeiba.com/horse/2020103625/,2020103625,牡,6,58.0,坂井,,,27,2023/07/15,2函館5,湯浜特別(1勝クラス),,7,12,ダ1700,ダ,1700,不,7.0,11,67.2,37.9,0.6,55,5-5-4-4,1:45.3,和田竜二,462(-2),小雨,5.0,5.0,4.0,4.0
2026-07-25-02-06,202607020106,2026-07-25,中京,6,四日市特別,5,ゴルデールスカー,https://db.netkeiba.com/horse/2020103625/,2020103625,牡,6,58.0,坂井,,,28,2023/04/22,1京都1,3歳1勝クラス,,7,14,ダ1400,ダ,1400,良,9.0,13,82.7,39.4,2.5,56,15-13,1:27.2,鮫島克駿,464(-6),晴,15.0,13.0,,13.0
2026-07-25-02-06,202607020106,2026-07-25,中京,6,四日市特別,5,ゴルデールスカー,https://db.netkeiba.com/horse/2020103625/,2020103625,牡,6,58.0,坂井,,,29,2023/02/25,2中山1,3歳1勝クラス,,3,3,ダ1800,ダ,1800,良,10.0,10,30.9,39.5,2.5,56,10-10-10-10,1:55.7,石橋脩,470(+8),曇,10.0,10.0,10.0,10.0
2026-07-25-02-06,202607020106,2026-07-25,中京,6,四日市特別,5,ゴルデールスカー,https://db.netkeiba.com/horse/2020103625/,2020103625,牡,6,58.0,坂井,,,30,2022/12/24,6阪神7,2歳未勝利,,4,8,ダ1400,ダ,1400,稍,1.0,5,8.0,37.2,0.0,55,15-12,1:26.2,Ｃ．デム,462(+6),晴,15.0,12.0,,12.0
2026-07-25-02-06,202607020106,2026-07-25,中京,6,四日市特別,5,ゴルデールスカー,https://db.netkeiba.com/horse/2020103625/,2020103625,牡,6,58.0,坂井,,,31,2022/10/30,4阪神9,2歳未勝利,,1,1,芝1400,芝,1400,良,7.0,2,4.5,36.0,0.6,55,4-4,1:23.1,坂井瑠星,456(-6),晴,4.0,4.0,,4.0
2026-07-25-02-06,202607020106,2026-07-25,中京,6,四日市特別,5,ゴルデールスカー,https://db.netkeiba.com/horse/2020103625/,2020103625,牡,6,58.0,坂井,,,32,2022/10/16,4新潟2,2歳未勝利,,8,9,芝1600,芝,1600,良,5.0,2,5.6,33.6,0.2,55,2-2,1:38.0,西村淳也,462(+6),晴,2.0,2.0,,2.0
2026-07-25-02-06,202607020106,2026-07-25,中京,6,四日市特別,5,ゴルデールスカー,https://db.netkeiba.com/horse/2020103625/,2020103625,牡,6,58.0,坂井,,,33,2022/08/07,2新潟4,2歳新馬,,1,1,芝1600,芝,1600,良,4.0,7,12.6,35.9,0.6,54,4-4,1:36.3,ホー,456(0),晴,4.0,4.0,,4.0
2026-07-25-02-06,202607020106,2026-07-25,中京,6,四日市特別,6,ザックザク,https://db.netkeiba.com/horse/2022100476/,2022100476,牡,4,58.0,北村友,,,0,2026/03/22,1阪神10,4歳以上2勝クラス,,7,11,ダ1400,ダ,1400,良,3.0,4,6.1,36.1,0.9,58,4-4,1:24.5,北村友一,512(-4),曇,4.0,4.0,,4.0
2026-07-25-02-06,202607020106,2026-07-25,中京,6,四日市特別,6,ザックザク,https://db.netkeiba.com/horse/2022100476/,2022100476,牡,4,58.0,北村友,,,1,2026/02/21,1阪神1,4歳以上1勝クラス,,5,10,ダ1400,ダ,1400,良,1.0,1,2.1,36.8,-0.1,58,3-3,1:25.1,北村友一,516(-2),晴,3.0,3.0,,3.0
2026-07-25-02-06,202607020106,2026-07-25,中京,6,四日市特別,6,ザックザク,https://db.netkeiba.com/horse/2022100476/,2022100476,牡,4,58.0,北村友,,,2,2026/02/01,2京都2,4歳以上1勝クラス,,3,3,ダ1400,ダ,1400,良,2.0,4,6.4,36.8,0.1,57,7-8,1:25.6,北村友一,518(+2),曇,7.0,8.0,,8.0
2026-07-25-02-06,202607020106,2026-07-25,中京,6,四日市特別,6,ザックザク,https://db.netkeiba.com/horse/2022100476/,2022100476,牡,4,58.0,北村友,,,3,2025/04/06,2阪神4,3歳未勝利,,8,16,ダ1400,ダ,1400,良,1.0,2,3.0,37.5,-0.2,57,3-3,1:25.9,西村淳也,516(+2),晴,3.0,3.0,,3.0
2026-07-25-02-06,202607020106,2026-07-25,中京,6,四日市特別,6,ザックザク,https://db.netkeiba.com/horse/2022100476/,2022100476,牡,4,58.0,北村友,,,4,2025/03/16,2中京2,3歳未勝利,,4,7,ダ1400,ダ,1400,重,5.0,1,2.9,37.0,1.2,57,6-6,1:24.7,西村淳也,514(-10),曇,6.0,6.0,,6.0
2026-07-25-02-06,202607020106,2026-07-25,中京,6,四日市特別,6,ザックザク,https://db.netkeiba.com/horse/2022100476/,2022100476,牡,4,58.0,北村友,,,5,2025/02/23,1京都8,3歳未勝利,,7,13,ダ1400,ダ,1400,良,2.0,1,2.9,37.3,0.3,57,14-12,1:26.2,池添謙一,524(+20),晴,14.0,12.0,,12.0
2026-07-25-02-06,202607020106,2026-07-25,中京,6,四日市特別,6,ザックザク,https://db.netkeiba.com/horse/2022100476/,2022100476,牡,4,58.0,北村友,,,6,2024/11/24,6京都8,2歳未勝利,,1,1,ダ1800,ダ,1800,良,4.0,1,3.1,40.2,1.1,56,1-1-1-1,1:55.6,西村淳也,504(-4),曇,1.0,1.0,1.0,1.0
2026-07-25-02-06,202607020106,2026-07-25,中京,6,四日市特別,6,ザックザク,https://db.netkeiba.com/horse/2022100476/,2022100476,牡,4,58.0,北村友,,,7,2024/11/09,6京都3,2歳新馬,,5,8,ダ1800,ダ,1800,良,4.0,4,7.7,39.4,3.3,56,3-3-2-3,1:54.5,池添謙一,508(0),晴,3.0,3.0,2.0,3.0
2026-07-25-02-06,202607020106,2026-07-25,中京,6,四日市特別,7,ジェミート,https://db.netkeiba.com/horse/2022100327/,2022100327,牡,4,58.0,横山和,,,0,2026/05/30,2東京11,富嶽賞(2勝クラス),,4,7,ダ1400,ダ,1400,良,9.0,3,6.6,36.1,1.2,58,13-12,1:25.7,横山和生,494(+2),晴,13.0,12.0,,12.0
2026-07-25-02-06,202607020106,2026-07-25,中京,6,四日市特別,7,ジェミート,https://db.netkeiba.com/horse/2022100327/,2022100327,牡,4,58.0,横山和,,,1,2026/03/21,1中京3,4歳以上1勝クラス,,4,7,ダ1400,ダ,1400,良,1.0,2,4.9,35.9,-0.3,55,12-12,1:24.3,舟山瑠泉,492(+6),晴,12.0,12.0,,12.0
2026-07-25-02-06,202607020106,2026-07-25,中京,6,四日市特別,7,ジェミート,https://db.netkeiba.com/horse/2022100327/,2022100327,牡,4,58.0,横山和,,,2,2026/01/12,1京都5,4歳以上1勝クラス,,8,15,ダ1400,ダ,1400,良,8.0,3,5.5,36.7,0.7,57,8-6,1:25.8,坂井瑠星,486(-4),晴,8.0,6.0,,6.0
2026-07-25-02-06,202607020106,2026-07-25,中京,6,四日市特別,7,ジェミート,https://db.netkeiba.com/horse/2022100327/,2022100327,牡,4,58.0,横山和,,,3,2025/12/13,5阪神3,3歳以上1勝クラス,,5,9,ダ1400,ダ,1400,良,3.0,3,4.9,36.8,0.7,57,11-10,1:24.7,坂井瑠星,490(0),晴,11.0,10.0,,10.0
2026-07-25-02-06,202607020106,2026-07-25,中京,6,四日市特別,7,ジェミート,https://db.netkeiba.com/horse/2022100327/,2022100327,牡,4,58.0,横山和,,,4,2025/11/23,4京都6,3歳以上1勝クラス,,4,8,ダ1400,ダ,1400,良,2.0,7,18.7,36.7,0.3,57,9-8,1:24.4,富田暁,490(-2),晴,9.0,8.0,,8.0
2026-07-25-02-06,202607020106,2026-07-25,中京,6,四日市特別,7,ジェミート,https://db.netkeiba.com/horse/2022100327/,2022100327,牡,4,58.0,横山和,,,5,2025/09/20,4阪神6,3歳以上1勝クラス,,7,13,ダ1400,ダ,1400,良,6.0,6,20.2,36.8,0.6,56,13-12,1:25.0,富田暁,492(+8),曇,13.0,12.0,,12.0
2026-07-25-02-06,202607020106,2026-07-25,中京,6,四日市特別,7,ジェミート,https://db.netkeiba.com/horse/2022100327/,2022100327,牡,4,58.0,横山和,,,6,2025/06/22,3阪神6,3歳以上1勝クラス,,5,9,ダ1400,ダ,1400,良,10.0,4,11.3,38.8,2.1,55,16-14,1:26.2,岩田康誠,484(-2),晴,16.0,14.0,,14.0
2026-07-25-02-06,202607020106,2026-07-25,中京,6,四日市特別,7,ジェミート,https://db.netkeiba.com/horse/2022100327/,2022100327,牡,4,58.0,横山和,,,7,2025/06/01,2京都12,3歳1勝クラス,,8,14,ダ1400,ダ,1400,良,3.0,4,7.5,36.6,0.0,57,13-12,1:24.2,岩田康誠,486(+6),晴,13.0,12.0,,12.0
2026-07-25-02-06,202607020106,2026-07-25,中京,6,四日市特別,7,ジェミート,https://db.netkeiba.com/horse/2022100327/,2022100327,牡,4,58.0,横山和,,,8,2025/04/13,2阪神6,3歳1勝クラス,,2,3,ダ1400,ダ,1400,良,13.0,10,35.9,38.5,1.9,57,16-16,1:26.6,岩田康誠,480(-6),小雨,16.0,16.0,,16.0
2026-07-25-02-06,202607020106,2026-07-25,中京,6,四日市特別,7,ジェミート,https://db.netkeiba.com/horse/2022100327/,2022100327,牡,4,58.0,横山和,,,9,2025/03/29,2中京5,3歳未勝利,,6,11,ダ1400,ダ,1400,稍,1.0,2,4.0,36.4,-0.3,57,7-5,1:24.7,富田暁,486(0),曇,7.0,5.0,,5.0
2026-07-25-02-06,202607020106,2026-07-25,中京,6,四日市特別,7,ジェミート,https://db.netkeiba.com/horse/2022100327/,2022100327,牡,4,58.0,横山和,,,10,2025/03/16,2中京2,3歳未勝利,,4,8,ダ1400,ダ,1400,重,4.0,4,10.6,36.1,1.1,57,12-9,1:24.6,岩田康誠,486(-6),曇,12.0,9.0,,9.0
2026-07-25-02-06,202607020106,2026-07-25,中京,6,四日市特別,7,ジェミート,https://db.netkeiba.com/horse/2022100327/,2022100327,牡,4,58.0,横山和,,,11,2025/02/22,1京都7,3歳新馬,,6,10,ダ1400,ダ,1400,良,4.0,6,11.8,37.7,0.9,57,13-11,1:28.3,岩田康誠,492(0),晴,13.0,11.0,,11.0
2026-07-25-02-06,202607020106,2026-07-25,中京,6,四日市特別,8,ステラスプレンダー,https://db.netkeiba.com/horse/2021105604/,2021105604,牝,5,56.0,吉村,,,0,2026/05/09,3京都5,久御山特別(2勝クラス),,2,2,芝1600,芝,1600,良,11.0,9,94.3,35.6,1.6,56,2-5,1:33.8,吉村誠之,456(0),晴,2.0,5.0,,5.0
2026-07-25-02-06,202607020106,2026-07-25,中京,6,四日市特別,8,ステラスプレンダー,https://db.netkeiba.com/horse/2021105604/,2021105604,牝,5,56.0,吉村,,,1,2026/04/18,1福島3,ラジオ福島賞(2勝クラス),,8,14,ダ1700,ダ,1700,良,13.0,12,25.0,39.6,2.2,52,2-2-2-10,1:47.3,亀田温心,456(+4),晴,2.0,2.0,2.0,10.0
2026-07-25-02-06,202607020106,2026-07-25,中京,6,四日市特別,8,ステラスプレンダー,https://db.netkeiba.com/horse/2021105604/,2021105604,牝,5,56.0,吉村,,,2,2026/01/31,1小倉3,平尾台特別(2勝クラス),,3,6,ダ1700,ダ,1700,良,14.0,7,33.2,39.6,1.5,56,1-1-1-1,1:46.9,小沢大仁,452(0),晴,1.0,1.0,1.0,1.0
2026-07-25-02-06,202607020106,2026-07-25,中京,6,四日市特別,8,ステラスプレンダー,https://db.netkeiba.com/horse/2021105604/,2021105604,牝,5,56.0,吉村,,,3,2025/11/24,3福島6,3歳以上1勝クラス,,6,11,ダ1700,ダ,1700,良,1.0,13,111.7,39.1,0.0,56,2-2-2-2,1:46.8,小沢大仁,452(-2),晴,2.0,2.0,2.0,2.0
2026-07-25-02-06,202607020106,2026-07-25,中京,6,四日市特別,8,ステラスプレンダー,https://db.netkeiba.com/horse/2021105604/,2021105604,牝,5,56.0,吉村,,,4,2025/10/18,4新潟1,3歳以上1勝クラス,,4,5,ダ1800,ダ,1800,良,8.0,7,18.8,40.5,1.7,56,2-2-2-2,1:55.3,富田暁,454(+12),曇,2.0,2.0,2.0,2.0
2026-07-25-02-06,202607020106,2026-07-25,中京,6,四日市特別,8,ステラスプレンダー,https://db.netkeiba.com/horse/2021105604/,2021105604,牝,5,56.0,吉村,,,5,2025/08/09,3中京5,3歳以上1勝クラス,,8,8,ダ1800,ダ,1800,良,6.0,3,4.1,40.8,2.5,55,3-3-3-3,1:55.7,吉村誠之,442(-6),晴,3.0,3.0,3.0,3.0
2026-07-25-02-06,202607020106,2026-07-25,中京,6,四日市特別,8,ステラスプレンダー,https://db.netkeiba.com/horse/2021105604/,2021105604,牝,5,56.0,吉村,,,6,2025/07/13,2小倉6,3歳以上1勝クラス,,4,7,ダ1700,ダ,1700,良,3.0,4,6.7,40.3,0.8,56,1-1-1-1,1:47.8,松山弘平,448(+8),曇,1.0,1.0,1.0,1.0
2026-07-25-02-06,202607020106,2026-07-25,中京,6,四日市特別,8,ステラスプレンダー,https://db.netkeiba.com/horse/2021105604/,2021105604,牝,5,56.0,吉村,,,7,2025/05/17,1新潟5,4歳以上1勝クラス,,1,1,ダ1800,ダ,1800,稍,2.0,3,5.5,37.5,0.2,56,1-1-3-3,1:54.3,佐々木大,440(-8),曇,1.0,1.0,3.0,3.0
2026-07-25-02-06,202607020106,2026-07-25,中京,6,四日市特別,8,ステラスプレンダー,https://db.netkeiba.com/horse/2021105604/,2021105604,牝,5,56.0,吉村,,,8,2025/05/04,2京都4,4歳以上1勝クラス,,5,5,ダ1800,ダ,1800,良,4.0,2,4.7,37.6,0.3,55,4-4-4-4,1:54.7,吉村誠之,448(+8),晴,4.0,4.0,4.0,4.0
2026-07-25-02-06,202607020106,2026-07-25,中京,6,四日市特別,8,ステラスプレンダー,https://db.netkeiba.com/horse/2021105604/,2021105604,牝,5,56.0,吉村,,,9,2025/03/02,1小倉12,4歳以上1勝クラス,,5,7,ダ1700,ダ,1700,重,8.0,3,5.0,38.6,0.9,53,3-5-5-4,1:46.8,川端海翼,440(+2),曇,3.0,5.0,5.0,4.0
2026-07-25-02-06,202607020106,2026-07-25,中京,6,四日市特別,8,ステラスプレンダー,https://db.netkeiba.com/horse/2021105604/,2021105604,牝,5,56.0,吉村,,,10,2025/02/09,1小倉6,4歳以上1勝クラス,,6,9,ダ1700,ダ,1700,稍,2.0,10,27.3,38.3,0.0,52,1-1-1-1,1:46.7,川端海翼,438(+2),晴,1.0,1.0,1.0,1.0
2026-07-25-02-06,202607020106,2026-07-25,中京,6,四日市特別,8,ステラスプレンダー,https://db.netkeiba.com/horse/2021105604/,2021105604,牝,5,56.0,吉村,,,11,2025/01/13,1中京5,4歳以上1勝クラス,,1,1,ダ1400,ダ,1400,良,8.0,7,11.8,39.3,0.7,55,4-4,1:27.2,松山弘平,436(-14),晴,4.0,4.0,,4.0
2026-07-25-02-06,202607020106,2026-07-25,中京,6,四日市特別,8,ステラスプレンダー,https://db.netkeiba.com/horse/2021105604/,2021105604,牝,5,56.0,吉村,,,12,2024/11/10,3福島4,3歳以上1勝クラス,,6,12,芝1200,芝,1200,良,13.0,5,14.1,36.6,1.7,55,9-8,1:11.8,西村淳也,450(+10),晴,9.0,8.0,,8.0
2026-07-25-02-06,202607020106,2026-07-25,中京,6,四日市特別,8,ステラスプレンダー,https://db.netkeiba.com/horse/2021105604/,2021105604,牝,5,56.0,吉村,,,13,2024/09/07,3中京1,3歳以上1勝クラス,,8,16,芝1200,芝,1200,良,9.0,5,8.2,34.3,0.6,54,7-8,1:08.9,松山弘平,440(0),晴,7.0,8.0,,8.0
2026-07-25-02-06,202607020106,2026-07-25,中京,6,四日市特別,8,ステラスプレンダー,https://db.netkeiba.com/horse/2021105604/,2021105604,牝,5,56.0,吉村,,,14,2024/08/24,2中京5,3歳以上1勝クラス,,4,8,芝1400,芝,1400,良,9.0,3,7.2,35.5,0.9,50,1-1,1:20.8,吉村誠之,440(+8),晴,1.0,1.0,,1.0
2026-07-25-02-06,202607020106,2026-07-25,中京,6,四日市特別,8,ステラスプレンダー,https://db.netkeiba.com/horse/2021105604/,2021105604,牝,5,56.0,吉村,,,15,2023/12/09,4中京3,つわぶき賞(1勝クラス),,3,3,芝1400,芝,1400,良,4.0,5,7.7,34.6,0.6,55,5-3,1:21.5,ムルザバ,432(-2),晴,5.0,3.0,,3.0
2026-07-25-02-06,202607020106,2026-07-25,中京,6,四日市特別,8,ステラスプレンダー,https://db.netkeiba.com/horse/2021105604/,2021105604,牝,5,56.0,吉村,,,16,2023/09/16,4阪神3,ききょうS(OP),,1,1,芝1400,芝,1400,良,6.0,1,2.3,35.8,1.6,55,5-4,1:23.1,松山弘平,434(+8),晴,5.0,4.0,,4.0
2026-07-25-02-06,202607020106,2026-07-25,中京,6,四日市特別,8,ステラスプレンダー,https://db.netkeiba.com/horse/2021105604/,2021105604,牝,5,56.0,吉村,,,17,2023/07/15,3中京5,2歳新馬,,8,8,芝1400,芝,1400,良,1.0,2,3.4,35.5,-0.6,55,2-2,1:22.1,松山弘平,426(0),晴,2.0,2.0,,2.0
2026-07-25-02-06,202607020106,2026-07-25,中京,6,四日市特別,9,スーパージョック,https://db.netkeiba.com/horse/2022103733/,2022103733,牡,4,58.0,三浦,,,0,2026/04/25,2東京1,4歳以上2勝クラス,,6,9,ダ1600,ダ,1600,稍,8.0,7,19.8,35.8,1.5,58,12-12,1:38.1,三浦皇成,500(0),晴,12.0,12.0,,12.0
2026-07-25-02-06,202607020106,2026-07-25,中京,6,四日市特別,9,スーパージョック,https://db.netkeiba.com/horse/2022103733/,2022103733,牡,4,58.0,三浦,,,1,2026/04/05,2阪神4,4歳以上2勝クラス,,2,2,ダ1800,ダ,1800,重,10.0,7,20.9,38.4,1.9,58,4-3-3-3,1:52.1,武豊,500(-2),晴,4.0,3.0,3.0,3.0
2026-07-25-02-06,202607020106,2026-07-25,中京,6,四日市特別,9,スーパージョック,https://db.netkeiba.com/horse/2022103733/,2022103733,牡,4,58.0,三浦,,,2,2026/02/22,1小倉10,和布刈特別(2勝クラス),,1,2,ダ1700,ダ,1700,良,16.0,4,6.8,39.5,2.3,57,4-3-3-5,1:48.0,北村友一,502(0),晴,4.0,3.0,3.0,5.0
2026-07-25-02-06,202607020106,2026-07-25,中京,6,四日市特別,9,スーパージョック,https://db.netkeiba.com/horse/2022103733/,2022103733,牡,4,58.0,三浦,,,3,2026/01/25,1京都9,4歳以上2勝クラス,,7,7,ダ1800,ダ,1800,良,4.0,3,5.7,37.1,0.5,57,3-3-2-2,1:55.1,団野大成,502(+2),晴,3.0,3.0,2.0,2.0
2026-07-25-02-06,202607020106,2026-07-25,中京,6,四日市特別,9,スーパージョック,https://db.netkeiba.com/horse/2022103733/,2022103733,牡,4,58.0,三浦,,,4,2026/01/04,1京都1,天ケ瀬特別(2勝クラス),,7,10,ダ1800,ダ,1800,良,4.0,3,8.9,37.7,0.7,57,1-1-1-1,1:53.1,団野大成,500(0),曇,1.0,1.0,1.0,1.0
2026-07-25-02-06,202607020106,2026-07-25,中京,6,四日市特別,9,スーパージョック,https://db.netkeiba.com/horse/2022103733/,2022103733,牡,4,58.0,三浦,,,5,2025/10/13,3京都5,蹴上特別(2勝クラス),,4,4,ダ1800,ダ,1800,良,4.0,4,7.5,38.4,0.3,56,4-4-4-3,1:52.2,北村友一,500(+8),曇,4.0,4.0,4.0,3.0
2026-07-25-02-06,202607020106,2026-07-25,中京,6,四日市特別,9,スーパージョック,https://db.netkeiba.com/horse/2022103733/,2022103733,牡,4,58.0,三浦,,,6,2025/08/31,4中京4,3歳以上1勝クラス,,5,7,ダ1800,ダ,1800,良,1.0,1,2.2,37.5,-0.5,55,3-3-4-4,1:53.4,団野大成,492(+2),晴,3.0,3.0,4.0,4.0
2026-07-25-02-06,202607020106,2026-07-25,中京,6,四日市特別,9,スーパージョック,https://db.netkeiba.com/horse/2022103733/,2022103733,牡,4,58.0,三浦,,,7,2025/08/02,3中京3,3歳以上1勝クラス,,7,8,ダ1800,ダ,1800,良,3.0,6,8.9,38.5,0.4,52,2-2-4-4,1:54.1,田山旺佑,490(+6),晴,2.0,2.0,4.0,4.0
2026-07-25-02-06,202607020106,2026-07-25,中京,6,四日市特別,9,スーパージョック,https://db.netkeiba.com/horse/2022103733/,2022103733,牡,4,58.0,三浦,,,8,2025/06/21,3阪神5,3歳以上1勝クラス,,3,5,ダ1800,ダ,1800,良,7.0,4,13.9,38.6,1.4,52,4-6-4-5,1:54.4,田山旺佑,484(0),晴,4.0,6.0,4.0,5.0
2026-07-25-02-06,202607020106,2026-07-25,中京,6,四日市特別,9,スーパージョック,https://db.netkeiba.com/horse/2022103733/,2022103733,牡,4,58.0,三浦,,,9,2025/03/08,1阪神3,3歳1勝クラス,,7,9,ダ1800,ダ,1800,良,3.0,7,28.1,38.6,1.1,57,9-9-7-4,1:55.2,北村友一,484(-4),晴,9.0,9.0,7.0,4.0
2026-07-25-02-06,202607020106,2026-07-25,中京,6,四日市特別,9,スーパージョック,https://db.netkeiba.com/horse/2022103733/,2022103733,牡,4,58.0,三浦,,,10,2025/02/10,1京都3,3歳未勝利,,3,3,ダ1800,ダ,1800,良,1.0,1,1.7,39.3,-0.2,57,1-1-1-1,1:54.5,坂井瑠星,488(+6),晴,1.0,1.0,1.0,1.0
2026-07-25-02-06,202607020106,2026-07-25,中京,6,四日市特別,9,スーパージョック,https://db.netkeiba.com/horse/2022103733/,2022103733,牡,4,58.0,三浦,,,11,2024/12/07,7京都3,2歳未勝利,,4,4,ダ1800,ダ,1800,良,3.0,3,3.9,37.6,1.3,56,2-2-2-1,1:55.2,坂井瑠星,482(0),晴,2.0,2.0,2.0,1.0
2026-07-25-02-06,202607020106,2026-07-25,中京,6,四日市特別,9,スーパージョック,https://db.netkeiba.com/horse/2022103733/,2022103733,牡,4,58.0,三浦,,,12,2024/11/09,6京都3,2歳未勝利,,5,7,ダ1800,ダ,1800,良,2.0,4,6.0,38.3,0.1,56,4-4-6-4,1:55.7,坂井瑠星,482(+2),晴,4.0,4.0,6.0,4.0
2026-07-25-02-06,202607020106,2026-07-25,中京,6,四日市特別,9,スーパージョック,https://db.netkeiba.com/horse/2022103733/,2022103733,牡,4,58.0,三浦,,,13,2024/10/19,5京都5,2歳新馬,,4,8,ダ1800,ダ,1800,稍,5.0,3,4.9,40.1,0.9,56,6-6-5-3,1:56.9,北村友一,480(0),雨,6.0,6.0,5.0,3.0
2026-07-25-02-06,202607020106,2026-07-25,中京,6,四日市特別,10,ゼロヴィジビリティ,https://db.netkeiba.com/horse/2023101157/,2023101157,牡,3,55.0,ルメール,,,0,2026/05/03,3京都4,3歳1勝クラス,,2,3,ダ1400,ダ,1400,稍,1.0,1,2.2,37.5,0.0,57,1-1,1:23.7,ルメール,506(0),曇,1.0,1.0,,1.0
2026-07-25-02-06,202607020106,2026-07-25,中京,6,四日市特別,10,ゼロヴィジビリティ,https://db.netkeiba.com/horse/2023101157/,2023101157,牡,3,55.0,ルメール,,,1,2026/04/11,2阪神5,3歳未勝利,,3,5,ダ1400,ダ,1400,重,1.0,1,2.3,37.7,-0.8,57,1-1,1:23.2,坂井瑠星,506(+30),晴,1.0,1.0,,1.0
2026-07-25-02-06,202607020106,2026-07-25,中京,6,四日市特別,10,ゼロヴィジビリティ,https://db.netkeiba.com/horse/2023101157/,2023101157,牡,3,55.0,ルメール,,,2,2025/06/29,2小倉2,2歳新馬,,4,4,芝1200,芝,1200,良,3.0,1,1.7,35.1,0.3,55,1-1,1:10.0,坂井瑠星,476(0),晴,1.0,1.0,,1.0
2026-07-25-02-06,202607020106,2026-07-25,中京,6,四日市特別,11,チュウワチーフ,https://db.netkeiba.com/horse/2022110117/,2022110117,牡,4,58.0,松山,,,0,2026/03/29,1中京6,鈴鹿特別(2勝クラス),,1,2,ダ1400,ダ,1400,良,4.0,2,4.6,36.3,0.3,58,5-5,1:24.8,松山弘平,474(-6),晴,5.0,5.0,,5.0
2026-07-25-02-06,202607020106,2026-07-25,中京,6,四日市特別,11,チュウワチーフ,https://db.netkeiba.com/horse/2022110117/,2022110117,牡,4,58.0,松山,,,1,2026/03/08,1阪神6,4歳以上2勝クラス,,8,13,ダ1400,ダ,1400,良,2.0,2,4.8,36.6,1.5,58,10-11,1:24.6,松山弘平,480(+8),晴,10.0,11.0,,11.0
2026-07-25-02-06,202607020106,2026-07-25,中京,6,四日市特別,11,チュウワチーフ,https://db.netkeiba.com/horse/2022110117/,2022110117,牡,4,58.0,松山,,,2,2026/02/14,1東京5,4歳以上2勝クラス,,3,5,ダ1600,ダ,1600,良,7.0,4,9.6,37.3,0.8,58,2-4,1:38.1,三浦皇成,472(+2),晴,2.0,4.0,,4.0
2026-07-25-02-06,202607020106,2026-07-25,中京,6,四日市特別,11,チュウワチーフ,https://db.netkeiba.com/horse/2022110117/,2022110117,牡,4,58.0,松山,,,3,2025/11/23,5東京5,3歳以上2勝クラス,,7,13,ダ1600,ダ,1600,良,4.0,2,4.0,36.0,0.4,57,2-2,1:38.9,三浦皇成,470(-4),曇,2.0,2.0,,2.0
2026-07-25-02-06,202607020106,2026-07-25,中京,6,四日市特別,11,チュウワチーフ,https://db.netkeiba.com/horse/2022110117/,2022110117,牡,4,58.0,松山,,,4,2025/10/26,4東京9,3歳以上1勝クラス,,3,5,ダ1600,ダ,1600,不,1.0,1,3.4,35.2,-0.1,56,2-2,1:35.7,三浦皇成,474(-4),小雨,2.0,2.0,,2.0
2026-07-25-02-06,202607020106,2026-07-25,中京,6,四日市特別,11,チュウワチーフ,https://db.netkeiba.com/horse/2022110117/,2022110117,牡,4,58.0,松山,,,5,2025/10/11,3京都3,3歳以上1勝クラス,,6,12,ダ1400,ダ,1400,良,3.0,8,31.0,37.1,0.1,56,2-2,1:23.3,和田竜二,478(+8),晴,2.0,2.0,,2.0
2026-07-25-02-06,202607020106,2026-07-25,中京,6,四日市特別,11,チュウワチーフ,https://db.netkeiba.com/horse/2022110117/,2022110117,牡,4,58.0,松山,,,6,2025/06/01,2京都12,3歳1勝クラス,,7,11,ダ1400,ダ,1400,良,7.0,2,3.6,38.2,0.8,57,6-5,1:25.0,団野大成,470(+4),晴,6.0,5.0,,5.0
2026-07-25-02-06,202607020106,2026-07-25,中京,6,四日市特別,11,チュウワチーフ,https://db.netkeiba.com/horse/2022110117/,2022110117,牡,4,58.0,松山,,,7,2025/05/10,2東京5,青竜S(OP),,7,9,ダ1600,ダ,1600,重,5.0,10,151.3,35.7,0.8,57,4-3,1:36.4,団野大成,466(+2),曇,4.0,3.0,,3.0
2026-07-25-02-06,202607020106,2026-07-25,中京,6,四日市特別,11,チュウワチーフ,https://db.netkeiba.com/horse/2022110117/,2022110117,牡,4,58.0,松山,,,8,2025/04/26,2東京1,3歳1勝クラス,,3,5,ダ1600,ダ,1600,稍,15.0,7,43.9,37.7,1.8,57,9-7,1:39.0,シュタル,464(-8),曇,9.0,7.0,,7.0
2026-07-25-02-06,202607020106,2026-07-25,中京,6,四日市特別,11,チュウワチーフ,https://db.netkeiba.com/horse/2022110117/,2022110117,牡,4,58.0,松山,,,9,2025/03/09,1阪神4,3歳未勝利,,8,15,ダ1400,ダ,1400,良,1.0,1,2.4,39.0,-0.5,57,3-3,1:26.7,シュタル,472(0),晴,3.0,3.0,,3.0
2026-07-25-02-06,202607020106,2026-07-25,中京,6,四日市特別,11,チュウワチーフ,https://db.netkeiba.com/horse/2022110117/,2022110117,牡,4,58.0,松山,,,10,2025/02/16,1京都6,3歳未勝利,,5,5,ダ1900,ダ,1900,稍,3.0,1,1.6,39.6,0.1,57,2-2-2-4,2:03.1,ルメール,472(-6),曇,2.0,2.0,2.0,4.0
2026-07-25-02-06,202607020106,2026-07-25,中京,6,四日市特別,11,チュウワチーフ,https://db.netkeiba.com/horse/2022110117/,2022110117,牡,4,58.0,松山,,,11,2025/01/05,1中京1,3歳未勝利,,2,4,ダ1800,ダ,1800,良,3.0,1,2.8,38.2,0.4,57,1-1-1-1,1:55.2,武豊,478(+4),晴,1.0,1.0,1.0,1.0
2026-07-25-02-06,202607020106,2026-07-25,中京,6,四日市特別,11,チュウワチーフ,https://db.netkeiba.com/horse/2022110117/,2022110117,牡,4,58.0,松山,,,12,2024/12/15,7京都6,2歳未勝利,,6,10,ダ1800,ダ,1800,良,2.0,1,2.6,38.6,0.9,56,1-1-1-2,1:56.0,武豊,474(0),晴,1.0,1.0,1.0,2.0
2026-07-25-02-06,202607020106,2026-07-25,中京,6,四日市特別,11,チュウワチーフ,https://db.netkeiba.com/horse/2022110117/,2022110117,牡,4,58.0,松山,,,13,2024/11/23,6京都7,2歳未勝利,,5,8,ダ1800,ダ,1800,良,2.0,4,6.4,38.1,0.7,56,2-2-2-3,1:54.8,北村友一,474(+10),曇,2.0,2.0,2.0,3.0
2026-07-25-02-06,202607020106,2026-07-25,中京,6,四日市特別,11,チュウワチーフ,https://db.netkeiba.com/horse/2022110117/,2022110117,牡,4,58.0,松山,,,14,2024/11/02,3福島1,2歳未勝利,,8,14,ダ1700,ダ,1700,稍,5.0,1,2.1,38.9,1.1,55,2-2-2-2,1:48.4,西塚洸二,464(-2),雨,2.0,2.0,2.0,2.0
2026-07-25-02-06,202607020106,2026-07-25,中京,6,四日市特別,11,チュウワチーフ,https://db.netkeiba.com/horse/2022110117/,2022110117,牡,4,58.0,松山,,,15,2024/09/07,3中京1,2歳新馬,,2,2,ダ1800,ダ,1800,良,2.0,4,11.0,36.8,0.5,55,1-1-3-3,1:55.9,北村友一,466(0),晴,1.0,1.0,3.0,3.0
2026-07-25-02-06,202607020106,2026-07-25,中京,6,四日市特別,12,ハリウッドブルース,https://db.netkeiba.com/horse/2021104514/,2021104514,牡,5,58.0,浜田,,,0,2026/06/07,3阪神2,洲本特別(2勝クラス),,4,7,ダ1400,ダ,1400,稍,9.0,8,33.2,35.8,1.0,58,14-15,1:24.4,渡辺竜也,476(+8),雨,14.0,15.0,,15.0
2026-07-25-02-06,202607020106,2026-07-25,中京,6,四日市特別,12,ハリウッドブルース,https://db.netkeiba.com/horse/2021104514/,2021104514,牡,5,58.0,浜田,,,1,2026/05/23,3京都9,オーストラリアT(2勝クラス),,6,10,ダ1400,ダ,1400,稍,5.0,8,28.5,36.3,0.4,58,11-12,1:24.3,藤懸貴志,468(-2),曇,11.0,12.0,,12.0
2026-07-25-02-06,202607020106,2026-07-25,中京,6,四日市特別,12,ハリウッドブルース,https://db.netkeiba.com/horse/2021104514/,2021104514,牡,5,58.0,浜田,,,2,2026/05/10,3京都6,4歳以上2勝クラス,,4,5,ダ1400,ダ,1400,良,3.0,11,58.2,36.2,0.1,58,10-8,1:23.9,藤懸貴志,470(-4),晴,10.0,8.0,,8.0
2026-07-25-02-06,202607020106,2026-07-25,中京,6,四日市特別,12,ハリウッドブルース,https://db.netkeiba.com/horse/2021104514/,2021104514,牡,5,58.0,浜田,,,3,2026/02/15,1東京6,4歳以上2勝クラス,,2,4,ダ1400,ダ,1400,良,8.0,11,66.0,35.9,1.2,58,14-14,1:25.9,木幡巧也,474(+8),晴,14.0,14.0,,14.0
2026-07-25-02-06,202607020106,2026-07-25,中京,6,四日市特別,12,ハリウッドブルース,https://db.netkeiba.com/horse/2021104514/,2021104514,牡,5,58.0,浜田,,,4,2025/11/15,4京都3,深草特別(2勝クラス),,5,9,ダ1200,ダ,1200,良,9.0,7,21.7,35.2,0.8,58,11-11,1:11.8,高杉吏麒,466(+2),晴,11.0,11.0,,11.0
2026-07-25-02-06,202607020106,2026-07-25,中京,6,四日市特別,12,ハリウッドブルース,https://db.netkeiba.com/horse/2021104514/,2021104514,牡,5,58.0,浜田,,,5,2025/10/26,4東京9,三鷹特別(2勝クラス),,7,10,ダ1600,ダ,1600,不,10.0,5,10.0,35.2,1.3,58,12-12,1:36.8,石橋脩,464(-2),曇,12.0,12.0,,12.0
2026-07-25-02-06,202607020106,2026-07-25,中京,6,四日市特別,12,ハリウッドブルース,https://db.netkeiba.com/horse/2021104514/,2021104514,牡,5,58.0,浜田,,,6,2025/10/19,4東京7,西湖特別(2勝クラス),,1,1,ダ1600,ダ,1600,良,6.0,12,61.2,36.0,0.9,58,10-10,1:38.4,石橋脩,466(-2),曇,10.0,10.0,,10.0
2026-07-25-02-06,202607020106,2026-07-25,中京,6,四日市特別,12,ハリウッドブルース,https://db.netkeiba.com/horse/2021104514/,2021104514,牡,5,58.0,浜田,,,7,2025/09/07,4阪神2,3歳以上2勝クラス,,8,12,ダ1400,ダ,1400,良,6.0,10,29.1,36.5,0.8,58,9-9,1:25.0,団野大成,468(+6),晴,9.0,9.0,,9.0
2026-07-25-02-06,202607020106,2026-07-25,中京,6,四日市特別,12,ハリウッドブルース,https://db.netkeiba.com/horse/2021104514/,2021104514,牡,5,58.0,浜田,,,8,2025/06/08,3東京2,小金井特別(2勝クラス),,5,8,ダ1600,ダ,1600,良,10.0,5,13.1,37.2,1.8,58,7-7,1:37.7,松山弘平,462(+2),曇,7.0,7.0,,7.0
2026-07-25-02-06,202607020106,2026-07-25,中京,6,四日市特別,12,ハリウッドブルース,https://db.netkeiba.com/horse/2021104514/,2021104514,牡,5,58.0,浜田,,,9,2025/05/11,2京都6,4歳以上2勝クラス,,8,15,ダ1400,ダ,1400,稍,11.0,1,5.5,36.2,1.1,58,14-14,1:25.0,水口優也,460(-6),曇,14.0,14.0,,14.0
2026-07-25-02-06,202607020106,2026-07-25,中京,6,四日市特別,12,ハリウッドブルース,https://db.netkeiba.com/horse/2021104514/,2021104514,牡,5,58.0,浜田,,,10,2025/04/27,2東京2,4歳以上2勝クラス,,2,3,ダ1400,ダ,1400,稍,5.0,7,15.3,35.1,0.4,58,12-13,1:25.0,水口優也,466(0),晴,12.0,13.0,,13.0
2026-07-25-02-06,202607020106,2026-07-25,中京,6,四日市特別,12,ハリウッドブルース,https://db.netkeiba.com/horse/2021104514/,2021104514,牡,5,58.0,浜田,,,11,2025/04/05,2阪神3,4歳以上2勝クラス,,1,1,ダ1400,ダ,1400,良,6.0,7,11.9,36.1,0.5,58,15-13,1:25.2,西村淳也,466(+6),曇,15.0,13.0,,13.0
2026-07-25-02-06,202607020106,2026-07-25,中京,6,四日市特別,12,ハリウッドブルース,https://db.netkeiba.com/horse/2021104514/,2021104514,牡,5,58.0,浜田,,,12,2025/01/13,1中京5,鳥羽特別(2勝クラス),,6,12,ダ1400,ダ,1400,良,6.0,7,14.9,36.6,0.4,57,15-15,1:25.2,北村友一,460(+4),晴,15.0,15.0,,15.0
2026-07-25-02-06,202607020106,2026-07-25,中京,6,四日市特別,12,ハリウッドブルース,https://db.netkeiba.com/horse/2021104514/,2021104514,牡,5,58.0,浜田,,,13,2024/12/15,7京都6,3歳以上1勝クラス,,2,3,ダ1400,ダ,1400,良,1.0,1,3.4,36.4,-0.1,57,10-9,1:26.4,北村友一,456(-2),晴,10.0,9.0,,9.0
2026-07-25-02-06,202607020106,2026-07-25,中京,6,四日市特別,12,ハリウッドブルース,https://db.netkeiba.com/horse/2021104514/,2021104514,牡,5,58.0,浜田,,,14,2024/12/07,4中京3,3歳以上1勝クラス,,7,10,ダ1400,ダ,1400,良,4.0,1,2.4,37.6,1.6,57,7-8,1:25.6,西村淳也,458(-2),曇,7.0,8.0,,8.0
2026-07-25-02-06,202607020106,2026-07-25,中京,6,四日市特別,12,ハリウッドブルース,https://db.netkeiba.com/horse/2021104514/,2021104514,牡,5,58.0,浜田,,,15,2024/10/12,5京都3,3歳以上1勝クラス,,3,6,ダ1400,ダ,1400,良,6.0,3,4.6,36.6,1.0,56,14-13,1:24.9,水口優也,460(0),晴,14.0,13.0,,13.0
2026-07-25-02-06,202607020106,2026-07-25,中京,6,四日市特別,12,ハリウッドブルース,https://db.netkeiba.com/horse/2021104514/,2021104514,牡,5,58.0,浜田,,,16,2024/09/08,3中京2,3歳以上1勝クラス,,4,5,ダ1400,ダ,1400,良,2.0,1,2.5,36.9,0.3,56,9-9,1:24.5,水口優也,460(-2),晴,9.0,9.0,,9.0
2026-07-25-02-06,202607020106,2026-07-25,中京,6,四日市特別,12,ハリウッドブルース,https://db.netkeiba.com/horse/2021104514/,2021104514,牡,5,58.0,浜田,,,17,2024/08/18,2中京4,3歳以上1勝クラス,,8,15,ダ1400,ダ,1400,良,3.0,4,8.0,36.7,0.6,55,15-15,1:24.4,水口優也,462(+6),晴,15.0,15.0,,15.0
2026-07-25-02-06,202607020106,2026-07-25,中京,6,四日市特別,12,ハリウッドブルース,https://db.netkeiba.com/horse/2021104514/,2021104514,牡,5,58.0,浜田,,,18,2024/06/01,4京都1,3歳以上1勝クラス,,3,5,ダ1200,ダ,1200,稍,4.0,3,5.7,35.3,0.6,55,12-12,1:11.3,水口優也,456(-2),晴,12.0,12.0,,12.0
2026-07-25-02-06,202607020106,2026-07-25,中京,6,四日市特別,12,ハリウッドブルース,https://db.netkeiba.com/horse/2021104514/,2021104514,牡,5,58.0,浜田,,,19,2024/05/04,3京都5,3歳1勝クラス,,5,8,ダ1200,ダ,1200,良,3.0,8,22.7,36.4,0.0,57,11-11,1:12.7,水口優也,458(0),晴,11.0,11.0,,11.0
2026-07-25-02-06,202607020106,2026-07-25,中京,6,四日市特別,12,ハリウッドブルース,https://db.netkeiba.com/horse/2021104514/,2021104514,牡,5,58.0,浜田,,,20,2024/04/13,2阪神7,3歳未勝利,,7,13,ダ1200,ダ,1200,良,1.0,2,4.1,36.7,-0.4,57,6-5,1:13.4,水口優也,458(-4),晴,6.0,5.0,,5.0
2026-07-25-02-06,202607020106,2026-07-25,中京,6,四日市特別,12,ハリウッドブルース,https://db.netkeiba.com/horse/2021104514/,2021104514,牡,5,58.0,浜田,,,21,2024/02/11,2京都6,3歳未勝利,,8,16,ダ1200,ダ,1200,良,3.0,1,2.6,37.0,1.3,57,5-4,1:12.9,松山弘平,462(-4),晴,5.0,4.0,,4.0
2026-07-25-02-06,202607020106,2026-07-25,中京,6,四日市特別,12,ハリウッドブルース,https://db.netkeiba.com/horse/2021104514/,2021104514,牡,5,58.0,浜田,,,22,2024/01/20,1京都6,3歳未勝利,,5,8,ダ1200,ダ,1200,稍,2.0,4,9.4,36.8,0.4,57,10-8,1:12.9,松山弘平,466(-2),小雨,10.0,8.0,,8.0
2026-07-25-02-06,202607020106,2026-07-25,中京,6,四日市特別,12,ハリウッドブルース,https://db.netkeiba.com/horse/2021104514/,2021104514,牡,5,58.0,浜田,,,23,2024/01/08,1京都3,3歳新馬,,7,14,ダ1200,ダ,1200,良,8.0,5,9.3,37.5,0.5,57,14-14,1:15.6,水口優也,468(0),晴,14.0,14.0,,14.0
2026-07-25-02-06,202607020106,2026-07-25,中京,6,四日市特別,13,フィーチャリング,https://db.netkeiba.com/horse/2022105824/,2022105824,セ,4,58.0,原,,,0,2026/06/07,3東京2,小金井特別(2勝クラス),,2,4,ダ1600,ダ,1600,良,10.0,10,69.0,36.6,1.5,58,13-13,1:37.8,原優介,460(+2),曇,13.0,13.0,,13.0
2026-07-25-02-06,202607020106,2026-07-25,中京,6,四日市特別,13,フィーチャリング,https://db.netkeiba.com/horse/2022105824/,2022105824,セ,4,58.0,原,,,1,2026/05/17,2東京8,青梅特別(2勝クラス),,5,9,ダ1600,ダ,1600,良,6.0,5,15.1,35.5,0.5,55,12-13,1:37.6,原優介,458(+4),晴,12.0,13.0,,13.0
2026-07-25-02-06,202607020106,2026-07-25,中京,6,四日市特別,13,フィーチャリング,https://db.netkeiba.com/horse/2022105824/,2022105824,セ,4,58.0,原,,,2,2026/03/29,1中京6,鈴鹿特別(2勝クラス),,8,16,ダ1400,ダ,1400,良,9.0,8,21.4,36.5,0.9,58,11-11,1:25.4,北村友一,454(-12),晴,11.0,11.0,,11.0
2026-07-25-02-06,202607020106,2026-07-25,中京,6,四日市特別,13,フィーチャリング,https://db.netkeiba.com/horse/2022105824/,2022105824,セ,4,58.0,原,,,3,2026/01/31,1東京1,4歳以上2勝クラス,,6,11,ダ1400,ダ,1400,良,8.0,6,19.1,36.1,1.0,57,12-12,1:25.7,松山弘平,466(-2),晴,12.0,12.0,,12.0
2026-07-25-02-06,202607020106,2026-07-25,中京,6,四日市特別,13,フィーチャリング,https://db.netkeiba.com/horse/2022105824/,2022105824,セ,4,58.0,原,,,4,2025/11/30,5東京8,3歳以上1勝クラス,,2,4,ダ1400,ダ,1400,良,1.0,3,4.0,36.1,-0.4,57,8-8,1:24.8,松山弘平,468(+4),晴,8.0,8.0,,8.0
2026-07-25-02-06,202607020106,2026-07-25,中京,6,四日市特別,13,フィーチャリング,https://db.netkeiba.com/horse/2022105824/,2022105824,セ,4,58.0,原,,,5,2025/11/15,5東京3,3歳以上1勝クラス,,2,4,ダ1400,ダ,1400,良,4.0,4,7.3,34.8,0.6,57,16-16,1:25.3,原優介,464(+2),晴,16.0,16.0,,16.0
2026-07-25-02-06,202607020106,2026-07-25,中京,6,四日市特別,13,フィーチャリング,https://db.netkeiba.com/horse/2022105824/,2022105824,セ,4,58.0,原,,,6,2025/10/26,4東京9,3歳以上1勝クラス,,3,6,ダ1600,ダ,1600,不,3.0,9,21.4,34.5,0.5,56,14-16,1:36.2,原優介,462(+14),小雨,14.0,16.0,,16.0
2026-07-25-02-06,202607020106,2026-07-25,中京,6,四日市特別,13,フィーチャリング,https://db.netkeiba.com/horse/2022105824/,2022105824,セ,4,58.0,原,,,7,2025/09/07,4中山2,3歳以上1勝クラス,,3,4,ダ1800,ダ,1800,良,12.0,5,14.8,41.1,3.0,55,4-4-6-11,1:56.1,石川裕紀,448(-22),晴,4.0,4.0,6.0,11.0
2026-07-25-02-06,202607020106,2026-07-25,中京,6,四日市特別,13,フィーチャリング,https://db.netkeiba.com/horse/2022105824/,2022105824,セ,4,58.0,原,,,8,2025/04/06,3中山4,3歳1勝クラス,,2,2,ダ1800,ダ,1800,稍,13.0,5,19.3,41.4,3.6,57,4-4-12-14,1:56.9,原優介,470(-2),小雨,4.0,4.0,12.0,14.0
2026-07-25-02-06,202607020106,2026-07-25,中京,6,四日市特別,13,フィーチャリング,https://db.netkeiba.com/horse/2022105824/,2022105824,セ,4,58.0,原,,,9,2025/02/15,1東京5,3歳未勝利,,6,12,ダ1600,ダ,1600,良,1.0,1,1.8,37.1,-0.2,57,4-3,1:39.2,坂井瑠星,472(-4),晴,4.0,3.0,,3.0
2026-07-25-02-06,202607020106,2026-07-25,中京,6,四日市特別,13,フィーチャリング,https://db.netkeiba.com/horse/2022105824/,2022105824,セ,4,58.0,原,,,10,2024/12/07,5中山3,2歳未勝利,,6,8,ダ1800,ダ,1800,良,3.0,4,8.1,38.6,0.3,56,5-5-9-9,1:55.4,石川裕紀,476(0),晴,5.0,5.0,9.0,9.0
2026-07-25-02-06,202607020106,2026-07-25,中京,6,四日市特別,13,フィーチャリング,https://db.netkeiba.com/horse/2022105824/,2022105824,セ,4,58.0,原,,,11,2024/11/16,5東京5,2歳未勝利,,8,16,ダ1600,ダ,1600,良,2.0,7,58.6,36.6,0.2,56,13-13,1:39.4,石川裕紀,476(-2),曇,13.0,13.0,,13.0
2026-07-25-02-06,202607020106,2026-07-25,中京,6,四日市特別,13,フィーチャリング,https://db.netkeiba.com/horse/2022105824/,2022105824,セ,4,58.0,原,,,12,2024/09/14,4中山3,2歳新馬,,4,7,ダ1800,ダ,1800,良,13.0,5,15.2,44.8,6.5,55,1-1-2-8,2:02.8,佐々木大,478(0),晴,1.0,1.0,2.0,8.0
2026-07-25-02-06,202607020106,2026-07-25,中京,6,四日市特別,14,フクチャントウメイ,https://db.netkeiba.com/horse/2021105086/,2021105086,セ,5,58.0,吉田豊,,,0,2026/06/07,3東京2,八王子特別(2勝クラス),,1,2,ダ1400,ダ,1400,良,9.0,12,109.9,36.8,1.6,58,12-11,1:25.8,吉田豊,540(+4),曇,12.0,11.0,,11.0
2026-07-25-02-06,202607020106,2026-07-25,中京,6,四日市特別,14,フクチャントウメイ,https://db.netkeiba.com/horse/2021105086/,2021105086,セ,5,58.0,吉田豊,,,1,2026/02/22,1東京8,大島特別(2勝クラス),,7,13,ダ1400,ダ,1400,良,10.0,15,272.2,36.5,1.3,58,14-13,1:25.5,吉田豊,536(+2),晴,14.0,13.0,,13.0
2026-07-25-02-06,202607020106,2026-07-25,中京,6,四日市特別,14,フクチャントウメイ,https://db.netkeiba.com/horse/2021105086/,2021105086,セ,5,58.0,吉田豊,,,2,2025/11/30,5東京8,アプローズ賞(2勝クラス),,2,3,ダ1400,ダ,1400,良,16.0,15,184.4,37.9,2.6,58,13-13,1:26.7,岩田望来,534(-4),晴,13.0,13.0,,13.0
2026-07-25-02-06,202607020106,2026-07-25,中京,6,四日市特別,14,フクチャントウメイ,https://db.netkeiba.com/horse/2021105086/,2021105086,セ,5,58.0,吉田豊,,,3,2025/10/04,4東京1,3歳以上2勝クラス,,5,10,ダ1400,ダ,1400,良,14.0,9,25.8,37.6,1.6,58,9-10,1:26.4,佐々木大,538(-6),曇,9.0,10.0,,10.0
2026-07-25-02-06,202607020106,2026-07-25,中京,6,四日市特別,14,フクチャントウメイ,https://db.netkeiba.com/horse/2021105086/,2021105086,セ,5,58.0,吉田豊,,,4,2025/05/17,2東京7,立川特別(2勝クラス),,5,5,ダ1400,ダ,1400,不,12.0,4,6.2,38.2,2.5,58,7-7,1:25.5,ルメール,544(+4),曇,7.0,7.0,,7.0
2026-07-25-02-06,202607020106,2026-07-25,中京,6,四日市特別,14,フクチャントウメイ,https://db.netkeiba.com/horse/2021105086/,2021105086,セ,5,58.0,吉田豊,,,5,2025/02/16,1東京6,4歳以上2勝クラス,,8,15,ダ1400,ダ,1400,良,14.0,2,4.4,36.4,2.4,58,13-13,1:27.4,キング,540(0),曇,13.0,13.0,,13.0
2026-07-25-02-06,202607020106,2026-07-25,中京,6,四日市特別,14,フクチャントウメイ,https://db.netkeiba.com/horse/2021105086/,2021105086,セ,5,58.0,吉田豊,,,6,2024/11/24,5東京8,3歳以上1勝クラス,,5,10,ダ1400,ダ,1400,良,1.0,1,2.5,36.7,-0.1,57,7-6,1:25.1,ルメール,540(+6),晴,7.0,6.0,,6.0
2026-07-25-02-06,202607020106,2026-07-25,中京,6,四日市特別,14,フクチャントウメイ,https://db.netkeiba.com/horse/2021105086/,2021105086,セ,5,58.0,吉田豊,,,7,2024/10/26,4東京7,3歳以上1勝クラス,,7,12,ダ1400,ダ,1400,良,4.0,2,2.3,36.5,0.4,56,10-5,1:26.3,ルメール,534(0),曇,10.0,5.0,,5.0
2026-07-25-02-06,202607020106,2026-07-25,中京,6,四日市特別,14,フクチャントウメイ,https://db.netkeiba.com/horse/2021105086/,2021105086,セ,5,58.0,吉田豊,,,8,2024/10/05,4東京1,3歳以上1勝クラス,,1,2,ダ1400,ダ,1400,重,2.0,1,2.7,35.4,0.1,56,8-8,1:23.6,ルメール,534(+10),小雨,8.0,8.0,,8.0
2026-07-25-02-06,202607020106,2026-07-25,中京,6,四日市特別,14,フクチャントウメイ,https://db.netkeiba.com/horse/2021105086/,2021105086,セ,5,58.0,吉田豊,,,9,2024/06/02,3東京2,3歳未勝利,,7,13,ダ1400,ダ,1400,重,1.0,1,1.4,34.9,-0.2,57,7-5,1:24.6,ルメール,524(+4),曇,7.0,5.0,,5.0
2026-07-25-02-06,202607020106,2026-07-25,中京,6,四日市特別,14,フクチャントウメイ,https://db.netkeiba.com/horse/2021105086/,2021105086,セ,5,58.0,吉田豊,,,10,2024/05/12,2東京8,3歳未勝利,,1,2,ダ1300,ダ,1300,良,2.0,2,3.3,35.4,0.0,57,4-4,1:18.1,川田将雅,520(+2),曇,4.0,4.0,,4.0
2026-07-25-02-06,202607020106,2026-07-25,中京,6,四日市特別,14,フクチャントウメイ,https://db.netkeiba.com/horse/2021105086/,2021105086,セ,5,58.0,吉田豊,,,11,2024/03/23,1中京5,3歳未勝利,,5,9,ダ1400,ダ,1400,重,5.0,1,3.1,38.3,0.3,57,1-1,1:25.3,菱田裕二,518(-2),雨,1.0,1.0,,1.0
2026-07-25-02-06,202607020106,2026-07-25,中京,6,四日市特別,14,フクチャントウメイ,https://db.netkeiba.com/horse/2021105086/,2021105086,セ,5,58.0,吉田豊,,,12,2024/03/03,2中山4,3歳未勝利,,3,5,ダ1800,ダ,1800,稍,3.0,1,2.3,38.6,1.5,57,1-1-1-1,1:55.4,ルメール,520(-4),晴,1.0,1.0,1.0,1.0
2026-07-25-02-06,202607020106,2026-07-25,中京,6,四日市特別,14,フクチャントウメイ,https://db.netkeiba.com/horse/2021105086/,2021105086,セ,5,58.0,吉田豊,,,13,2023/12/24,5中山8,2歳未勝利,,4,8,ダ1800,ダ,1800,良,5.0,3,5.4,40.2,1.4,56,2-2-2-1,1:56.7,横山武史,524(+2),曇,2.0,2.0,2.0,1.0
2026-07-25-02-06,202607020106,2026-07-25,中京,6,四日市特別,14,フクチャントウメイ,https://db.netkeiba.com/horse/2021105086/,2021105086,セ,5,58.0,吉田豊,,,14,2023/11/26,5東京8,2歳新馬,,4,7,ダ1600,ダ,1600,良,3.0,1,2.1,37.9,0.4,56,3-3,1:39.2,ルメール,522(0),曇,3.0,3.0,,3.0
2026-07-25-02-06,202607020106,2026-07-25,中京,6,四日市特別,15,ヘリテージブルーム,https://db.netkeiba.com/horse/2023103365/,2023103365,牡,3,55.0,戸崎圭,,,0,2026/05/24,2東京10,3歳1勝クラス,,4,6,ダ1400,ダ,1400,稍,1.0,1,1.6,36.6,-0.2,57,3-3,1:24.5,戸崎圭太,454(-2),曇,3.0,3.0,,3.0
2026-07-25-02-06,202607020106,2026-07-25,中京,6,四日市特別,15,ヘリテージブルーム,https://db.netkeiba.com/horse/2023103365/,2023103365,牡,3,55.0,戸崎圭,,,1,2026/05/03,3京都4,3歳1勝クラス,,6,12,ダ1400,ダ,1400,稍,2.0,4,9.5,36.8,0.0,57,5-5,1:23.7,戸崎圭太,456(-4),曇,5.0,5.0,,5.0
2026-07-25-02-06,202607020106,2026-07-25,中京,6,四日市特別,15,ヘリテージブルーム,https://db.netkeiba.com/horse/2023103365/,2023103365,牡,3,55.0,戸崎圭,,,2,2026/03/15,1中京2,昇竜S(OP),,6,7,ダ1400,ダ,1400,良,8.0,2,4.3,37.2,1.3,57,4-5,1:25.3,川田将雅,460(+4),晴,4.0,5.0,,5.0
2026-07-25-02-06,202607020106,2026-07-25,中京,6,四日市特別,15,ヘリテージブルーム,https://db.netkeiba.com/horse/2023103365/,2023103365,牡,3,55.0,戸崎圭,,,3,2025/12/21,5中京6,寒椿賞(1勝クラス),,7,13,ダ1400,ダ,1400,稍,3.0,3,6.5,36.7,0.2,56,11-12,1:24.7,小沢大仁,456(+8),雨,11.0,12.0,,12.0
2026-07-25-02-06,202607020106,2026-07-25,中京,6,四日市特別,15,ヘリテージブルーム,https://db.netkeiba.com/horse/2023103365/,2023103365,牡,3,55.0,戸崎圭,,,4,2025/11/02,4東京11,2歳未勝利,,8,14,ダ1400,ダ,1400,重,1.0,1,1.4,36.4,-0.7,56,2-2,1:24.0,戸崎圭太,448(+2),晴,2.0,2.0,,2.0
2026-07-25-02-06,202607020106,2026-07-25,中京,6,四日市特別,15,ヘリテージブルーム,https://db.netkeiba.com/horse/2023103365/,2023103365,牡,3,55.0,戸崎圭,,,5,2025/10/05,4東京2,2歳未勝利,,5,10,ダ1400,ダ,1400,良,2.0,3,4.7,36.8,0.0,56,2-2,1:25.1,戸崎圭太,446(0),曇,2.0,2.0,,2.0
2026-07-25-02-06,202607020106,2026-07-25,中京,6,四日市特別,15,ヘリテージブルーム,https://db.netkeiba.com/horse/2023103365/,2023103365,牡,3,55.0,戸崎圭,,,6,2025/09/07,4中山2,2歳未勝利,,2,2,ダ1200,ダ,1200,良,3.0,2,3.7,37.3,1.0,55,6-6,1:13.0,戸崎圭太,446(0),晴,6.0,6.0,,6.0
2026-07-25-02-06,202607020106,2026-07-25,中京,6,四日市特別,15,ヘリテージブルーム,https://db.netkeiba.com/horse/2023103365/,2023103365,牡,3,55.0,戸崎圭,,,7,2025/06/28,2福島1,2歳新馬,,7,7,芝1200,芝,1200,良,3.0,1,2.6,35.1,0.8,55,5-4,1:10.5,戸崎圭太,446(0),晴,5.0,4.0,,4.0
2026-07-25-02-06,202607020106,2026-07-25,中京,6,四日市特別,16,ホウオウゴールド,https://db.netkeiba.com/horse/2022106011/,2022106011,牡,4,58.0,小沢,,,0,2026/06/07,3阪神2,洲本特別(2勝クラス),,6,11,ダ1400,ダ,1400,稍,7.0,12,84.6,35.8,1.0,58,14-13,1:24.4,小沢大仁,472(-8),雨,14.0,13.0,,13.0
2026-07-25-02-06,202607020106,2026-07-25,中京,6,四日市特別,16,ホウオウゴールド,https://db.netkeiba.com/horse/2022106011/,2022106011,牡,4,58.0,小沢,,,1,2026/05/16,2東京7,立川特別(2勝クラス),,6,7,ダ1400,ダ,1400,良,7.0,8,23.0,36.0,1.2,58,10-10,1:25.1,田辺裕信,480(+2),晴,10.0,10.0,,10.0
2026-07-25-02-06,202607020106,2026-07-25,中京,6,四日市特別,16,ホウオウゴールド,https://db.netkeiba.com/horse/2022106011/,2022106011,牡,4,58.0,小沢,,,2,2026/04/18,2阪神7,吹田特別(2勝クラス),,7,12,ダ1400,ダ,1400,良,5.0,7,18.8,35.1,0.7,58,11-11,1:23.9,北村友一,478(0),晴,11.0,11.0,,11.0
2026-07-25-02-06,202607020106,2026-07-25,中京,6,四日市特別,16,ホウオウゴールド,https://db.netkeiba.com/horse/2022106011/,2022106011,牡,4,58.0,小沢,,,3,2026/03/28,1中京5,4歳以上1勝クラス,,1,1,ダ1400,ダ,1400,稍,1.0,3,4.4,35.6,-0.2,58,12-11,1:24.1,高杉吏麒,478(-2),晴,12.0,11.0,,11.0
2026-07-25-02-06,202607020106,2026-07-25,中京,6,四日市特別,16,ホウオウゴールド,https://db.netkeiba.com/horse/2022106011/,2022106011,牡,4,58.0,小沢,,,4,2026/02/15,1東京6,4歳以上1勝クラス,,4,7,ダ1400,ダ,1400,良,5.0,3,4.8,36.0,0.6,58,9-9,1:25.2,横山和生,480(+4),晴,9.0,9.0,,9.0
2026-07-25-02-06,202607020106,2026-07-25,中京,6,四日市特別,16,ホウオウゴールド,https://db.netkeiba.com/horse/2022106011/,2022106011,牡,4,58.0,小沢,,,5,2026/01/24,1中山8,4歳以上1勝クラス,,1,1,ダ1200,ダ,1200,良,3.0,3,7.4,36.7,0.2,58,13-9,1:12.6,横山和生,476(0),晴,13.0,9.0,,9.0
2026-07-25-02-06,202607020106,2026-07-25,中京,6,四日市特別,16,ホウオウゴールド,https://db.netkeiba.com/horse/2022106011/,2022106011,牡,4,58.0,小沢,,,6,2026/01/05,1中山2,4歳以上1勝クラス,,5,10,ダ1200,ダ,1200,稍,4.0,3,5.6,36.2,0.3,58,13-10,1:12.0,横山和生,476(0),晴,13.0,10.0,,10.0
2026-07-25-02-06,202607020106,2026-07-25,中京,6,四日市特別,16,ホウオウゴールド,https://db.netkeiba.com/horse/2022106011/,2022106011,牡,4,58.0,小沢,,,7,2025/10/25,4東京8,3歳以上1勝クラス,,4,7,ダ1400,ダ,1400,稍,4.0,4,8.6,36.6,1.3,56,5-4,1:24.0,横山和生,476(+4),雨,5.0,4.0,,4.0
2026-07-25-02-06,202607020106,2026-07-25,中京,6,四日市特別,16,ホウオウゴールド,https://db.netkeiba.com/horse/2022106011/,2022106011,牡,4,58.0,小沢,,,8,2025/10/04,4東京1,3歳以上1勝クラス,,3,6,ダ1400,ダ,1400,良,4.0,3,10.2,36.3,0.3,56,13-13,1:26.2,横山和生,472(+4),曇,13.0,13.0,,13.0
2026-07-25-02-06,202607020106,2026-07-25,中京,6,四日市特別,16,ホウオウゴールド,https://db.netkeiba.com/horse/2022106011/,2022106011,牡,4,58.0,小沢,,,9,2025/09/07,2札幌6,3歳以上1勝クラス,,3,4,ダ1700,ダ,1700,稍,6.0,7,20.0,40.5,2.2,55,5-5-7-8,1:47.9,原田和真,468(+8),晴,5.0,5.0,7.0,8.0
2026-07-25-02-06,202607020106,2026-07-25,中京,6,四日市特別,16,ホウオウゴールド,https://db.netkeiba.com/horse/2022106011/,2022106011,牡,4,58.0,小沢,,,10,2025/05/31,2東京11,3歳1勝クラス,,7,7,ダ1600,ダ,1600,不,9.0,8,37.5,38.3,2.1,57,2-2,1:37.6,横山和生,460(-2),小雨,2.0,2.0,,2.0
2026-07-25-02-06,202607020106,2026-07-25,中京,6,四日市特別,16,ホウオウゴールド,https://db.netkeiba.com/horse/2022106011/,2022106011,牡,4,58.0,小沢,,,11,2025/05/17,2東京7,3歳1勝クラス,,6,9,ダ1400,ダ,1400,不,12.0,8,29.8,37.3,2.3,57,12-10,1:25.1,内田博幸,462(+4),雨,12.0,10.0,,10.0
2026-07-25-02-06,202607020106,2026-07-25,中京,6,四日市特別,16,ホウオウゴールド,https://db.netkeiba.com/horse/2022106011/,2022106011,牡,4,58.0,小沢,,,12,2025/03/15,2中山5,3歳1勝クラス,,8,15,ダ1800,ダ,1800,稍,9.0,4,14.3,39.9,2.2,57,1-1-1-1,1:55.8,横山和生,458(-4),曇,1.0,1.0,1.0,1.0
2026-07-25-02-06,202607020106,2026-07-25,中京,6,四日市特別,16,ホウオウゴールド,https://db.netkeiba.com/horse/2022106011/,2022106011,牡,4,58.0,小沢,,,13,2025/02/16,1東京6,3歳新馬,,5,10,ダ1600,ダ,1600,良,1.0,1,2.3,37.3,-0.8,57,1-1,1:39.6,横山和生,462(0),晴,1.0,1.0,,1.0
2026-07-25-02-06,202607020106,2026-07-25,中京,6,四日市特別,17,ポートデラメール,https://db.netkeiba.com/horse/2022105963/,2022105963,牝,4,56.0,ルメール,,,0,2026/04/04,2阪神3,4歳以上2勝クラス,,3,5,ダ1400,ダ,1400,重,2.0,1,2.0,35.7,0.1,56,5-5,1:22.9,ルメール,450(-2),雨,5.0,5.0,,5.0
2026-07-25-02-06,202607020106,2026-07-25,中京,6,四日市特別,17,ポートデラメール,https://db.netkeiba.com/horse/2022105963/,2022105963,牝,4,56.0,ルメール,,,1,2026/01/18,1京都7,小倉山特別(2勝クラス),,1,1,ダ1400,ダ,1400,良,7.0,1,2.1,38.0,0.7,55,4-5,1:25.3,団野大成,452(+4),晴,4.0,5.0,,5.0
2026-07-25-02-06,202607020106,2026-07-25,中京,6,四日市特別,17,ポートデラメール,https://db.netkeiba.com/horse/2022105963/,2022105963,牝,4,56.0,ルメール,,,2,2025/11/08,4京都1,亀岡特別(2勝クラス),,4,7,ダ1400,ダ,1400,良,2.0,1,3.0,37.4,0.2,55,2-2,1:23.5,Ｃ．デム,448(+2),晴,2.0,2.0,,2.0
2026-07-25-02-06,202607020106,2026-07-25,中京,6,四日市特別,17,ポートデラメール,https://db.netkeiba.com/horse/2022105963/,2022105963,牝,4,56.0,ルメール,,,3,2025/09/07,4阪神2,3歳以上1勝クラス,,3,4,ダ1400,ダ,1400,良,1.0,4,7.1,37.9,-0.4,54,2-2,1:24.0,団野大成,446(+28),晴,2.0,2.0,,2.0
2026-07-25-02-06,202607020106,2026-07-25,中京,6,四日市特別,17,ポートデラメール,https://db.netkeiba.com/horse/2022105963/,2022105963,牝,4,56.0,ルメール,,,4,2024/10/05,5京都1,りんどう賞(1勝クラス),,2,2,芝1400,芝,1400,良,8.0,6,16.1,34.7,0.9,55,7-6,1:22.7,団野大成,418(0),晴,7.0,6.0,,6.0
2026-07-25-02-06,202607020106,2026-07-25,中京,6,四日市特別,17,ポートデラメール,https://db.netkeiba.com/horse/2022105963/,2022105963,牝,4,56.0,ルメール,,,5,2024/09/01,2中京8,小倉2歳S(GIII),,4,5,芝1200,芝,1200,重,7.0,6,9.9,34.6,0.9,55,8-9,1:09.9,団野大成,418(+10),曇,8.0,9.0,,9.0
2026-07-25-02-06,202607020106,2026-07-25,中京,6,四日市特別,17,ポートデラメール,https://db.netkeiba.com/horse/2022105963/,2022105963,牝,4,56.0,ルメール,,,6,2024/06/09,4京都4,2歳新馬,,7,7,芝1200,芝,1200,稍,1.0,1,1.6,33.8,0.0,55,5-4,1:11.3,団野大成,408(0),曇,5.0,4.0,,4.0
2026-07-25-02-06,202607020106,2026-07-25,中京,6,四日市特別,18,モズケイスター,https://db.netkeiba.com/horse/2022102127/,2022102127,牡,4,58.0,坂井,,,0,2026/04/11,2阪神5,4歳以上1勝クラス,,5,9,ダ1400,ダ,1400,重,1.0,1,2.1,35.8,0.0,58,7-7,1:24.0,坂井瑠星,480(+6),晴,7.0,7.0,,7.0
2026-07-25-02-06,202607020106,2026-07-25,中京,6,四日市特別,18,モズケイスター,https://db.netkeiba.com/horse/2022102127/,2022102127,牡,4,58.0,坂井,,,1,2026/03/22,1阪神10,4歳以上2勝クラス,,1,1,ダ1400,ダ,1400,良,2.0,5,6.6,36.1,0.9,58,4-4,1:24.5,坂井瑠星,474(-2),曇,4.0,4.0,,4.0
2026-07-25-02-06,202607020106,2026-07-25,中京,6,四日市特別,18,モズケイスター,https://db.netkeiba.com/horse/2022102127/,2022102127,牡,4,58.0,坂井,,,2,2026/01/17,1京都6,4歳以上1勝クラス,,8,16,ダ1400,ダ,1400,良,2.0,1,1.9,36.1,0.2,57,6-6,1:25.2,高杉吏麒,476(+4),晴,6.0,6.0,,6.0
2026-07-25-02-06,202607020106,2026-07-25,中京,6,四日市特別,18,モズケイスター,https://db.netkeiba.com/horse/2022102127/,2022102127,牡,4,58.0,坂井,,,3,2025/12/28,5阪神8,3歳以上1勝クラス,,7,14,ダ1400,ダ,1400,良,2.0,1,2.0,37.1,0.6,57,9-6,1:24.5,高杉吏麒,472(+2),晴,9.0,6.0,,6.0
2026-07-25-02-06,202607020106,2026-07-25,中京,6,四日市特別,18,モズケイスター,https://db.netkeiba.com/horse/2022102127/,2022102127,牡,4,58.0,坂井,,,4,2025/11/30,4京都8,3歳以上1勝クラス,,4,8,ダ1400,ダ,1400,良,2.0,1,2.0,37.7,0.3,57,6-7,1:25.5,高杉吏麒,470(-2),晴,6.0,7.0,,7.0
2026-07-25-02-06,202607020106,2026-07-25,中京,6,四日市特別,18,モズケイスター,https://db.netkeiba.com/horse/2022102127/,2022102127,牡,4,58.0,坂井,,,5,2025/11/01,3京都10,3歳以上1勝クラス,,1,2,ダ1400,ダ,1400,重,2.0,1,2.5,36.2,0.2,57,8-9,1:23.9,高杉吏麒,472(+2),晴,8.0,9.0,,9.0
2026-07-25-02-06,202607020106,2026-07-25,中京,6,四日市特別,18,モズケイスター,https://db.netkeiba.com/horse/2022102127/,2022102127,牡,4,58.0,坂井,,,6,2025/10/04,3京都1,3歳以上1勝クラス,,7,14,ダ1400,ダ,1400,不,3.0,1,3.7,35.8,0.2,56,13-13,1:22.7,高杉吏麒,470(+12),曇,13.0,13.0,,13.0
2026-07-25-02-06,202607020106,2026-07-25,中京,6,四日市特別,18,モズケイスター,https://db.netkeiba.com/horse/2022102127/,2022102127,牡,4,58.0,坂井,,,7,2025/08/02,3中京3,3歳未勝利,,6,11,ダ1400,ダ,1400,良,1.0,2,3.6,37.6,-1.1,56,4-4,1:24.8,高杉吏麒,458(-10),晴,4.0,4.0,,4.0
2026-07-25-02-06,202607020106,2026-07-25,中京,6,四日市特別,18,モズケイスター,https://db.netkeiba.com/horse/2022102127/,2022102127,牡,4,58.0,坂井,,,8,2025/05/31,2京都11,3歳未勝利,,4,8,ダ1400,ダ,1400,良,6.0,1,1.5,36.5,0.2,56,14-9,1:25.2,高杉吏麒,468(+4),曇,14.0,9.0,,9.0
2026-07-25-02-06,202607020106,2026-07-25,中京,6,四日市特別,18,モズケイスター,https://db.netkeiba.com/horse/2022102127/,2022102127,牡,4,58.0,坂井,,,9,2025/05/03,2京都3,3歳未勝利,,5,9,ダ1400,ダ,1400,重,2.0,3,5.5,35.4,0.1,56,11-8,1:23.7,高杉吏麒,464(+2),晴,11.0,8.0,,8.0
2026-07-25-02-06,202607020106,2026-07-25,中京,6,四日市特別,18,モズケイスター,https://db.netkeiba.com/horse/2022102127/,2022102127,牡,4,58.0,坂井,,,10,2025/04/06,2阪神4,3歳未勝利,,4,7,ダ1400,ダ,1400,良,3.0,3,4.5,37.8,0.4,56,3-4,1:26.3,高杉吏麒,462(0),晴,3.0,4.0,,4.0
2026-07-25-02-06,202607020106,2026-07-25,中京,6,四日市特別,18,モズケイスター,https://db.netkeiba.com/horse/2022102127/,2022102127,牡,4,58.0,坂井,,,11,2025/03/09,1阪神4,3歳未勝利,,4,7,ダ1400,ダ,1400,良,2.0,4,7.5,38.8,0.5,56,9-7,1:27.2,高杉吏麒,462(-2),晴,9.0,7.0,,7.0
2026-07-25-02-06,202607020106,2026-07-25,中京,6,四日市特別,18,モズケイスター,https://db.netkeiba.com/horse/2022102127/,2022102127,牡,4,58.0,坂井,,,12,2025/02/16,1京都6,3歳未勝利,,6,12,ダ1400,ダ,1400,稍,2.0,8,71.9,37.4,0.3,56,13-14,1:27.1,高杉吏麒,464(+2),曇,13.0,14.0,,14.0
2026-07-25-02-06,202607020106,2026-07-25,中京,6,四日市特別,18,モズケイスター,https://db.netkeiba.com/horse/2022102127/,2022102127,牡,4,58.0,坂井,,,13,2025/01/13,1中京5,3歳未勝利,,8,16,ダ1400,ダ,1400,良,15.0,12,87.1,40.2,3.6,57,14-14,1:29.6,池添謙一,462(+4),晴,14.0,14.0,,14.0
2026-07-25-02-06,202607020106,2026-07-25,中京,6,四日市特別,18,モズケイスター,https://db.netkeiba.com/horse/2022102127/,2022102127,牡,4,58.0,坂井,,,14,2024/12/14,7京都5,2歳新馬,,7,12,ダ1200,ダ,1200,良,5.0,8,46.4,37.0,2.1,56,11-11,1:15.3,池添謙一,458(0),曇,11.0,11.0,,11.0
2026-07-25-02-06,202607020106,2026-07-25,中京,6,四日市特別,19,モズタチアガレ,https://db.netkeiba.com/horse/2022106010/,2022106010,牡,4,58.0,北村友,,,0,2026/04/04,2阪神3,4歳以上2勝クラス,,8,14,ダ1400,ダ,1400,重,8.0,5,8.2,36.1,0.9,58,7-6,1:23.7,北村友一,498(+4),雨,7.0,6.0,,6.0
2026-07-25-02-06,202607020106,2026-07-25,中京,6,四日市特別,19,モズタチアガレ,https://db.netkeiba.com/horse/2022106010/,2022106010,牡,4,58.0,北村友,,,1,2026/03/08,1阪神6,4歳以上2勝クラス,,3,4,ダ1400,ダ,1400,良,3.0,6,14.0,37.3,1.5,58,3-4,1:24.6,北村友一,494(-6),晴,3.0,4.0,,4.0
2026-07-25-02-06,202607020106,2026-07-25,中京,6,四日市特別,19,モズタチアガレ,https://db.netkeiba.com/horse/2022106010/,2022106010,牡,4,58.0,北村友,,,2,2026/02/14,2京都5,4歳以上1勝クラス,,8,14,ダ1400,ダ,1400,稍,1.0,3,4.5,37.8,0.0,58,6-3,1:26.2,ハマーハ,500(+6),晴,6.0,3.0,,3.0
2026-07-25-02-06,202607020106,2026-07-25,中京,6,四日市特別,19,モズタチアガレ,https://db.netkeiba.com/horse/2022106010/,2022106010,牡,4,58.0,北村友,,,3,2026/02/07,1小倉5,4歳以上1勝クラス,,4,4,ダ1700,ダ,1700,良,7.0,1,2.6,38.1,1.2,56,4-4-4-3,1:46.4,西塚洸二,494(+6),曇,4.0,4.0,4.0,3.0
2026-07-25-02-06,202607020106,2026-07-25,中京,6,四日市特別,19,モズタチアガレ,https://db.netkeiba.com/horse/2022106010/,2022106010,牡,4,58.0,北村友,,,4,2025/10/11,3京都3,3歳以上1勝クラス,,4,7,ダ1400,ダ,1400,良,5.0,2,6.7,37.3,0.5,55,4-6,1:23.7,西塚洸二,488(0),晴,4.0,6.0,,6.0
2026-07-25-02-06,202607020106,2026-07-25,中京,6,四日市特別,19,モズタチアガレ,https://db.netkeiba.com/horse/2022106010/,2022106010,牡,4,58.0,北村友,,,5,2025/09/20,4阪神6,3歳以上1勝クラス,,2,4,ダ1400,ダ,1400,良,4.0,2,5.7,37.5,0.1,55,4-4,1:24.5,西塚洸二,488(+14),曇,4.0,4.0,,4.0
2026-07-25-02-06,202607020106,2026-07-25,中京,6,四日市特別,19,モズタチアガレ,https://db.netkeiba.com/horse/2022106010/,2022106010,牡,4,58.0,北村友,,,6,2025/08/30,4中京3,3歳以上1勝クラス,,7,10,ダ1400,ダ,1400,良,2.0,2,3.9,37.4,0.0,54,7-7,1:24.9,西塚洸二,474(-8),晴,7.0,7.0,,7.0
2026-07-25-02-06,202607020106,2026-07-25,中京,6,四日市特別,19,モズタチアガレ,https://db.netkeiba.com/horse/2022106010/,2022106010,牡,4,58.0,北村友,,,7,2025/08/09,3中京5,3歳以上1勝クラス,,5,8,ダ1400,ダ,1400,良,4.0,5,9.8,37.5,0.5,54,7-8,1:25.2,西塚洸二,482(+2),晴,7.0,8.0,,8.0
2026-07-25-02-06,202607020106,2026-07-25,中京,6,四日市特別,19,モズタチアガレ,https://db.netkeiba.com/horse/2022106010/,2022106010,牡,4,58.0,北村友,,,8,2025/04/27,2京都2,3歳1勝クラス,,3,3,ダ1400,ダ,1400,良,4.0,4,5.9,37.6,0.6,57,4-4,1:25.6,幸英明,480(-2),晴,4.0,4.0,,4.0
2026-07-25-02-06,202607020106,2026-07-25,中京,6,四日市特別,19,モズタチアガレ,https://db.netkeiba.com/horse/2022106010/,2022106010,牡,4,58.0,北村友,,,9,2025/04/13,2阪神6,3歳1勝クラス,,4,7,ダ1400,ダ,1400,良,4.0,5,12.9,37.8,0.4,57,10-6,1:25.1,幸英明,482(+2),小雨,10.0,6.0,,6.0
2026-07-25-02-06,202607020106,2026-07-25,中京,6,四日市特別,19,モズタチアガレ,https://db.netkeiba.com/horse/2022106010/,2022106010,牡,4,58.0,北村友,,,10,2025/03/15,1阪神5,3歳1勝クラス,,1,2,ダ1400,ダ,1400,良,4.0,10,42.1,37.8,0.4,57,3-4,1:25.5,田口貫太,480(+2),小雨,3.0,4.0,,4.0
2026-07-25-02-06,202607020106,2026-07-25,中京,6,四日市特別,19,モズタチアガレ,https://db.netkeiba.com/horse/2022106010/,2022106010,牡,4,58.0,北村友,,,11,2025/03/02,1阪神2,3歳1勝クラス,,4,8,ダ1200,ダ,1200,良,7.0,10,52.3,37.3,1.0,56,7-8,1:13.5,田口貫太,478(-2),小雨,7.0,8.0,,8.0
2026-07-25-02-06,202607020106,2026-07-25,中京,6,四日市特別,19,モズタチアガレ,https://db.netkeiba.com/horse/2022106010/,2022106010,牡,4,58.0,北村友,,,12,2024/12/08,4中京4,2歳未勝利,,6,7,ダ1200,ダ,1200,良,1.0,1,2.0,37.3,-0.2,53,2-3,1:13.0,柴田裕一,480(+10),晴,2.0,3.0,,3.0
2026-07-25-02-06,202607020106,2026-07-25,中京,6,四日市特別,19,モズタチアガレ,https://db.netkeiba.com/horse/2022106010/,2022106010,牡,4,58.0,北村友,,,13,2024/11/16,6京都5,2歳未勝利,,3,6,ダ1200,ダ,1200,良,2.0,2,3.8,37.1,0.7,53,5-4,1:13.0,柴田裕一,470(+2),曇,5.0,4.0,,4.0
2026-07-25-02-06,202607020106,2026-07-25,中京,6,四日市特別,19,モズタチアガレ,https://db.netkeiba.com/horse/2022106010/,2022106010,牡,4,58.0,北村友,,,14,2024/10/27,5京都8,2歳未勝利,,3,3,ダ1200,ダ,1200,良,3.0,4,5.2,37.3,0.3,53,5-3,1:12.7,柴田裕一,468(-2),晴,5.0,3.0,,3.0
2026-07-25-02-06,202607020106,2026-07-25,中京,6,四日市特別,19,モズタチアガレ,https://db.netkeiba.com/horse/2022106010/,2022106010,牡,4,58.0,北村友,,,15,2024/10/06,4新潟2,2歳新馬,,4,7,ダ1200,ダ,1200,良,3.0,7,22.1,36.4,1.4,53,6-6,1:13.2,柴田裕一,470(0),晴,6.0,6.0,,6.0
2026-07-25-02-06,202607020106,2026-07-25,中京,6,四日市特別,20,ヤマニンバロネス,https://db.netkeiba.com/horse/2022106609/,2022106609,牝,4,56.0,高杉,,,0,2026/03/15,1阪神8,4歳以上2勝クラス,,6,9,ダ1400,ダ,1400,良,8.0,3,6.3,36.0,0.5,56,7-9,1:25.0,高杉吏麒,472(0),晴,7.0,9.0,,9.0
2026-07-25-02-06,202607020106,2026-07-25,中京,6,四日市特別,20,ヤマニンバロネス,https://db.netkeiba.com/horse/2022106609/,2022106609,牝,4,56.0,高杉,,,1,2026/02/22,1東京8,大島特別(2勝クラス),,4,7,ダ1400,ダ,1400,良,14.0,7,12.7,37.4,1.7,56,9-8,1:25.9,武豊,472(-8),晴,9.0,8.0,,8.0
2026-07-25-02-06,202607020106,2026-07-25,中京,6,四日市特別,20,ヤマニンバロネス,https://db.netkeiba.com/horse/2022106609/,2022106609,牝,4,56.0,高杉,,,2,2026/01/18,1京都7,小倉山特別(2勝クラス),,4,8,ダ1400,ダ,1400,良,3.0,2,4.4,37.0,0.3,55,9-9,1:24.9,武豊,480(+12),晴,9.0,9.0,,9.0
2026-07-25-02-06,202607020106,2026-07-25,中京,6,四日市特別,20,ヤマニンバロネス,https://db.netkeiba.com/horse/2022106609/,2022106609,牝,4,56.0,高杉,,,3,2025/10/26,3京都9,嵯峨野特別(2勝クラス),,2,3,ダ1400,ダ,1400,重,6.0,5,9.4,36.5,0.6,53,11-11,1:23.4,武豊,468(-4),曇,11.0,11.0,,11.0
2026-07-25-02-06,202607020106,2026-07-25,中京,6,四日市特別,20,ヤマニンバロネス,https://db.netkeiba.com/horse/2022106609/,2022106609,牝,4,56.0,高杉,,,4,2025/08/02,1札幌3,大倉山特別(2勝クラス),,7,12,ダ1700,ダ,1700,良,5.0,1,2.9,37.5,1.3,53,7-7-6-5,1:45.9,武豊,472(+18),晴,7.0,7.0,6.0,5.0
2026-07-25-02-06,202607020106,2026-07-25,中京,6,四日市特別,20,ヤマニンバロネス,https://db.netkeiba.com/horse/2022106609/,2022106609,牝,4,56.0,高杉,,,5,2025/04/06,2阪神4,バイオレットS(OP),,4,6,ダ1400,ダ,1400,良,5.0,10,35.2,36.8,0.4,55,10-10,1:24.4,岩田望来,454(-4),晴,10.0,10.0,,10.0
2026-07-25-02-06,202607020106,2026-07-25,中京,6,四日市特別,20,ヤマニンバロネス,https://db.netkeiba.com/horse/2022106609/,2022106609,牝,4,56.0,高杉,,,6,2025/02/02,1京都2,3歳1勝クラス,,4,4,ダ1400,ダ,1400,稍,1.0,1,1.6,37.1,-0.1,55,3-2,1:25.7,川田将雅,458(-4),曇,3.0,2.0,,2.0
2026-07-25-02-06,202607020106,2026-07-25,中京,6,四日市特別,20,ヤマニンバロネス,https://db.netkeiba.com/horse/2022106609/,2022106609,牝,4,56.0,高杉,,,7,2024/12/08,7京都4,2歳新馬,,6,12,ダ1400,ダ,1400,良,1.0,2,4.4,37.4,-1.4,55,4-2,1:26.6,武豊,462(0),晴,4.0,2.0,,2.0
2026-07-25-02-06,202607020106,2026-07-25,中京,6,四日市特別,21,ライトオブヌカタ,https://db.netkeiba.com/horse/2023103087/,2023103087,牡,3,55.0,石川,,,0,2026/06/21,3東京6,甲州街道特別(2勝クラス),,5,10,ダ1400,ダ,1400,重,8.0,13,74.4,35.8,0.5,55,2-2,1:23.1,石川裕紀,488(+2),曇,2.0,2.0,,2.0
2026-07-25-02-06,202607020106,2026-07-25,中京,6,四日市特別,21,ライトオブヌカタ,https://db.netkeiba.com/horse/2023103087/,2023103087,牡,3,55.0,石川,,,1,2026/03/15,1中京2,昇竜S(OP),,8,11,ダ1400,ダ,1400,良,10.0,5,9.5,36.7,1.4,57,11-11,1:25.4,岩田望来,486(-6),晴,11.0,11.0,,11.0
2026-07-25-02-06,202607020106,2026-07-25,中京,6,四日市特別,21,ライトオブヌカタ,https://db.netkeiba.com/horse/2023103087/,2023103087,牡,3,55.0,石川,,,2,2026/01/11,1京都4,3歳1勝クラス,,7,7,ダ1400,ダ,1400,良,1.0,1,2.9,37.4,-0.1,57,4-5,1:27.0,岩田望来,492(-2),晴,4.0,5.0,,5.0
2026-07-25-02-06,202607020106,2026-07-25,中京,6,四日市特別,21,ライトオブヌカタ,https://db.netkeiba.com/horse/2023103087/,2023103087,牡,3,55.0,石川,,,3,2025/12/20,5阪神5,ポインセチアS(OP),,8,10,ダ1800,ダ,1800,良,4.0,9,45.4,36.9,0.9,56,2-2-2-2,1:53.5,岩田康誠,494(-2),晴,2.0,2.0,2.0,2.0
2026-07-25-02-06,202607020106,2026-07-25,中京,6,四日市特別,21,ライトオブヌカタ,https://db.netkeiba.com/horse/2023103087/,2023103087,牡,3,55.0,石川,,,4,2025/10/13,3京都5,2歳未勝利,,8,8,ダ1400,ダ,1400,良,1.0,4,8.7,38.0,-0.3,56,3-3,1:25.4,岩田康誠,496(-2),晴,3.0,3.0,,3.0
2026-07-25-02-06,202607020106,2026-07-25,中京,6,四日市特別,21,ライトオブヌカタ,https://db.netkeiba.com/horse/2023103087/,2023103087,牡,3,55.0,石川,,,5,2025/09/20,4阪神6,2歳新馬,,6,6,ダ1200,ダ,1200,良,5.0,2,3.7,37.8,1.3,55,4-5,1:14.7,岩田康誠,498(0),曇,4.0,5.0,,5.0
2026-07-25-02-06,202607020106,2026-07-25,中京,6,四日市特別,22,ラヴオントップ,https://db.netkeiba.com/horse/2021104399/,2021104399,牝,5,56.0,吉村,,,0,2026/06/07,3阪神2,洲本特別(2勝クラス),,7,14,ダ1400,ダ,1400,稍,3.0,7,32.1,36.3,0.3,56,2-3,1:23.7,吉村誠之,492(+2),雨,2.0,3.0,,3.0
2026-07-25-02-06,202607020106,2026-07-25,中京,6,四日市特別,22,ラヴオントップ,https://db.netkeiba.com/horse/2021104399/,2021104399,牝,5,56.0,吉村,,,1,2026/04/04,2阪神3,4歳以上2勝クラス,,5,8,ダ1400,ダ,1400,重,11.0,6,14.4,35.3,1.0,56,14-15,1:23.8,吉村誠之,490(-2),雨,14.0,15.0,,15.0
2026-07-25-02-06,202607020106,2026-07-25,中京,6,四日市特別,22,ラヴオントップ,https://db.netkeiba.com/horse/2021104399/,2021104399,牝,5,56.0,吉村,,,2,2026/03/15,1阪神8,4歳以上2勝クラス,,5,6,ダ1400,ダ,1400,良,4.0,8,16.0,34.8,0.2,56,13-13,1:24.7,吉村誠之,492(-2),晴,13.0,13.0,,13.0
2026-07-25-02-06,202607020106,2026-07-25,中京,6,四日市特別,22,ラヴオントップ,https://db.netkeiba.com/horse/2021104399/,2021104399,牝,5,56.0,吉村,,,3,2026/01/18,1京都7,小倉山特別(2勝クラス),,5,10,ダ1400,ダ,1400,良,2.0,13,144.0,36.1,0.1,56,14-14,1:24.7,亀田温心,494(+2),晴,14.0,14.0,,14.0
2026-07-25-02-06,202607020106,2026-07-25,中京,6,四日市特別,22,ラヴオントップ,https://db.netkeiba.com/horse/2021104399/,2021104399,牝,5,56.0,吉村,,,4,2025/10/18,3京都6,3歳以上2勝クラス,,4,4,ダ1400,ダ,1400,稍,9.0,3,5.9,38.3,2.6,56,5-10,1:25.7,西村淳也,492(-4),曇,5.0,10.0,,10.0
2026-07-25-02-06,202607020106,2026-07-25,中京,6,四日市特別,22,ラヴオントップ,https://db.netkeiba.com/horse/2021104399/,2021104399,牝,5,56.0,吉村,,,5,2025/09/13,4阪神3,鳥取特別(2勝クラス),,2,2,ダ1800,ダ,1800,良,8.0,8,27.7,38.7,1.7,56,5-5-6-5,1:53.3,亀田温心,496(+2),曇,5.0,5.0,6.0,5.0
2026-07-25-02-06,202607020106,2026-07-25,中京,6,四日市特別,22,ラヴオントップ,https://db.netkeiba.com/horse/2021104399/,2021104399,牝,5,56.0,吉村,,,6,2025/08/24,4中京2,大府特別(2勝クラス),,5,9,ダ1800,ダ,1800,良,4.0,7,15.6,36.5,0.8,56,15-15-12-12,1:53.7,亀田温心,494(+6),晴,15.0,15.0,12.0,12.0
2026-07-25-02-06,202607020106,2026-07-25,中京,6,四日市特別,22,ラヴオントップ,https://db.netkeiba.com/horse/2021104399/,2021104399,牝,5,56.0,吉村,,,7,2025/04/13,2阪神6,天神橋特別(2勝クラス),,6,8,ダ1800,ダ,1800,稍,12.0,5,10.5,42.0,3.0,56,1-1-1-1,1:55.6,高倉稜,488(0),雨,1.0,1.0,1.0,1.0
2026-07-25-02-06,202607020106,2026-07-25,中京,6,四日市特別,22,ラヴオントップ,https://db.netkeiba.com/horse/2021104399/,2021104399,牝,5,56.0,吉村,,,8,2025/03/23,2中山8,4歳以上2勝クラス,,8,15,ダ1800,ダ,1800,良,6.0,3,4.9,38.2,0.4,56,14-14-15-15,1:55.2,杉原誠人,488(0),晴,14.0,14.0,15.0,15.0
2026-07-25-02-06,202607020106,2026-07-25,中京,6,四日市特別,22,ラヴオントップ,https://db.netkeiba.com/horse/2021104399/,2021104399,牝,5,56.0,吉村,,,9,2025/01/25,1中京8,刈谷特別(2勝クラス),,7,11,ダ1800,ダ,1800,良,2.0,8,47.7,37.3,0.0,55,1-1-1-1,1:53.5,高倉稜,488(-2),晴,1.0,1.0,1.0,1.0
2026-07-25-02-06,202607020106,2026-07-25,中京,6,四日市特別,22,ラヴオントップ,https://db.netkeiba.com/horse/2021104399/,2021104399,牝,5,56.0,吉村,,,10,2024/12/14,7京都5,出町特別(2勝クラス),,6,7,ダ1800,ダ,1800,良,12.0,6,19.3,40.1,2.5,55,1-1-1-1,1:54.5,池添謙一,490(+12),曇,1.0,1.0,1.0,1.0
2026-07-25-02-06,202607020106,2026-07-25,中京,6,四日市特別,22,ラヴオントップ,https://db.netkeiba.com/horse/2021104399/,2021104399,牝,5,56.0,吉村,,,11,2024/06/08,4京都3,長浜特別(2勝クラス),,7,9,ダ1400,ダ,1400,良,11.0,3,6.9,37.5,4.2,53,11-11,1:28.5,坂井瑠星,478(-4),曇,11.0,11.0,,11.0
2026-07-25-02-06,202607020106,2026-07-25,中京,6,四日市特別,22,ラヴオントップ,https://db.netkeiba.com/horse/2021104399/,2021104399,牝,5,56.0,吉村,,,12,2024/03/31,2阪神4,バイオレットS(OP),,8,11,ダ1400,ダ,1400,良,10.0,3,6.5,38.9,2.3,55,7-11,1:26.8,横山武史,482(-6),曇,7.0,11.0,,11.0
2026-07-25-02-06,202607020106,2026-07-25,中京,6,四日市特別,22,ラヴオントップ,https://db.netkeiba.com/horse/2021104399/,2021104399,牝,5,56.0,吉村,,,13,2024/03/03,1阪神4,3歳1勝クラス,,2,2,ダ1400,ダ,1400,稍,1.0,1,1.7,39.0,-0.7,55,2-1,1:25.6,坂井瑠星,488(+10),晴,2.0,1.0,,1.0
2026-07-25-02-06,202607020106,2026-07-25,中京,6,四日市特別,22,ラヴオントップ,https://db.netkeiba.com/horse/2021104399/,2021104399,牝,5,56.0,吉村,,,14,2023/12/10,5阪神4,2歳1勝クラス,,3,3,ダ1200,ダ,1200,良,2.0,1,1.2,37.2,0.2,55,1-1,1:12.3,ルメール,478(-4),晴,1.0,1.0,,1.0
2026-07-25-02-06,202607020106,2026-07-25,中京,6,四日市特別,22,ラヴオントップ,https://db.netkeiba.com/horse/2021104399/,2021104399,牝,5,56.0,吉村,,,15,2023/11/12,3京都4,2歳未勝利,,1,1,ダ1200,ダ,1200,稍,1.0,1,1.7,37.1,-1.8,55,1-1,1:12.7,ルメール,482(-6),曇,1.0,1.0,,1.0
2026-07-25-02-06,202607020106,2026-07-25,中京,6,四日市特別,22,ラヴオントップ,https://db.netkeiba.com/horse/2021104399/,2021104399,牝,5,56.0,吉村,,,16,2023/07/16,2函館6,2歳未勝利,,8,15,芝1200,芝,1200,稍,2.0,2,4.0,36.2,0.2,55,3-3,1:12.4,横山武史,488(+4),曇,3.0,3.0,,3.0
2026-07-25-02-06,202607020106,2026-07-25,中京,6,四日市特別,22,ラヴオントップ,https://db.netkeiba.com/horse/2021104399/,2021104399,牝,5,56.0,吉村,,,17,2023/07/01,2函館1,2歳未勝利,,1,1,芝1200,芝,1200,稍,2.0,4,5.7,36.0,0.5,55,3-3,1:11.6,横山武史,484(+4),曇,3.0,3.0,,3.0
2026-07-25-02-06,202607020106,2026-07-25,中京,6,四日市特別,22,ラヴオントップ,https://db.netkeiba.com/horse/2021104399/,2021104399,牝,5,56.0,吉村,,,18,2023/06/17,1函館3,2歳新馬,,6,10,芝1200,芝,1200,良,4.0,2,4.4,36.1,0.3,55,6-6,1:11.3,横山武史,480(0),曇,6.0,6.0,,6.0
2026-07-25-02-07,202607020107,2026-07-25,中京,7,関ケ原S,1,ウインデイジー,https://db.netkeiba.com/horse/2021106194/,2021106194,牝,5,56.0,松若,,,0,2026/06/20,3阪神5,ストークS(3勝クラス),,7,14,芝2200,芝,2200,重,3.0,8,13.4,35.5,0.0,53,2-2-2-2,2:14.2,松若風馬,462(+6),雨,2.0,2.0,2.0,2.0
2026-07-25-02-07,202607020107,2026-07-25,中京,7,関ケ原S,1,ウインデイジー,https://db.netkeiba.com/horse/2021106194/,2021106194,牝,5,56.0,松若,,,1,2026/05/10,3京都6,烏丸S(3勝クラス),,7,10,芝2400,芝,2400,良,11.0,5,17.5,34.2,0.9,53,8-9-11-11,2:24.2,吉村誠之,456(+6),晴,8.0,9.0,11.0,11.0
2026-07-25-02-07,202607020107,2026-07-25,中京,7,関ケ原S,1,ウインデイジー,https://db.netkeiba.com/horse/2021106194/,2021106194,牝,5,56.0,松若,,,2,2026/03/21,1阪神9,淡路特別(2勝クラス),,5,5,芝2600,芝,2600,良,1.0,5,8.1,34.1,0.0,56,4-4-4-4,2:39.6,横山和生,450(0),晴,4.0,4.0,4.0,4.0
2026-07-25-02-07,202607020107,2026-07-25,中京,7,関ケ原S,1,ウインデイジー,https://db.netkeiba.com/horse/2021106194/,2021106194,牝,5,56.0,松若,,,3,2026/02/21,1小倉9,皿倉山特別(2勝クラス),,8,15,芝2600,芝,2600,良,5.0,7,17.8,35.8,0.5,56,13-13-8-8,2:39.6,丸山元気,450(-8),晴,13.0,13.0,8.0,8.0
2026-07-25-02-07,202607020107,2026-07-25,中京,7,関ケ原S,1,ウインデイジー,https://db.netkeiba.com/horse/2021106194/,2021106194,牝,5,56.0,松若,,,4,2026/01/12,1京都5,琵琶湖特別(2勝クラス),,4,4,芝2400,芝,2400,良,7.0,3,5.2,34.9,0.6,56,9-9-9-9,2:25.3,松山弘平,458(+4),晴,9.0,9.0,9.0,9.0
2026-07-25-02-07,202607020107,2026-07-25,中京,7,関ケ原S,1,ウインデイジー,https://db.netkeiba.com/horse/2021106194/,2021106194,牝,5,56.0,松若,,,5,2025/11/23,4京都6,3歳以上1勝クラス,,1,1,芝2400,芝,2400,良,1.0,4,12.7,34.0,-0.1,56,9-9-9-6,2:23.9,マーカン,454(-4),晴,9.0,9.0,9.0,6.0
2026-07-25-02-07,202607020107,2026-07-25,中京,7,関ケ原S,1,ウインデイジー,https://db.netkeiba.com/horse/2021106194/,2021106194,牝,5,56.0,松若,,,6,2025/09/28,4阪神9,兵庫特別(2勝クラス),,6,8,芝2400,芝,2400,良,9.0,2,8.6,34.5,1.6,52,9-9-8-8,2:27.4,吉村誠之,458(-2),曇,9.0,9.0,8.0,8.0
2026-07-25-02-07,202607020107,2026-07-25,中京,7,関ケ原S,1,ウインデイジー,https://db.netkeiba.com/horse/2021106194/,2021106194,牝,5,56.0,松若,,,7,2025/08/31,2札幌4,北辰特別(1勝クラス),,2,2,芝2600,芝,2600,稍,3.0,4,6.5,36.6,0.8,56,10-8-11-7,2:43.6,松岡正海,460(0),曇,10.0,8.0,11.0,7.0
2026-07-25-02-07,202607020107,2026-07-25,中京,7,関ケ原S,1,ウインデイジー,https://db.netkeiba.com/horse/2021106194/,2021106194,牝,5,56.0,松若,,,8,2025/08/09,1札幌5,3歳以上1勝クラス,,7,8,芝1800,芝,1800,稍,3.0,4,7.6,35.1,1.0,56,9-9-8-7,1:48.9,丹内祐次,460(+2),晴,9.0,9.0,8.0,7.0
2026-07-25-02-07,202607020107,2026-07-25,中京,7,関ケ原S,1,ウインデイジー,https://db.netkeiba.com/horse/2021106194/,2021106194,牝,5,56.0,松若,,,9,2025/07/12,1函館9,北斗特別(1勝クラス),,4,4,芝2000,芝,2000,良,7.0,4,9.0,35.4,0.7,56,10-10-2-3,2:00.5,横山和生,458(+2),晴,10.0,10.0,2.0,3.0
2026-07-25-02-07,202607020107,2026-07-25,中京,7,関ケ原S,1,ウインデイジー,https://db.netkeiba.com/horse/2021106194/,2021106194,牝,5,56.0,松若,,,10,2025/06/22,1函館4,遊楽部特別(1勝クラス),,8,10,芝2000,芝,2000,重,2.0,1,3.0,35.3,0.1,56,7-6-5-4,2:02.3,丹内祐次,456(0),曇,7.0,6.0,5.0,4.0
2026-07-25-02-07,202607020107,2026-07-25,中京,7,関ケ原S,1,ウインデイジー,https://db.netkeiba.com/horse/2021106194/,2021106194,牝,5,56.0,松若,,,11,2025/05/24,1新潟7,石打特別(1勝クラス),,1,1,芝2000,芝,2000,良,4.0,4,5.5,33.8,0.2,56,11-11,2:01.1,丹内祐次,456(0),小雨,11.0,11.0,,11.0
2026-07-25-02-07,202607020107,2026-07-25,中京,7,関ケ原S,1,ウインデイジー,https://db.netkeiba.com/horse/2021106194/,2021106194,牝,5,56.0,松若,,,12,2025/04/19,1福島3,桑折特別(1勝クラス),,8,16,芝2000,芝,2000,良,3.0,7,10.9,35.7,0.3,56,11-10-2-2,1:59.9,丸山元気,456(+2),晴,11.0,10.0,2.0,2.0
2026-07-25-02-07,202607020107,2026-07-25,中京,7,関ケ原S,1,ウインデイジー,https://db.netkeiba.com/horse/2021106194/,2021106194,牝,5,56.0,松若,,,13,2025/02/23,1京都8,4歳以上1勝クラス,,3,3,芝2400,芝,2400,良,5.0,4,8.1,35.0,0.8,53,5-5-7-5,2:28.6,吉村誠之,454(+6),曇,5.0,5.0,7.0,5.0
2026-07-25-02-07,202607020107,2026-07-25,中京,7,関ケ原S,1,ウインデイジー,https://db.netkeiba.com/horse/2021106194/,2021106194,牝,5,56.0,松若,,,14,2025/01/13,1中京5,4歳以上1勝クラス,,7,14,芝2200,芝,2200,良,6.0,6,29.5,34.8,0.2,55,14-14-13-12,2:14.7,団野大成,448(+2),晴,14.0,14.0,13.0,12.0
2026-07-25-02-07,202607020107,2026-07-25,中京,7,関ケ原S,1,ウインデイジー,https://db.netkeiba.com/horse/2021106194/,2021106194,牝,5,56.0,松若,,,15,2024/12/08,4中京4,3歳以上1勝クラス,,7,14,芝2000,芝,2000,良,5.0,12,82.0,35.1,0.6,55,11-10-10-11,2:02.0,長岡禎仁,446(0),晴,11.0,10.0,10.0,11.0
2026-07-25-02-07,202607020107,2026-07-25,中京,7,関ケ原S,1,ウインデイジー,https://db.netkeiba.com/horse/2021106194/,2021106194,牝,5,56.0,松若,,,16,2024/11/10,6京都4,3歳以上1勝クラス,,2,3,芝2200,芝,2200,良,13.0,11,57.2,34.5,1.5,54,13-14-14-14,2:13.9,松山弘平,446(+14),晴,13.0,14.0,14.0,14.0
2026-07-25-02-07,202607020107,2026-07-25,中京,7,関ケ原S,1,ウインデイジー,https://db.netkeiba.com/horse/2021106194/,2021106194,牝,5,56.0,松若,,,17,2024/04/27,3京都3,矢車賞(1勝クラス),,8,12,芝2200,芝,2200,良,4.0,6,11.1,35.7,0.7,55,7-7-6-6,2:13.5,田口貫太,432(+8),曇,7.0,7.0,6.0,6.0
2026-07-25-02-07,202607020107,2026-07-25,中京,7,関ケ原S,1,ウインデイジー,https://db.netkeiba.com/horse/2021106194/,2021106194,牝,5,56.0,松若,,,18,2024/02/25,2中山2,デイジー賞(1勝クラス),,4,5,芝1800,芝,1800,稍,8.0,3,5.4,36.2,0.9,55,10-10-10-9,1:51.5,西村淳也,424(-4),小雨,10.0,10.0,10.0,9.0
2026-07-25-02-07,202607020107,2026-07-25,中京,7,関ケ原S,1,ウインデイジー,https://db.netkeiba.com/horse/2021106194/,2021106194,牝,5,56.0,松若,,,19,2024/01/21,1京都7,3歳未勝利,,2,2,芝2000,芝,2000,不,1.0,4,4.5,37.2,-1.2,53,8-8-2-2,2:05.2,田口貫太,428(-2),曇,8.0,8.0,2.0,2.0
2026-07-25-02-07,202607020107,2026-07-25,中京,7,関ケ原S,1,ウインデイジー,https://db.netkeiba.com/horse/2021106194/,2021106194,牝,5,56.0,松若,,,20,2023/12/28,5阪神9,2歳未勝利,,4,6,芝1800,芝,1800,良,2.0,9,74.1,34.7,0.3,53,3-3,1:48.3,田口貫太,430(-2),晴,3.0,3.0,,3.0
2026-07-25-02-07,202607020107,2026-07-25,中京,7,関ケ原S,1,ウインデイジー,https://db.netkeiba.com/horse/2021106194/,2021106194,牝,5,56.0,松若,,,21,2023/12/10,5阪神4,2歳新馬,,8,8,芝2000,芝,2000,良,4.0,8,58.6,35.2,0.8,55,6-5-6-5,2:02.7,和田竜二,432(0),晴,6.0,5.0,6.0,5.0
2026-07-25-02-07,202607020107,2026-07-25,中京,7,関ケ原S,2,エイカイマッケンロ,https://db.netkeiba.com/horse/2019104800/,2019104800,セ,7,58.0,ディー,,,0,2026/05/16,2東京7,六社S(3勝クラス),,7,13,芝2400,芝,2400,良,15.0,14,131.3,37.0,3.0,58,2-2-2-2,2:26.1,ディー,488(-4),晴,2.0,2.0,2.0,2.0
2026-07-25-02-07,202607020107,2026-07-25,中京,7,関ケ原S,2,エイカイマッケンロ,https://db.netkeiba.com/horse/2019104800/,2019104800,セ,7,58.0,ディー,,,1,2026/02/28,1阪神3,松籟S(3勝クラス),,7,7,芝3000,芝,3000,良,6.0,9,138.8,35.5,0.9,54,5-6-6-6,3:07.8,高杉吏麒,492(+14),曇,5.0,6.0,6.0,6.0
2026-07-25-02-07,202607020107,2026-07-25,中京,7,関ケ原S,2,エイカイマッケンロ,https://db.netkeiba.com/horse/2019104800/,2019104800,セ,7,58.0,ディー,,,2,2026/01/25,1小倉2,壇之浦S(3勝クラス),,1,1,芝1800,芝,1800,良,9.0,12,137.7,33.1,0.8,58,12-12-12-12,1:46.2,和田陽希,478(-4),晴,12.0,12.0,12.0,12.0
2026-07-25-02-07,202607020107,2026-07-25,中京,7,関ケ原S,2,エイカイマッケンロ,https://db.netkeiba.com/horse/2019104800/,2019104800,セ,7,58.0,ディー,,,3,2025/12/28,5阪神8,サンクフルS(3勝クラス),,8,11,芝2000,芝,2000,良,9.0,11,113.7,34.9,0.9,58,8-8-7-7,2:01.0,西塚洸二,482(-6),晴,8.0,8.0,7.0,7.0
2026-07-25-02-07,202607020107,2026-07-25,中京,7,関ケ原S,2,エイカイマッケンロ,https://db.netkeiba.com/horse/2019104800/,2019104800,セ,7,58.0,ディー,,,4,2025/12/14,5阪神4,オリオンS(3勝クラス),,6,11,芝2200,芝,2200,良,15.0,9,80.1,37.5,2.5,58,2-2-2-2,2:14.1,高杉吏麒,488(+6),晴,2.0,2.0,2.0,2.0
2026-07-25-02-07,202607020107,2026-07-25,中京,7,関ケ原S,2,エイカイマッケンロ,https://db.netkeiba.com/horse/2019104800/,2019104800,セ,7,58.0,ディー,,,5,2025/11/09,5東京2,イクイノックスM(3勝クラス),,5,5,芝2000,芝,2000,良,11.0,9,48.5,35.1,1.4,58,3-3-3,2:00.0,北村宏司,482(-2),小雨,3.0,3.0,3.0,3.0
2026-07-25-02-07,202607020107,2026-07-25,中京,7,関ケ原S,2,エイカイマッケンロ,https://db.netkeiba.com/horse/2019104800/,2019104800,セ,7,58.0,ディー,,,6,2025/05/17,2東京7,六社S(3勝クラス),,1,1,芝2400,芝,2400,稍,12.0,9,35.6,45.0,8.9,58,7-8-7-8,2:35.2,ディー,484(-10),曇,7.0,8.0,7.0,8.0
2026-07-25-02-07,202607020107,2026-07-25,中京,7,関ケ原S,2,エイカイマッケンロ,https://db.netkeiba.com/horse/2019104800/,2019104800,セ,7,58.0,ディー,,,7,2025/02/23,1東京8,アメジストS(3勝クラス),,6,8,芝2000,芝,2000,良,7.0,8,65.1,34.4,0.4,55,7-7-7,1:59.0,松若風馬,494(-4),晴,7.0,7.0,7.0,7.0
2026-07-25-02-07,202607020107,2026-07-25,中京,7,関ケ原S,2,エイカイマッケンロ,https://db.netkeiba.com/horse/2019104800/,2019104800,セ,7,58.0,ディー,,,8,2025/02/15,1京都5,飛鳥S(3勝クラス),,2,2,芝2000,芝,2000,良,9.0,9,65.9,36.9,2.3,58,3-2-3-5,2:03.0,松山弘平,498(+2),晴,3.0,2.0,3.0,5.0
2026-07-25-02-07,202607020107,2026-07-25,中京,7,関ケ原S,2,エイカイマッケンロ,https://db.netkeiba.com/horse/2019104800/,2019104800,セ,7,58.0,ディー,,,9,2024/11/24,5東京8,アーモンドアイC(3勝クラス),,7,12,芝2000,芝,2000,良,14.0,9,44.2,34.7,1.5,58,7-8-9,2:01.0,松山弘平,496(-4),晴,7.0,8.0,9.0,9.0
2026-07-25-02-07,202607020107,2026-07-25,中京,7,関ケ原S,2,エイカイマッケンロ,https://db.netkeiba.com/horse/2019104800/,2019104800,セ,7,58.0,ディー,,,10,2024/11/02,5東京1,ノベンバーS(3勝クラス),,6,6,芝1800,芝,1800,稍,4.0,7,16.8,35.2,0.5,55,5-8-8,1:45.6,松山弘平,500(-4),小雨,5.0,8.0,8.0,8.0
2026-07-25-02-07,202607020107,2026-07-25,中京,7,関ケ原S,2,エイカイマッケンロ,https://db.netkeiba.com/horse/2019104800/,2019104800,セ,7,58.0,ディー,,,11,2024/10/20,4東京6,甲斐路S(3勝クラス),,3,3,芝2000,芝,2000,良,7.0,6,16.3,34.3,0.8,58,3-3-3,2:01.3,北村宏司,504(+10),晴,3.0,3.0,3.0,3.0
2026-07-25-02-07,202607020107,2026-07-25,中京,7,関ケ原S,2,エイカイマッケンロ,https://db.netkeiba.com/horse/2019104800/,2019104800,セ,7,58.0,ディー,,,12,2024/06/08,3東京3,ジューンS(3勝クラス),,2,2,芝2400,芝,2400,良,12.0,7,23.4,34.7,1.0,56,7-6-10-12,2:26.3,オシェア,494(+4),晴,7.0,6.0,10.0,12.0
2026-07-25-02-07,202607020107,2026-07-25,中京,7,関ケ原S,2,エイカイマッケンロ,https://db.netkeiba.com/horse/2019104800/,2019104800,セ,7,58.0,ディー,,,13,2024/04/27,2東京3,府中市70周年記念(3勝クラス),,7,10,芝2000,芝,2000,良,6.0,6,17.4,34.8,0.7,58,4-6-5,1:58.5,北村宏司,490(-10),曇,4.0,6.0,5.0,5.0
2026-07-25-02-07,202607020107,2026-07-25,中京,7,関ケ原S,2,エイカイマッケンロ,https://db.netkeiba.com/horse/2019104800/,2019104800,セ,7,58.0,ディー,,,14,2024/03/09,1中京1,恋路ケ浜特別(2勝クラス),,8,9,芝2000,芝,2000,良,1.0,1,3.2,34.7,-0.1,58,8-8-6-6,2:00.0,北村友一,500(+4),曇,8.0,8.0,6.0,6.0
2026-07-25-02-07,202607020107,2026-07-25,中京,7,関ケ原S,2,エイカイマッケンロ,https://db.netkeiba.com/horse/2019104800/,2019104800,セ,7,58.0,ディー,,,15,2024/01/28,1東京2,4歳以上2勝クラス,,3,3,芝2000,芝,2000,良,2.0,2,4.3,33.9,0.3,58,3-3-3,1:58.7,戸崎圭太,496(-6),晴,3.0,3.0,3.0,3.0
2026-07-25-02-07,202607020107,2026-07-25,中京,7,関ケ原S,2,エイカイマッケンロ,https://db.netkeiba.com/horse/2019104800/,2019104800,セ,7,58.0,ディー,,,16,2023/12/10,4中京4,名古屋日刊スポーツ杯(2勝クラス),,6,7,芝2000,芝,2000,良,2.0,4,6.8,34.4,0.1,58,4-5-5-5,1:59.1,西塚洸二,502(-4),晴,4.0,5.0,5.0,5.0
2026-07-25-02-07,202607020107,2026-07-25,中京,7,関ケ原S,2,エイカイマッケンロ,https://db.netkeiba.com/horse/2019104800/,2019104800,セ,7,58.0,ディー,,,17,2023/11/25,3京都7,高雄特別(2勝クラス),,6,8,芝2400,芝,2400,良,7.0,3,8.3,36.3,0.7,58,4-5-6-7,2:25.5,坂井瑠星,506(+8),晴,4.0,5.0,6.0,7.0
2026-07-25-02-07,202607020107,2026-07-25,中京,7,関ケ原S,2,エイカイマッケンロ,https://db.netkeiba.com/horse/2019104800/,2019104800,セ,7,58.0,ディー,,,18,2023/07/02,3中京2,木曽川特別(2勝クラス),,1,1,芝2200,芝,2200,良,3.0,3,4.0,37.1,0.6,58,1-1-1-1,2:12.8,坂井瑠星,498(+4),晴,1.0,1.0,1.0,1.0
2026-07-25-02-07,202607020107,2026-07-25,中京,7,関ケ原S,2,エイカイマッケンロ,https://db.netkeiba.com/horse/2019104800/,2019104800,セ,7,58.0,ディー,,,19,2023/05/28,2東京12,青嵐賞(2勝クラス),,7,9,芝2400,芝,2400,良,4.0,1,1.8,34.8,0.7,58,6-6-5-5,2:26.3,戸崎圭太,494(-4),晴,6.0,6.0,5.0,5.0
2026-07-25-02-07,202607020107,2026-07-25,中京,7,関ケ原S,2,エイカイマッケンロ,https://db.netkeiba.com/horse/2019104800/,2019104800,セ,7,58.0,ディー,,,20,2023/04/30,2東京4,陣馬特別(2勝クラス),,5,5,芝2400,芝,2400,良,2.0,1,2.4,33.8,0.4,58,4-4-4-3,2:25.7,戸崎圭太,498(+2),曇,4.0,4.0,4.0,3.0
2026-07-25-02-07,202607020107,2026-07-25,中京,7,関ケ原S,2,エイカイマッケンロ,https://db.netkeiba.com/horse/2019104800/,2019104800,セ,7,58.0,ディー,,,21,2023/01/07,1中京2,長良川特別(2勝クラス),,3,4,芝2200,芝,2200,良,7.0,1,2.5,34.6,0.4,57,7-7-8-8,2:13.3,岩田望来,496(+2),晴,7.0,7.0,8.0,8.0
2026-07-25-02-07,202607020107,2026-07-25,中京,7,関ケ原S,2,エイカイマッケンロ,https://db.netkeiba.com/horse/2019104800/,2019104800,セ,7,58.0,ディー,,,22,2022/12/18,6中京6,尾張特別(2勝クラス),,1,1,芝2200,芝,2200,良,2.0,1,1.9,34.7,0.0,55,6-6-7-6,2:13.6,岩田望来,494(0),晴,6.0,6.0,7.0,6.0
2026-07-25-02-07,202607020107,2026-07-25,中京,7,関ケ原S,2,エイカイマッケンロ,https://db.netkeiba.com/horse/2019104800/,2019104800,セ,7,58.0,ディー,,,23,2022/10/30,4東京9,本栖湖特別(2勝クラス),,1,1,芝2400,芝,2400,良,2.0,2,3.6,34.0,0.0,54,3-3-2-2,2:24.7,福永祐一,494(0),晴,3.0,3.0,2.0,2.0
2026-07-25-02-07,202607020107,2026-07-25,中京,7,関ケ原S,2,エイカイマッケンロ,https://db.netkeiba.com/horse/2019104800/,2019104800,セ,7,58.0,ディー,,,24,2022/09/18,5中京4,木曽川特別(2勝クラス),,6,6,芝2200,芝,2200,良,2.0,1,3.4,33.9,0.2,54,5-5-5-5,2:12.3,福永祐一,494(0),曇,5.0,5.0,5.0,5.0
2026-07-25-02-07,202607020107,2026-07-25,中京,7,関ケ原S,2,エイカイマッケンロ,https://db.netkeiba.com/horse/2019104800/,2019104800,セ,7,58.0,ディー,,,25,2022/08/07,2新潟4,3歳以上1勝クラス,,7,12,芝2200,芝,2200,良,1.0,1,2.1,35.1,-0.2,54,6-6-7-4,2:12.8,福永祐一,494(-6),晴,6.0,6.0,7.0,4.0
2026-07-25-02-07,202607020107,2026-07-25,中京,7,関ケ原S,2,エイカイマッケンロ,https://db.netkeiba.com/horse/2019104800/,2019104800,セ,7,58.0,ディー,,,26,2022/06/19,3東京6,3歳以上1勝クラス,,1,1,芝2000,芝,2000,良,2.0,3,5.9,34.2,0.5,54,7-7-7,1:58.5,福永祐一,500(+12),晴,7.0,7.0,7.0,7.0
2026-07-25-02-07,202607020107,2026-07-25,中京,7,関ケ原S,2,エイカイマッケンロ,https://db.netkeiba.com/horse/2019104800/,2019104800,セ,7,58.0,ディー,,,27,2022/03/19,1阪神11,若葉S(L),,8,9,芝2000,芝,2000,稍,10.0,6,14.4,36.3,1.6,56,5-5-5-5,2:01.8,岩田望来,488(0),小雨,5.0,5.0,5.0,5.0
2026-07-25-02-07,202607020107,2026-07-25,中京,7,関ケ原S,2,エイカイマッケンロ,https://db.netkeiba.com/horse/2019104800/,2019104800,セ,7,58.0,ディー,,,28,2022/02/19,1東京7,フリージア賞(1勝クラス),,8,8,芝2000,芝,2000,良,2.0,2,3.7,33.7,0.1,56,3-4-4,2:01.3,菅原明良,488(0),曇,3.0,4.0,4.0,4.0
2026-07-25-02-07,202607020107,2026-07-25,中京,7,関ケ原S,2,エイカイマッケンロ,https://db.netkeiba.com/horse/2019104800/,2019104800,セ,7,58.0,ディー,,,29,2022/01/16,1中京6,3歳未勝利,,3,3,芝2000,芝,2000,良,1.0,6,30.3,34.6,-0.1,56,5-4-4-3,2:01.9,岩田望来,488(+2),晴,5.0,4.0,4.0,3.0
2026-07-25-02-07,202607020107,2026-07-25,中京,7,関ケ原S,2,エイカイマッケンロ,https://db.netkeiba.com/horse/2019104800/,2019104800,セ,7,58.0,ディー,,,30,2021/11/20,5阪神5,2歳未勝利,,3,4,ダ1800,ダ,1800,良,6.0,4,9.8,40.0,0.9,55,6-7-5-5,1:56.0,岩田望来,486(-4),晴,6.0,7.0,5.0,5.0
2026-07-25-02-07,202607020107,2026-07-25,中京,7,関ケ原S,2,エイカイマッケンロ,https://db.netkeiba.com/horse/2019104800/,2019104800,セ,7,58.0,ディー,,,31,2021/08/08,3新潟6,2歳新馬,,1,1,芝1600,芝,1600,良,9.0,3,9.6,34.6,1.3,54,1-1,1:37.3,岩田望来,490(0),曇,1.0,1.0,,1.0
2026-07-25-02-07,202607020107,2026-07-25,中京,7,関ケ原S,3,サダムオプシス,https://db.netkeiba.com/horse/2021105474/,2021105474,牡,5,58.0,幸,,,0,2026/06/20,3阪神5,ストークS(3勝クラス),,1,2,芝2200,芝,2200,重,4.0,6,12.3,34.4,0.2,54,16-16-18-18,2:14.4,幸英明,486(0),雨,16.0,16.0,18.0,18.0
2026-07-25-02-07,202607020107,2026-07-25,中京,7,関ケ原S,3,サダムオプシス,https://db.netkeiba.com/horse/2021105474/,2021105474,牡,5,58.0,幸,,,1,2026/05/10,3京都6,烏丸S(3勝クラス),,7,11,芝2400,芝,2400,良,5.0,9,25.9,33.8,0.4,54,12-12-11-11,2:23.7,幸英明,486(+2),晴,12.0,12.0,11.0,11.0
2026-07-25-02-07,202607020107,2026-07-25,中京,7,関ケ原S,3,サダムオプシス,https://db.netkeiba.com/horse/2021105474/,2021105474,牡,5,58.0,幸,,,2,2026/01/25,1小倉2,壇之浦S(3勝クラス),,6,7,芝1800,芝,1800,良,8.0,8,17.8,33.7,0.6,58,9-9-9-8,1:46.0,富田暁,484(+4),晴,9.0,9.0,9.0,8.0
2026-07-25-02-07,202607020107,2026-07-25,中京,7,関ケ原S,3,サダムオプシス,https://db.netkeiba.com/horse/2021105474/,2021105474,牡,5,58.0,幸,,,3,2025/11/30,5東京8,ウェルカムS(3勝クラス),,3,5,芝2000,芝,2000,良,9.0,9,31.4,34.3,0.9,58,8-10-13,1:58.5,三浦皇成,480(0),晴,8.0,10.0,13.0,13.0
2026-07-25-02-07,202607020107,2026-07-25,中京,7,関ケ原S,3,サダムオプシス,https://db.netkeiba.com/horse/2021105474/,2021105474,牡,5,58.0,幸,,,4,2025/10/25,4新潟3,魚沼S(3勝クラス),,4,7,芝2000,芝,2000,良,9.0,7,22.3,33.2,0.8,58,16-15,1:59.0,藤懸貴志,480(+4),曇,16.0,15.0,,15.0
2026-07-25-02-07,202607020107,2026-07-25,中京,7,関ケ原S,3,サダムオプシス,https://db.netkeiba.com/horse/2021105474/,2021105474,牡,5,58.0,幸,,,5,2025/08/30,3新潟3,日本海S(3勝クラス),,8,16,芝2200,芝,2200,良,11.0,3,13.1,36.4,1.6,58,2-2-2-2,2:13.7,藤懸貴志,476(-2),晴,2.0,2.0,2.0,2.0
2026-07-25-02-07,202607020107,2026-07-25,中京,7,関ケ原S,3,サダムオプシス,https://db.netkeiba.com/horse/2021105474/,2021105474,牡,5,58.0,幸,,,6,2025/08/03,2新潟4,月岡温泉特別(2勝クラス),,1,1,芝2000,芝,2000,良,1.0,2,2.0,32.8,0.0,58,2-3,2:01.1,藤懸貴志,478(+8),晴,2.0,3.0,,3.0
2026-07-25-02-07,202607020107,2026-07-25,中京,7,関ケ原S,3,サダムオプシス,https://db.netkeiba.com/horse/2021105474/,2021105474,牡,5,58.0,幸,,,7,2025/05/18,1新潟6,信濃川特別(2勝クラス),,3,3,芝2000,芝,2000,良,3.0,3,5.1,34.8,0.2,58,2-2,2:01.6,藤懸貴志,470(0),曇,2.0,2.0,,2.0
2026-07-25-02-07,202607020107,2026-07-25,中京,7,関ケ原S,3,サダムオプシス,https://db.netkeiba.com/horse/2021105474/,2021105474,牡,5,58.0,幸,,,8,2025/05/03,1新潟1,胎内川特別(2勝クラス),,8,9,芝1800,芝,1800,良,2.0,2,4.4,33.9,0.1,56,8-8,1:46.7,藤懸貴志,470(+4),晴,8.0,8.0,,8.0
2026-07-25-02-07,202607020107,2026-07-25,中京,7,関ケ原S,3,サダムオプシス,https://db.netkeiba.com/horse/2021105474/,2021105474,牡,5,58.0,幸,,,9,2025/04/05,2阪神3,4歳以上2勝クラス,,1,1,芝1800,芝,1800,良,3.0,5,15.3,33.5,0.4,58,4-3,1:45.6,和田竜二,466(0),晴,4.0,3.0,,3.0
2026-07-25-02-07,202607020107,2026-07-25,中京,7,関ケ原S,3,サダムオプシス,https://db.netkeiba.com/horse/2021105474/,2021105474,牡,5,58.0,幸,,,10,2025/03/08,1阪神3,千里山特別(2勝クラス),,6,7,芝2000,芝,2000,良,5.0,6,16.5,34.7,0.3,55,11-11-12-11,2:00.1,和田竜二,466(-2),曇,11.0,11.0,12.0,11.0
2026-07-25-02-07,202607020107,2026-07-25,中京,7,関ケ原S,3,サダムオプシス,https://db.netkeiba.com/horse/2021105474/,2021105474,牡,5,58.0,幸,,,11,2025/02/08,1小倉5,RKB賞(2勝クラス),,4,8,芝2000,芝,2000,稍,13.0,8,25.0,37.7,1.6,57,15-15-9-10,2:04.1,永島まな,468(-4),曇,15.0,15.0,9.0,10.0
2026-07-25-02-07,202607020107,2026-07-25,中京,7,関ケ原S,3,サダムオプシス,https://db.netkeiba.com/horse/2021105474/,2021105474,牡,5,58.0,幸,,,12,2025/01/11,1中京3,渥美特別(2勝クラス),,8,12,芝2000,芝,2000,良,8.0,6,13.4,36.0,1.1,57,7-7-4-5,2:02.8,永島まな,472(+2),晴,7.0,7.0,4.0,5.0
2026-07-25-02-07,202607020107,2026-07-25,中京,7,関ケ原S,3,サダムオプシス,https://db.netkeiba.com/horse/2021105474/,2021105474,牡,5,58.0,幸,,,13,2024/11/30,4中京1,3歳以上1勝クラス,,2,4,芝2000,芝,2000,良,1.0,8,37.3,34.2,-0.1,54,1-1-1-1,2:00.8,永島まな,470(-4),晴,1.0,1.0,1.0,1.0
2026-07-25-02-07,202607020107,2026-07-25,中京,7,関ケ原S,3,サダムオプシス,https://db.netkeiba.com/horse/2021105474/,2021105474,牡,5,58.0,幸,,,14,2024/11/09,3福島3,二本松特別(1勝クラス),,1,1,芝2000,芝,2000,良,10.0,3,7.0,36.2,1.3,56,8-8-12-12,2:03.2,永島まな,474(-2),晴,8.0,8.0,12.0,12.0
2026-07-25-02-07,202607020107,2026-07-25,中京,7,関ケ原S,3,サダムオプシス,https://db.netkeiba.com/horse/2021105474/,2021105474,牡,5,58.0,幸,,,15,2024/10/12,4新潟3,粟島特別(1勝クラス),,1,1,芝1800,芝,1800,良,4.0,9,28.0,32.9,0.4,56,7-7,1:49.4,永島まな,476(-2),晴,7.0,7.0,,7.0
2026-07-25-02-07,202607020107,2026-07-25,中京,7,関ケ原S,3,サダムオプシス,https://db.netkeiba.com/horse/2021105474/,2021105474,牡,5,58.0,幸,,,16,2024/08/03,2新潟3,3歳未勝利,,1,1,芝2000,芝,2000,良,1.0,13,103.6,35.4,-0.1,57,6-6-3-5,1:59.8,藤懸貴志,478(-2),晴,6.0,6.0,3.0,5.0
2026-07-25-02-07,202607020107,2026-07-25,中京,7,関ケ原S,3,サダムオプシス,https://db.netkeiba.com/horse/2021105474/,2021105474,牡,5,58.0,幸,,,17,2024/06/23,4京都8,3歳未勝利,,5,9,芝1600,芝,1600,重,11.0,9,23.9,36.7,1.8,55,12-14,1:37.2,永島まな,480(0),小雨,12.0,14.0,,14.0
2026-07-25-02-07,202607020107,2026-07-25,中京,7,関ケ原S,4,サトノクローク,https://db.netkeiba.com/horse/2020106667/,2020106667,牡,6,58.0,田口,,,0,2026/06/20,3阪神5,ストークS(3勝クラス),,5,10,芝2200,芝,2200,重,10.0,10,20.9,36.0,0.5,55,3-3-3-2,2:14.7,田口貫太,480(0),雨,3.0,3.0,3.0,2.0
2026-07-25-02-07,202607020107,2026-07-25,中京,7,関ケ原S,4,サトノクローク,https://db.netkeiba.com/horse/2020106667/,2020106667,牡,6,58.0,田口,,,1,2026/05/10,3京都6,烏丸S(3勝クラス),,1,1,芝2400,芝,2400,良,2.0,12,149.1,34.3,0.0,54,1-1-1-1,2:23.3,池添謙一,480(0),晴,1.0,1.0,1.0,1.0
2026-07-25-02-07,202607020107,2026-07-25,中京,7,関ケ原S,4,サトノクローク,https://db.netkeiba.com/horse/2020106667/,2020106667,牡,6,58.0,田口,,,2,2026/04/12,2阪神6,京橋S(3勝クラス),,7,12,芝2000,芝,2000,良,13.0,15,145.3,34.5,1.2,55,13-12-12-12,2:00.8,菱田裕二,480(0),晴,13.0,12.0,12.0,12.0
2026-07-25-02-07,202607020107,2026-07-25,中京,7,関ケ原S,4,サトノクローク,https://db.netkeiba.com/horse/2020106667/,2020106667,牡,6,58.0,田口,,,3,2026/03/01,1小倉12,関門橋S(3勝クラス),,2,4,芝2000,芝,2000,良,6.0,14,67.8,36.4,0.8,58,9-10-11-8,2:01.1,菱田裕二,480(+14),晴,9.0,10.0,11.0,8.0
2026-07-25-02-07,202607020107,2026-07-25,中京,7,関ケ原S,4,サトノクローク,https://db.netkeiba.com/horse/2020106667/,2020106667,牡,6,58.0,田口,,,4,2025/11/22,4京都5,比叡S(3勝クラス),,7,14,芝2400,芝,2400,良,12.0,14,207.0,34.9,1.2,58,13-13-13-11,2:26.1,菱田裕二,466(0),晴,13.0,13.0,13.0,11.0
2026-07-25-02-07,202607020107,2026-07-25,中京,7,関ケ原S,4,サトノクローク,https://db.netkeiba.com/horse/2020106667/,2020106667,牡,6,58.0,田口,,,5,2025/10/05,3京都2,大原S(3勝クラス),,4,4,芝2000,芝,2000,稍,8.0,7,24.2,34.8,0.7,58,5-5-3-3,2:00.1,鮫島克駿,466(-12),曇,5.0,5.0,3.0,3.0
2026-07-25-02-07,202607020107,2026-07-25,中京,7,関ケ原S,4,サトノクローク,https://db.netkeiba.com/horse/2020106667/,2020106667,牡,6,58.0,田口,,,6,2025/08/02,1札幌3,STV賞(3勝クラス),,1,1,芝2000,芝,2000,良,12.0,9,21.7,35.3,0.6,56,8-7-7-8,2:00.8,菱田裕二,478(-2),晴,8.0,7.0,7.0,8.0
2026-07-25-02-07,202607020107,2026-07-25,中京,7,関ケ原S,4,サトノクローク,https://db.netkeiba.com/horse/2020106667/,2020106667,牡,6,58.0,田口,,,7,2025/06/28,2福島1,バーデンバーデンC(3勝クラス),,5,10,芝2000,芝,2000,良,3.0,9,38.4,35.4,0.0,58,11-11-9-8,1:59.3,三浦皇成,480(0),晴,11.0,11.0,9.0,8.0
2026-07-25-02-07,202607020107,2026-07-25,中京,7,関ケ原S,4,サトノクローク,https://db.netkeiba.com/horse/2020106667/,2020106667,牡,6,58.0,田口,,,8,2025/04/20,3中山8,サンシャインS(3勝クラス),,7,10,芝2200,芝,2200,良,13.0,5,12.5,35.3,1.4,56,6-6-5-6,2:11.8,戸崎圭太,480(-2),曇,6.0,6.0,5.0,6.0
2026-07-25-02-07,202607020107,2026-07-25,中京,7,関ケ原S,4,サトノクローク,https://db.netkeiba.com/horse/2020106667/,2020106667,牡,6,58.0,田口,,,9,2025/03/02,1小倉12,関門橋S(3勝クラス),,6,8,芝2000,芝,2000,重,4.0,2,6.7,36.8,0.2,58,11-11-4-4,2:04.6,鮫島克駿,482(-6),曇,11.0,11.0,4.0,4.0
2026-07-25-02-07,202607020107,2026-07-25,中京,7,関ケ原S,4,サトノクローク,https://db.netkeiba.com/horse/2020106667/,2020106667,牡,6,58.0,田口,,,10,2024/12/21,5中山7,グレイトフルS(3勝クラス),,1,2,芝2500,芝,2500,良,9.0,1,3.7,35.9,0.4,56,2-2-2-2,2:33.3,戸崎圭太,488(+10),晴,2.0,2.0,2.0,2.0
2026-07-25-02-07,202607020107,2026-07-25,中京,7,関ケ原S,4,サトノクローク,https://db.netkeiba.com/horse/2020106667/,2020106667,牡,6,58.0,田口,,,11,2024/10/27,5京都8,古都S(3勝クラス),,3,3,芝3000,芝,3000,良,6.0,2,5.3,35.1,0.8,58,2-2-2-1,3:09.2,西村淳也,478(-12),曇,2.0,2.0,2.0,1.0
2026-07-25-02-07,202607020107,2026-07-25,中京,7,関ケ原S,4,サトノクローク,https://db.netkeiba.com/horse/2020106667/,2020106667,牡,6,58.0,田口,,,12,2024/10/06,4東京2,昇仙峡S(3勝クラス),,6,6,芝2400,芝,2400,良,4.0,2,3.8,33.5,0.2,58,3-3-4-4,2:26.0,戸崎圭太,490(+16),曇,3.0,3.0,4.0,4.0
2026-07-25-02-07,202607020107,2026-07-25,中京,7,関ケ原S,4,サトノクローク,https://db.netkeiba.com/horse/2020106667/,2020106667,牡,6,58.0,田口,,,13,2024/06/08,3東京3,ジューンS(3勝クラス),,5,8,芝2400,芝,2400,良,3.0,3,8.0,34.4,0.1,56,4-5-3-3,2:25.4,戸崎圭太,474(-4),晴,4.0,5.0,3.0,3.0
2026-07-25-02-07,202607020107,2026-07-25,中京,7,関ケ原S,4,サトノクローク,https://db.netkeiba.com/horse/2020106667/,2020106667,牡,6,58.0,田口,,,14,2024/04/14,3中山8,ドゥラメンテC(3勝クラス),,6,10,芝2500,芝,2500,良,2.0,5,9.4,34.7,0.2,55,2-2-2-2,2:31.6,松山弘平,478(0),晴,2.0,2.0,2.0,2.0
2026-07-25-02-07,202607020107,2026-07-25,中京,7,関ケ原S,4,サトノクローク,https://db.netkeiba.com/horse/2020106667/,2020106667,牡,6,58.0,田口,,,15,2024/02/17,2小倉3,皿倉山特別(2勝クラス),,2,3,芝2600,芝,2600,良,1.0,2,6.3,35.0,-0.1,57,4-5-7-4,2:39.5,幸英明,478(+4),晴,4.0,5.0,7.0,4.0
2026-07-25-02-07,202607020107,2026-07-25,中京,7,関ケ原S,4,サトノクローク,https://db.netkeiba.com/horse/2020106667/,2020106667,牡,6,58.0,田口,,,16,2023/12/28,5阪神9,3歳以上1勝クラス,,7,11,芝2400,芝,2400,良,1.0,2,3.5,35.1,0.0,56,2-2-3-3,2:25.9,西村淳也,474(+12),晴,2.0,2.0,3.0,3.0
2026-07-25-02-07,202607020107,2026-07-25,中京,7,関ケ原S,4,サトノクローク,https://db.netkeiba.com/horse/2020106667/,2020106667,牡,6,58.0,田口,,,17,2023/10/01,4阪神9,3歳以上1勝クラス,,6,7,芝2000,芝,2000,稍,4.0,1,3.1,35.0,0.3,55,3-3-2-2,2:00.8,鮫島克駿,462(0),曇,3.0,3.0,2.0,2.0
2026-07-25-02-07,202607020107,2026-07-25,中京,7,関ケ原S,4,サトノクローク,https://db.netkeiba.com/horse/2020106667/,2020106667,牡,6,58.0,田口,,,18,2023/09/18,4阪神5,3歳以上1勝クラス,,1,1,芝2000,芝,2000,良,2.0,2,3.7,34.9,0.4,55,1-1-1-1,2:00.4,鮫島克駿,462(-10),晴,1.0,1.0,1.0,1.0
2026-07-25-02-07,202607020107,2026-07-25,中京,7,関ケ原S,4,サトノクローク,https://db.netkeiba.com/horse/2020106667/,2020106667,牡,6,58.0,田口,,,19,2023/08/20,3小倉4,3歳以上1勝クラス,,8,10,芝2000,芝,2000,良,4.0,1,2.3,36.9,0.8,55,5-5-2-2,2:00.5,松山弘平,472(+14),晴,5.0,5.0,2.0,2.0
2026-07-25-02-07,202607020107,2026-07-25,中京,7,関ケ原S,4,サトノクローク,https://db.netkeiba.com/horse/2020106667/,2020106667,牡,6,58.0,田口,,,20,2023/06/25,3阪神8,3歳以上1勝クラス,,4,4,芝2200,芝,2200,良,3.0,1,2.2,37.1,1.1,54,3-3-5-4,2:13.8,鮫島克駿,458(0),曇,3.0,3.0,5.0,4.0
2026-07-25-02-07,202607020107,2026-07-25,中京,7,関ケ原S,4,サトノクローク,https://db.netkeiba.com/horse/2020106667/,2020106667,牡,6,58.0,田口,,,21,2023/06/04,3阪神2,3歳以上1勝クラス,,1,1,芝2000,芝,2000,良,2.0,2,3.9,34.3,0.2,55,2-2-2-2,1:59.8,鮫島克駿,458(-2),晴,2.0,2.0,2.0,2.0
2026-07-25-02-07,202607020107,2026-07-25,中京,7,関ケ原S,4,サトノクローク,https://db.netkeiba.com/horse/2020106667/,2020106667,牡,6,58.0,田口,,,22,2023/04/16,2阪神8,3歳1勝クラス,,7,9,芝2000,芝,2000,稍,8.0,4,7.4,35.2,0.6,56,7-7-7-6,2:01.6,幸英明,460(-6),晴,7.0,7.0,7.0,6.0
2026-07-25-02-07,202607020107,2026-07-25,中京,7,関ケ原S,4,サトノクローク,https://db.netkeiba.com/horse/2020106667/,2020106667,牡,6,58.0,田口,,,23,2023/02/25,1阪神5,すみれS(L),,5,5,芝2200,芝,2200,良,4.0,6,62.4,34.3,0.5,56,1-1-1-1,2:16.0,池添謙一,466(-6),晴,1.0,1.0,1.0,1.0
2026-07-25-02-07,202607020107,2026-07-25,中京,7,関ケ原S,4,サトノクローク,https://db.netkeiba.com/horse/2020106667/,2020106667,牡,6,58.0,田口,,,24,2023/01/14,1中京5,3歳1勝クラス,,2,2,芝2200,芝,2200,重,6.0,5,13.4,38.2,3.2,56,5-6-6-5,2:19.9,鮫島克駿,472(-4),小雨,5.0,6.0,6.0,5.0
2026-07-25-02-07,202607020107,2026-07-25,中京,7,関ケ原S,4,サトノクローク,https://db.netkeiba.com/horse/2020106667/,2020106667,牡,6,58.0,田口,,,25,2022/10/23,4阪神7,2歳未勝利,,1,1,芝2000,芝,2000,良,1.0,1,2.5,35.2,-0.1,55,3-4-4-3,2:01.6,川田将雅,476(+6),晴,3.0,4.0,4.0,3.0
2026-07-25-02-07,202607020107,2026-07-25,中京,7,関ケ原S,4,サトノクローク,https://db.netkeiba.com/horse/2020106667/,2020106667,牡,6,58.0,田口,,,26,2022/07/23,3小倉7,2歳未勝利,,4,4,芝1800,芝,1800,良,2.0,2,3.9,35.1,0.2,54,4-4-4-3,1:48.3,川田将雅,470(-4),晴,4.0,4.0,4.0,3.0
2026-07-25-02-07,202607020107,2026-07-25,中京,7,関ケ原S,4,サトノクローク,https://db.netkeiba.com/horse/2020106667/,2020106667,牡,6,58.0,田口,,,27,2022/07/03,3小倉2,2歳新馬,,4,4,芝1800,芝,1800,良,4.0,2,3.6,35.5,0.3,54,4-4-4-4,1:50.9,松山弘平,474(0),曇,4.0,4.0,4.0,4.0
2026-07-25-02-07,202607020107,2026-07-25,中京,7,関ケ原S,5,タイセイフェリーク,https://db.netkeiba.com/horse/2020103713/,2020103713,牝,6,56.0,藤懸,,,0,2026/06/20,3阪神5,ストークS(3勝クラス),,8,17,芝2200,芝,2200,重,5.0,13,36.1,35.0,0.3,54,15-13-14-13,2:14.5,藤懸貴志,426(-12),雨,15.0,13.0,14.0,13.0
2026-07-25-02-07,202607020107,2026-07-25,中京,7,関ケ原S,5,タイセイフェリーク,https://db.netkeiba.com/horse/2020103713/,2020103713,牝,6,56.0,藤懸,,,1,2026/05/23,3京都9,シドニーT(3勝クラス),,7,13,芝2000,芝,2000,良,7.0,15,134.6,33.7,0.3,56,15-15-14-13,1:59.7,松若風馬,438(+12),曇,15.0,15.0,14.0,13.0
2026-07-25-02-07,202607020107,2026-07-25,中京,7,関ケ原S,5,タイセイフェリーク,https://db.netkeiba.com/horse/2020103713/,2020103713,牝,6,56.0,藤懸,,,2,2025/11/22,4京都5,比叡S(3勝クラス),,5,9,芝2400,芝,2400,良,8.0,12,53.3,34.1,0.7,56,15-15-14-14,2:25.6,団野大成,426(-2),晴,15.0,15.0,14.0,14.0
2026-07-25-02-07,202607020107,2026-07-25,中京,7,関ケ原S,5,タイセイフェリーク,https://db.netkeiba.com/horse/2020103713/,2020103713,牝,6,56.0,藤懸,,,3,2025/11/02,3京都11,古都S(3勝クラス),,3,3,芝3000,芝,3000,良,5.0,3,5.3,35.0,0.7,54,5-4-5-5,3:04.5,松若風馬,428(+2),晴,5.0,4.0,5.0,5.0
2026-07-25-02-07,202607020107,2026-07-25,中京,7,関ケ原S,5,タイセイフェリーク,https://db.netkeiba.com/horse/2020103713/,2020103713,牝,6,56.0,藤懸,,,4,2025/09/21,4阪神7,ムーンライトH(3勝クラス),,3,3,芝2200,芝,2200,良,6.0,7,16.6,33.4,0.4,54,9-8-9-9,2:15.2,藤懸貴志,426(+2),曇,9.0,8.0,9.0,9.0
2026-07-25-02-07,202607020107,2026-07-25,中京,7,関ケ原S,5,タイセイフェリーク,https://db.netkeiba.com/horse/2020103713/,2020103713,牝,6,56.0,藤懸,,,5,2025/08/30,3新潟3,日本海S(3勝クラス),,4,8,芝2200,芝,2200,良,6.0,9,36.8,34.4,0.7,56,11-11-13-13,2:12.8,菅原明良,424(0),晴,11.0,11.0,13.0,13.0
2026-07-25-02-07,202607020107,2026-07-25,中京,7,関ケ原S,5,タイセイフェリーク,https://db.netkeiba.com/horse/2020103713/,2020103713,牝,6,56.0,藤懸,,,6,2025/06/15,3東京4,江の島S(3勝クラス),,3,5,芝2400,芝,2400,稍,7.0,5,12.1,36.7,1.1,56,14-14-14-13,2:28.2,大野拓弥,424(-6),曇,14.0,14.0,14.0,13.0
2026-07-25-02-07,202607020107,2026-07-25,中京,7,関ケ原S,5,タイセイフェリーク,https://db.netkeiba.com/horse/2020103713/,2020103713,牝,6,56.0,藤懸,,,7,2025/05/11,2京都6,烏丸S(3勝クラス),,8,14,芝2400,芝,2400,良,5.0,5,11.6,34.7,0.5,55,12-12-10-10,2:24.8,団野大成,430(-2),曇,12.0,12.0,10.0,10.0
2026-07-25-02-07,202607020107,2026-07-25,中京,7,関ケ原S,5,タイセイフェリーク,https://db.netkeiba.com/horse/2020103713/,2020103713,牝,6,56.0,藤懸,,,8,2025/03/30,2阪神2,御堂筋S(3勝クラス),,6,7,芝2400,芝,2400,良,6.0,7,31.7,34.3,0.8,56,11-11-9-11,2:25.9,藤懸貴志,432(+10),曇,11.0,11.0,9.0,11.0
2026-07-25-02-07,202607020107,2026-07-25,中京,7,関ケ原S,5,タイセイフェリーク,https://db.netkeiba.com/horse/2020103713/,2020103713,牝,6,56.0,藤懸,,,9,2025/02/08,1東京3,早春S(3勝クラス),,2,2,芝2400,芝,2400,良,12.0,2,4.7,36.0,2.0,55,14-14-11-11,2:27.1,大野拓弥,422(0),晴,14.0,14.0,11.0,11.0
2026-07-25-02-07,202607020107,2026-07-25,中京,7,関ケ原S,5,タイセイフェリーク,https://db.netkeiba.com/horse/2020103713/,2020103713,牝,6,56.0,藤懸,,,10,2024/11/03,5東京2,アルゼンチン共和国杯(GII),,5,9,芝2500,芝,2500,良,3.0,6,16.0,35.1,0.1,52,10-11-11-10,2:29.1,大野拓弥,422(-6),晴,10.0,11.0,11.0,10.0
2026-07-25-02-07,202607020107,2026-07-25,中京,7,関ケ原S,5,タイセイフェリーク,https://db.netkeiba.com/horse/2020103713/,2020103713,牝,6,56.0,藤懸,,,11,2024/10/06,4東京2,昇仙峡S(3勝クラス),,7,7,芝2400,芝,2400,良,2.0,5,7.7,33.2,0.1,56,5-5-5-5,2:25.9,大野拓弥,428(+2),曇,5.0,5.0,5.0,5.0
2026-07-25-02-07,202607020107,2026-07-25,中京,7,関ケ原S,5,タイセイフェリーク,https://db.netkeiba.com/horse/2020103713/,2020103713,牝,6,56.0,藤懸,,,12,2024/09/22,3中京7,夕月特別(2勝クラス),,6,7,芝2000,芝,2000,稍,1.0,6,23.7,34.5,0.0,56,7-7-8-6,2:00.6,藤懸貴志,426(+10),曇,7.0,7.0,8.0,6.0
2026-07-25-02-07,202607020107,2026-07-25,中京,7,関ケ原S,5,タイセイフェリーク,https://db.netkeiba.com/horse/2020103713/,2020103713,牝,6,56.0,藤懸,,,13,2024/06/16,3東京6,町田特別(2勝クラス),,6,6,芝2400,芝,2400,良,2.0,5,20.5,33.7,0.3,53,2-3-3-3,2:27.2,団野大成,416(-6),晴,2.0,3.0,3.0,3.0
2026-07-25-02-07,202607020107,2026-07-25,中京,7,関ケ原S,5,タイセイフェリーク,https://db.netkeiba.com/horse/2020103713/,2020103713,牝,6,56.0,藤懸,,,14,2024/05/25,3京都11,4歳以上2勝クラス,,7,8,芝2000,芝,2000,良,3.0,4,6.1,34.4,0.6,56,5-5-5-5,1:58.4,松若風馬,422(0),晴,5.0,5.0,5.0,5.0
2026-07-25-02-07,202607020107,2026-07-25,中京,7,関ケ原S,5,タイセイフェリーク,https://db.netkeiba.com/horse/2020103713/,2020103713,牝,6,56.0,藤懸,,,15,2024/04/28,3京都4,糺の森特別(2勝クラス),,6,8,芝1800,芝,1800,良,6.0,4,9.5,33.6,0.3,56,10-11,1:46.0,松若風馬,422(-6),晴,10.0,11.0,,11.0
2026-07-25-02-07,202607020107,2026-07-25,中京,7,関ケ原S,5,タイセイフェリーク,https://db.netkeiba.com/horse/2020103713/,2020103713,牝,6,56.0,藤懸,,,16,2024/01/14,1京都5,逢坂山特別(2勝クラス),,8,11,芝1800,芝,1800,良,7.0,4,7.9,34.6,0.5,54,10-10,1:47.5,北村友一,428(-4),晴,10.0,10.0,,10.0
2026-07-25-02-07,202607020107,2026-07-25,中京,7,関ケ原S,5,タイセイフェリーク,https://db.netkeiba.com/horse/2020103713/,2020103713,牝,6,56.0,藤懸,,,17,2023/12/24,5阪神8,3歳以上2勝クラス,,7,10,芝1800,芝,1800,良,3.0,6,16.7,33.5,0.3,55,6-5,1:45.9,松若風馬,432(-2),晴,6.0,5.0,,5.0
2026-07-25-02-07,202607020107,2026-07-25,中京,7,関ケ原S,5,タイセイフェリーク,https://db.netkeiba.com/horse/2020103713/,2020103713,牝,6,56.0,藤懸,,,18,2023/11/12,3京都4,3歳以上1勝クラス,,3,3,芝1800,芝,1800,良,1.0,2,5.5,34.5,0.0,54,4-5,1:47.1,松若風馬,434(+14),曇,4.0,5.0,,5.0
2026-07-25-02-07,202607020107,2026-07-25,中京,7,関ケ原S,5,タイセイフェリーク,https://db.netkeiba.com/horse/2020103713/,2020103713,牝,6,56.0,藤懸,,,19,2023/08/27,3小倉6,3歳未勝利,,5,10,芝1800,芝,1800,良,1.0,1,1.9,35.3,0.0,54,7-6-5-4,1:48.0,松若風馬,420(+4),晴,7.0,6.0,5.0,4.0
2026-07-25-02-07,202607020107,2026-07-25,中京,7,関ケ原S,5,タイセイフェリーク,https://db.netkeiba.com/horse/2020103713/,2020103713,牝,6,56.0,藤懸,,,20,2023/08/19,3小倉3,3歳未勝利,,4,8,芝1800,芝,1800,良,2.0,1,3.4,36.8,0.1,54,2-3-3-2,1:48.1,松若風馬,416(-6),晴,2.0,3.0,3.0,2.0
2026-07-25-02-07,202607020107,2026-07-25,中京,7,関ケ原S,5,タイセイフェリーク,https://db.netkeiba.com/horse/2020103713/,2020103713,牝,6,56.0,藤懸,,,21,2023/07/22,3中京7,3歳未勝利,,2,3,芝1600,芝,1600,良,2.0,2,3.8,36.0,0.0,54,5-5-4,1:34.8,松若風馬,422(0),晴,5.0,5.0,4.0,4.0
2026-07-25-02-07,202607020107,2026-07-25,中京,7,関ケ原S,5,タイセイフェリーク,https://db.netkeiba.com/horse/2020103713/,2020103713,牝,6,56.0,藤懸,,,22,2023/07/01,3中京1,3歳未勝利,,7,13,芝1600,芝,1600,重,3.0,2,4.1,34.9,0.4,54,10-8-9,1:36.1,松若風馬,422(0),曇,10.0,8.0,9.0,9.0
2026-07-25-02-07,202607020107,2026-07-25,中京,7,関ケ原S,5,タイセイフェリーク,https://db.netkeiba.com/horse/2020103713/,2020103713,牝,6,56.0,藤懸,,,23,2023/05/06,1京都5,3歳未勝利,,5,7,芝1800,芝,1800,良,2.0,4,10.1,33.4,0.0,54,8-6,1:47.3,松若風馬,422(+6),曇,8.0,6.0,,6.0
2026-07-25-02-07,202607020107,2026-07-25,中京,7,関ケ原S,5,タイセイフェリーク,https://db.netkeiba.com/horse/2020103713/,2020103713,牝,6,56.0,藤懸,,,24,2023/03/19,2中京4,3歳未勝利,,5,10,芝2000,芝,2000,稍,11.0,7,17.0,36.3,1.0,50,12-14-14-14,2:04.5,永島まな,416(-18),晴,12.0,14.0,14.0,14.0
2026-07-25-02-07,202607020107,2026-07-25,中京,7,関ケ原S,5,タイセイフェリーク,https://db.netkeiba.com/horse/2020103713/,2020103713,牝,6,56.0,藤懸,,,25,2023/02/19,1阪神4,3歳未勝利,,7,13,芝1800,芝,1800,稍,10.0,8,18.8,36.2,1.3,54,11-9,1:50.2,藤岡康太,434(+10),小雨,11.0,9.0,,9.0
2026-07-25-02-07,202607020107,2026-07-25,中京,7,関ケ原S,5,タイセイフェリーク,https://db.netkeiba.com/horse/2020103713/,2020103713,牝,6,56.0,藤懸,,,26,2022/11/19,5阪神5,2歳未勝利,,7,11,芝1800,芝,1800,良,3.0,7,71.7,34.4,0.1,54,4-4,1:48.0,藤岡康太,424(0),晴,4.0,4.0,,4.0
2026-07-25-02-07,202607020107,2026-07-25,中京,7,関ケ原S,5,タイセイフェリーク,https://db.netkeiba.com/horse/2020103713/,2020103713,牝,6,56.0,藤懸,,,27,2022/10/08,4阪神1,2歳新馬,,8,16,芝1600,芝,1600,稍,10.0,16,126.7,34.2,0.6,53,16-13,1:37.1,小沢大仁,424(0),曇,16.0,13.0,,13.0
2026-07-25-02-07,202607020107,2026-07-25,中京,7,関ケ原S,6,ナムラフッカー,https://db.netkeiba.com/horse/2021102510/,2021102510,牡,5,58.0,高倉,,,0,2026/06/20,3阪神5,ストークS(3勝クラス),,4,8,芝2200,芝,2200,重,18.0,11,30.9,36.6,1.9,55,13-13-14-13,2:16.1,高倉稜,474(+2),雨,13.0,13.0,14.0,13.0
2026-07-25-02-07,202607020107,2026-07-25,中京,7,関ケ原S,6,ナムラフッカー,https://db.netkeiba.com/horse/2021102510/,2021102510,牡,5,58.0,高倉,,,1,2026/05/10,3京都6,烏丸S(3勝クラス),,3,3,芝2400,芝,2400,良,4.0,10,45.5,33.8,0.3,55,8-9-10-8,2:23.6,田山旺佑,472(-6),晴,8.0,9.0,10.0,8.0
2026-07-25-02-07,202607020107,2026-07-25,中京,7,関ケ原S,6,ナムラフッカー,https://db.netkeiba.com/horse/2021102510/,2021102510,牡,5,58.0,高倉,,,2,2026/03/29,2阪神2,御堂筋S(3勝クラス),,5,5,芝2400,芝,2400,良,8.0,10,61.7,34.6,0.9,58,8-8-8-8,2:24.1,松若風馬,478(-6),晴,8.0,8.0,8.0,8.0
2026-07-25-02-07,202607020107,2026-07-25,中京,7,関ケ原S,6,ナムラフッカー,https://db.netkeiba.com/horse/2021102510/,2021102510,牡,5,58.0,高倉,,,3,2026/03/14,1阪神7,難波S(3勝クラス),,8,10,芝1800,芝,1800,良,9.0,10,55.7,33.5,0.8,58,9-9,1:45.7,菱田裕二,484(+8),晴,9.0,9.0,,9.0
2026-07-25-02-07,202607020107,2026-07-25,中京,7,関ケ原S,6,ナムラフッカー,https://db.netkeiba.com/horse/2021102510/,2021102510,牡,5,58.0,高倉,,,4,2025/12/07,5阪神2,元町S(3勝クラス),,4,8,芝1800,芝,1800,良,11.0,13,37.7,33.0,0.9,56,18-17,1:45.6,酒井学,476(+2),晴,18.0,17.0,,17.0
2026-07-25-02-07,202607020107,2026-07-25,中京,7,関ケ原S,6,ナムラフッカー,https://db.netkeiba.com/horse/2021102510/,2021102510,牡,5,58.0,高倉,,,5,2025/11/16,4京都4,ドンカスターC(3勝クラス),,3,3,芝1800,芝,1800,良,7.0,7,16.6,33.4,0.6,56,9-7,1:46.2,武豊,474(+4),晴,9.0,7.0,,7.0
2026-07-25-02-07,202607020107,2026-07-25,中京,7,関ケ原S,6,ナムラフッカー,https://db.netkeiba.com/horse/2021102510/,2021102510,牡,5,58.0,高倉,,,6,2025/08/23,2札幌1,オールスターJ第2戦(3勝クラス),,4,6,芝2000,芝,2000,良,8.0,5,8.5,37.3,1.0,58,12-12-9-7,2:03.1,ティータ,470(0),晴,12.0,12.0,9.0,7.0
2026-07-25-02-07,202607020107,2026-07-25,中京,7,関ケ原S,6,ナムラフッカー,https://db.netkeiba.com/horse/2021102510/,2021102510,牡,5,58.0,高倉,,,7,2025/08/02,1札幌3,STV賞(3勝クラス),,4,8,芝2000,芝,2000,良,5.0,7,10.8,34.5,0.3,56,14-14-14-8,2:00.5,武豊,470(-4),晴,14.0,14.0,14.0,8.0
2026-07-25-02-07,202607020107,2026-07-25,中京,7,関ケ原S,6,ナムラフッカー,https://db.netkeiba.com/horse/2021102510/,2021102510,牡,5,58.0,高倉,,,8,2025/06/07,3阪神1,垂水S(3勝クラス),,4,6,芝2000,芝,2000,良,11.0,7,16.3,35.9,0.9,58,10-10-10-8,1:59.5,武豊,474(+2),曇,10.0,10.0,10.0,8.0
2026-07-25-02-07,202607020107,2026-07-25,中京,7,関ケ原S,6,ナムラフッカー,https://db.netkeiba.com/horse/2021102510/,2021102510,牡,5,58.0,高倉,,,9,2025/04/27,2京都2,センテニアルパークS(3勝クラス),,2,3,芝1800,芝,1800,良,4.0,8,26.6,33.2,0.4,56,11-14,1:46.2,菱田裕二,472(-2),晴,11.0,14.0,,14.0
2026-07-25-02-07,202607020107,2026-07-25,中京,7,関ケ原S,6,ナムラフッカー,https://db.netkeiba.com/horse/2021102510/,2021102510,牡,5,58.0,高倉,,,10,2025/04/12,2阪神5,京橋S(3勝クラス),,5,10,芝2000,芝,2000,良,5.0,5,9.9,34.6,0.3,56,11-11-11-13,1:59.2,武豊,474(-4),曇,11.0,11.0,11.0,13.0
2026-07-25-02-07,202607020107,2026-07-25,中京,7,関ケ原S,6,ナムラフッカー,https://db.netkeiba.com/horse/2021102510/,2021102510,牡,5,58.0,高倉,,,11,2025/01/06,1中京2,寿S(3勝クラス),,3,5,芝2000,芝,2000,稍,13.0,5,9.5,37.5,2.4,57,10-9-8-11,2:04.4,武豊,478(+6),雨,10.0,9.0,8.0,11.0
2026-07-25-02-07,202607020107,2026-07-25,中京,7,関ケ原S,6,ナムラフッカー,https://db.netkeiba.com/horse/2021102510/,2021102510,牡,5,58.0,高倉,,,12,2024/11/16,6京都5,3歳以上2勝クラス,,7,11,芝2000,芝,2000,良,1.0,1,2.7,34.4,0.0,56,11-11-11-11,2:01.4,武豊,472(+2),曇,11.0,11.0,11.0,11.0
2026-07-25-02-07,202607020107,2026-07-25,中京,7,関ケ原S,6,ナムラフッカー,https://db.netkeiba.com/horse/2021102510/,2021102510,牡,5,58.0,高倉,,,13,2024/09/15,3中京4,茶臼山高原特別(2勝クラス),,7,8,芝2200,芝,2200,稍,2.0,2,4.3,34.5,0.3,54,6-6-5-5,2:12.7,武豊,470(0),曇,6.0,6.0,5.0,5.0
2026-07-25-02-07,202607020107,2026-07-25,中京,7,関ケ原S,6,ナムラフッカー,https://db.netkeiba.com/horse/2021102510/,2021102510,牡,5,58.0,高倉,,,14,2024/08/03,2新潟3,月岡温泉特別(2勝クラス),,1,1,芝2000,芝,2000,良,4.0,4,8.8,32.3,0.2,55,5-5,2:01.9,泉谷楓真,470(+4),晴,5.0,5.0,,5.0
2026-07-25-02-07,202607020107,2026-07-25,中京,7,関ケ原S,6,ナムラフッカー,https://db.netkeiba.com/horse/2021102510/,2021102510,牡,5,58.0,高倉,,,15,2024/05/26,3京都12,白百合S(L),,3,3,芝1800,芝,1800,良,3.0,2,3.9,33.2,0.2,57,6-7,1:46.7,亀田温心,466(+2),晴,6.0,7.0,,7.0
2026-07-25-02-07,202607020107,2026-07-25,中京,7,関ケ原S,6,ナムラフッカー,https://db.netkeiba.com/horse/2021102510/,2021102510,牡,5,58.0,高倉,,,16,2024/04/20,3京都1,あやめ賞(1勝クラス),,4,4,芝1800,芝,1800,良,1.0,2,2.8,32.9,-0.1,57,6-4,1:46.7,武豊,464(-4),曇,6.0,4.0,,4.0
2026-07-25-02-07,202607020107,2026-07-25,中京,7,関ケ原S,6,ナムラフッカー,https://db.netkeiba.com/horse/2021102510/,2021102510,牡,5,58.0,高倉,,,17,2024/04/06,1福島1,ひめさゆり賞(1勝クラス),,4,4,芝2000,芝,2000,良,4.0,7,25.5,35.1,0.3,57,9-9-9-9,2:00.4,亀田温心,468(-4),曇,9.0,9.0,9.0,9.0
2026-07-25-02-07,202607020107,2026-07-25,中京,7,関ケ原S,6,ナムラフッカー,https://db.netkeiba.com/horse/2021102510/,2021102510,牡,5,58.0,高倉,,,18,2024/02/10,2京都5,こぶし賞(1勝クラス),,6,6,芝1600,芝,1600,良,7.0,6,8.7,35.4,1.4,57,3-3,1:36.3,松若風馬,472(+4),曇,3.0,3.0,,3.0
2026-07-25-02-07,202607020107,2026-07-25,中京,7,関ケ原S,6,ナムラフッカー,https://db.netkeiba.com/horse/2021102510/,2021102510,牡,5,58.0,高倉,,,19,2023/12/17,5阪神6,朝日フューチュリティ(GI),,7,13,芝1600,芝,1600,良,11.0,10,89.8,35.4,0.9,56,7-10,1:34.7,松山弘平,468(0),晴,7.0,10.0,,10.0
2026-07-25-02-07,202607020107,2026-07-25,中京,7,関ケ原S,6,ナムラフッカー,https://db.netkeiba.com/horse/2021102510/,2021102510,牡,5,58.0,高倉,,,20,2023/11/11,3京都3,デイリー杯2歳S(GII),,3,3,芝1600,芝,1600,稍,3.0,10,56.9,34.5,0.5,56,11-10,1:35.0,松山弘平,468(-2),曇,11.0,10.0,,10.0
2026-07-25-02-07,202607020107,2026-07-25,中京,7,関ケ原S,6,ナムラフッカー,https://db.netkeiba.com/horse/2021102510/,2021102510,牡,5,58.0,高倉,,,21,2023/10/14,2京都4,紫菊賞(1勝クラス),,5,5,芝1800,芝,1800,良,3.0,2,3.7,34.4,0.7,56,3-3,1:47.9,藤岡康太,470(0),曇,3.0,3.0,,3.0
2026-07-25-02-07,202607020107,2026-07-25,中京,7,関ケ原S,6,ナムラフッカー,https://db.netkeiba.com/horse/2021102510/,2021102510,牡,5,58.0,高倉,,,22,2023/09/16,4阪神3,2歳未勝利,,8,9,芝1800,芝,1800,良,1.0,7,105.5,33.8,-0.4,55,1-1,1:48.3,鮫島克駿,470(-6),晴,1.0,1.0,,1.0
2026-07-25-02-07,202607020107,2026-07-25,中京,7,関ケ原S,6,ナムラフッカー,https://db.netkeiba.com/horse/2021102510/,2021102510,牡,5,58.0,高倉,,,23,2023/08/26,3小倉5,2歳新馬,,5,5,芝2000,芝,2000,良,8.0,8,23.1,36.9,2.1,55,3-5-7-9,2:05.8,藤岡康太,476(0),晴,3.0,5.0,7.0,9.0
2026-07-25-02-07,202607020107,2026-07-25,中京,7,関ケ原S,7,ハーツコンチェルト,https://db.netkeiba.com/horse/2020105681/,2020105681,牡,6,58.0,横山武,,,0,2026/05/31,2東京12,目黒記念(GII),,6,9,芝2500,芝,2500,良,10.0,5,11.3,33.5,0.6,54,12-12-12-13,2:30.4,横山武史,514(-2),晴,12.0,12.0,12.0,13.0
2026-07-25-02-07,202607020107,2026-07-25,中京,7,関ケ原S,7,ハーツコンチェルト,https://db.netkeiba.com/horse/2020105681/,2020105681,牡,6,58.0,横山武,,,1,2026/05/16,2東京7,六社S(3勝クラス),,3,4,芝2400,芝,2400,良,3.0,3,7.9,32.9,0.2,58,12-13-13-14,2:23.3,横山武史,516(0),晴,12.0,13.0,13.0,14.0
2026-07-25-02-07,202607020107,2026-07-25,中京,7,関ケ原S,7,ハーツコンチェルト,https://db.netkeiba.com/horse/2020105681/,2020105681,牡,6,58.0,横山武,,,2,2025/11/30,5東京8,ウェルカムS(3勝クラス),,8,16,芝2000,芝,2000,良,,,,,,58,,,松山弘平,計不,晴,,,,
2026-07-25-02-07,202607020107,2026-07-25,中京,7,関ケ原S,7,ハーツコンチェルト,https://db.netkeiba.com/horse/2020105681/,2020105681,牡,6,58.0,横山武,,,3,2025/02/08,1東京3,早春S(3勝クラス),,4,6,芝2400,芝,2400,良,5.0,3,5.6,34.8,0.6,58,8-8-10-9,2:25.7,横山武史,516(+14),晴,8.0,8.0,10.0,9.0
2026-07-25-02-07,202607020107,2026-07-25,中京,7,関ケ原S,7,ハーツコンチェルト,https://db.netkeiba.com/horse/2020105681/,2020105681,牡,6,58.0,横山武,,,4,2024/06/08,3東京3,ジューンS(3勝クラス),,8,13,芝2400,芝,2400,良,2.0,2,2.8,34.0,0.1,58,11-11-6-9,2:25.4,菅原明良,502(0),晴,11.0,11.0,6.0,9.0
2026-07-25-02-07,202607020107,2026-07-25,中京,7,関ケ原S,7,ハーツコンチェルト,https://db.netkeiba.com/horse/2020105681/,2020105681,牡,6,58.0,横山武,,,5,2024/05/11,2東京7,六社S(3勝クラス),,8,10,芝2400,芝,2400,良,4.0,1,2.0,33.2,0.3,58,7-7-7-7,2:26.2,モレイラ,502(0),晴,7.0,7.0,7.0,7.0
2026-07-25-02-07,202607020107,2026-07-25,中京,7,関ケ原S,7,ハーツコンチェルト,https://db.netkeiba.com/horse/2020105681/,2020105681,牡,6,58.0,横山武,,,6,2024/02/24,キングアブドゥル,ネオムターフC(GII),,,6,芝2100,芝,2100,良,11.0,4,,,,57,,,モレイラ,計不,,,,,
2026-07-25-02-07,202607020107,2026-07-25,中京,7,関ケ原S,7,ハーツコンチェルト,https://db.netkeiba.com/horse/2020105681/,2020105681,牡,6,58.0,横山武,,,7,2024/01/14,1京都5,日経新春杯(GII),,5,7,芝2400,芝,2400,良,4.0,2,4.3,36.7,0.6,55,6-6-5-2,2:24.3,松山弘平,504(+6),晴,6.0,6.0,5.0,2.0
2026-07-25-02-07,202607020107,2026-07-25,中京,7,関ケ原S,7,ハーツコンチェルト,https://db.netkeiba.com/horse/2020105681/,2020105681,牡,6,58.0,横山武,,,8,2023/10/22,2京都7,菊花賞(GI),,6,12,芝3000,芝,3000,良,6.0,5,9.3,35.3,1.0,57,4-5-6-8,3:04.1,松山弘平,498(+6),晴,4.0,5.0,6.0,8.0
2026-07-25-02-07,202607020107,2026-07-25,中京,7,関ケ原S,7,ハーツコンチェルト,https://db.netkeiba.com/horse/2020105681/,2020105681,牡,6,58.0,横山武,,,9,2023/09/24,4阪神7,神戸新聞杯(GII),,8,13,芝2400,芝,2400,良,5.0,1,3.4,33.3,0.1,56,9-8-7-7,2:23.6,松山弘平,492(-2),晴,9.0,8.0,7.0,7.0
2026-07-25-02-07,202607020107,2026-07-25,中京,7,関ケ原S,7,ハーツコンチェルト,https://db.netkeiba.com/horse/2020105681/,2020105681,牡,6,58.0,横山武,,,10,2023/05/28,2東京12,東京優駿(GI),,6,11,芝2400,芝,2400,良,3.0,6,25.6,33.4,0.0,57,16-14-6-6,2:25.2,松山弘平,494(-4),晴,16.0,14.0,6.0,6.0
2026-07-25-02-07,202607020107,2026-07-25,中京,7,関ケ原S,7,ハーツコンチェルト,https://db.netkeiba.com/horse/2020105681/,2020105681,牡,6,58.0,横山武,,,11,2023/04/29,2東京3,テレビ東京杯青葉賞(GII),,3,4,芝2400,芝,2400,良,2.0,2,5.7,34.1,0.1,56,12-11-11-12,2:24.0,松山弘平,498(-10),晴,12.0,11.0,11.0,12.0
2026-07-25-02-07,202607020107,2026-07-25,中京,7,関ケ原S,7,ハーツコンチェルト,https://db.netkeiba.com/horse/2020105681/,2020105681,牡,6,58.0,横山武,,,12,2023/03/18,1阪神11,若葉S(L),,2,2,芝2000,芝,2000,稍,4.0,1,2.0,34.2,0.3,56,5-5-5-4,2:03.0,松山弘平,508(+12),曇,5.0,5.0,5.0,4.0
2026-07-25-02-07,202607020107,2026-07-25,中京,7,関ケ原S,7,ハーツコンチェルト,https://db.netkeiba.com/horse/2020105681/,2020105681,牡,6,58.0,横山武,,,13,2022/12/28,5中山9,ホープフルS(GI),,1,2,芝2000,芝,2000,良,7.0,5,9.0,34.6,0.5,55,10-10-11-11,2:02.0,松山弘平,496(-2),晴,10.0,10.0,11.0,11.0
2026-07-25-02-07,202607020107,2026-07-25,中京,7,関ケ原S,7,ハーツコンチェルト,https://db.netkeiba.com/horse/2020105681/,2020105681,牡,6,58.0,横山武,,,14,2022/11/19,5東京5,東京スポーツ杯2歳S(GII),,7,8,芝1800,芝,1800,良,3.0,1,1.8,33.8,0.2,55,10-8-10,1:46.0,松山弘平,498(+6),晴,10.0,8.0,10.0,10.0
2026-07-25-02-07,202607020107,2026-07-25,中京,7,関ケ原S,7,ハーツコンチェルト,https://db.netkeiba.com/horse/2020105681/,2020105681,牡,6,58.0,横山武,,,15,2022/09/18,5中京4,2歳新馬,,7,8,芝2000,芝,2000,良,1.0,1,1.9,33.9,-1.3,54,8-8-2-3,2:01.6,松山弘平,492(0),晴,8.0,8.0,2.0,3.0
2026-07-25-02-07,202607020107,2026-07-25,中京,7,関ケ原S,8,ミッキーゴールド,https://db.netkeiba.com/horse/2022104765/,2022104765,セ,4,58.0,菅原明,,,0,2026/05/03,2東京4,府中S(3勝クラス),,4,8,芝2000,芝,2000,良,10.0,3,5.5,34.5,1.0,58,8-9-12,1:58.1,菅原明良,498(+4),晴,8.0,9.0,12.0,12.0
2026-07-25-02-07,202607020107,2026-07-25,中京,7,関ケ原S,8,ミッキーゴールド,https://db.netkeiba.com/horse/2022104765/,2022104765,セ,4,58.0,菅原明,,,1,2026/03/29,2阪神2,御堂筋S(3勝クラス),,3,3,芝2400,芝,2400,良,10.0,4,5.2,35.5,1.0,57,2-2-2-2,2:24.2,吉村誠之,494(+4),晴,2.0,2.0,2.0,2.0
2026-07-25-02-07,202607020107,2026-07-25,中京,7,関ケ原S,8,ミッキーゴールド,https://db.netkeiba.com/horse/2022104765/,2022104765,セ,4,58.0,菅原明,,,2,2026/03/01,1小倉12,関門橋S(3勝クラス),,6,11,芝2000,芝,2000,良,3.0,1,2.3,35.4,0.5,57,16-16-17-15,2:00.8,丹内祐次,490(+2),晴,16.0,16.0,17.0,15.0
2026-07-25-02-07,202607020107,2026-07-25,中京,7,関ケ原S,8,ミッキーゴールド,https://db.netkeiba.com/horse/2022104765/,2022104765,セ,4,58.0,菅原明,,,3,2025/12/14,5阪神4,オリオンS(3勝クラス),,6,10,芝2200,芝,2200,良,5.0,1,2.8,35.6,0.6,56,2-2-2-2,2:12.2,松山弘平,488(+2),晴,2.0,2.0,2.0,2.0
2026-07-25-02-07,202607020107,2026-07-25,中京,7,関ケ原S,8,ミッキーゴールド,https://db.netkeiba.com/horse/2022104765/,2022104765,セ,4,58.0,菅原明,,,4,2025/11/22,4京都5,3歳以上2勝クラス,,8,14,芝2000,芝,2000,良,1.0,2,2.8,34.2,-0.2,56,2-3-3-2,1:59.2,Ｃ．デム,486(-10),晴,2.0,3.0,3.0,2.0
2026-07-25-02-07,202607020107,2026-07-25,中京,7,関ケ原S,8,ミッキーゴールド,https://db.netkeiba.com/horse/2022104765/,2022104765,セ,4,58.0,菅原明,,,5,2025/06/28,2小倉1,柳川特別(2勝クラス),,2,2,芝1800,芝,1800,良,2.0,1,1.7,35.1,0.0,55,5-5-3-3,1:46.8,浜中俊,496(0),晴,5.0,5.0,3.0,3.0
2026-07-25-02-07,202607020107,2026-07-25,中京,7,関ケ原S,8,ミッキーゴールド,https://db.netkeiba.com/horse/2022104765/,2022104765,セ,4,58.0,菅原明,,,6,2025/03/22,1阪神7,若葉S(L),,2,2,芝2000,芝,2000,良,3.0,2,4.0,34.4,0.2,57,5-5-5-6,1:59.2,浜中俊,496(-4),晴,5.0,5.0,5.0,6.0
2026-07-25-02-07,202607020107,2026-07-25,中京,7,関ケ原S,8,ミッキーゴールド,https://db.netkeiba.com/horse/2022104765/,2022104765,セ,4,58.0,菅原明,,,7,2025/01/25,1中京8,若駒S(L),,8,10,芝2000,芝,2000,良,2.0,2,4.1,35.3,0.1,57,5-5-3-3,2:02.4,ルメート,500(+2),晴,5.0,5.0,3.0,3.0
2026-07-25-02-07,202607020107,2026-07-25,中京,7,関ケ原S,8,ミッキーゴールド,https://db.netkeiba.com/horse/2022104765/,2022104765,セ,4,58.0,菅原明,,,8,2025/01/05,1中京1,3歳1勝クラス,,2,2,芝2000,芝,2000,良,1.0,4,5.7,34.5,-0.1,57,4-4-4-3,2:00.9,浜中俊,498(+2),晴,4.0,4.0,4.0,3.0
2026-07-25-02-07,202607020107,2026-07-25,中京,7,関ケ原S,8,ミッキーゴールド,https://db.netkeiba.com/horse/2022104765/,2022104765,セ,4,58.0,菅原明,,,9,2024/10/26,5京都7,2歳新馬,,6,9,芝2000,芝,2000,良,1.0,3,5.0,34.6,0.0,56,7-8-4-3,2:02.2,浜中俊,496(0),曇,7.0,8.0,4.0,3.0
2026-07-25-02-07,202607020107,2026-07-25,中京,7,関ケ原S,9,ミュージシャン,https://db.netkeiba.com/horse/2022103207/,2022103207,牡,4,58.0,坂井,,,0,2026/06/06,3阪神1,垂水S(3勝クラス),,1,1,芝2000,芝,2000,良,2.0,1,2.6,34.2,0.3,58,2-2-2-2,1:59.0,坂井瑠星,476(0),晴,2.0,2.0,2.0,2.0
2026-07-25-02-07,202607020107,2026-07-25,中京,7,関ケ原S,9,ミュージシャン,https://db.netkeiba.com/horse/2022103207/,2022103207,牡,4,58.0,坂井,,,1,2026/04/12,2阪神6,京橋S(3勝クラス),,4,7,芝2000,芝,2000,良,2.0,2,4.8,34.4,0.0,55,2-2-2-2,1:59.6,坂井瑠星,476(0),晴,2.0,2.0,2.0,2.0
2026-07-25-02-07,202607020107,2026-07-25,中京,7,関ケ原S,9,ミュージシャン,https://db.netkeiba.com/horse/2022103207/,2022103207,牡,4,58.0,坂井,,,2,2026/02/14,2京都5,飛鳥S(3勝クラス),,5,9,芝2000,芝,2000,良,7.0,3,7.4,35.9,1.0,57,5-5-5-6,2:00.5,泉谷楓真,476(+2),晴,5.0,5.0,5.0,6.0
2026-07-25-02-07,202607020107,2026-07-25,中京,7,関ケ原S,9,ミュージシャン,https://db.netkeiba.com/horse/2022103207/,2022103207,牡,4,58.0,坂井,,,3,2025/12/27,5阪神7,3歳以上2勝クラス,,1,1,芝2000,芝,2000,良,1.0,1,1.8,34.9,-0.1,57,1-1-1-1,1:59.9,泉谷楓真,474(-4),晴,1.0,1.0,1.0,1.0
2026-07-25-02-07,202607020107,2026-07-25,中京,7,関ケ原S,9,ミュージシャン,https://db.netkeiba.com/horse/2022103207/,2022103207,牡,4,58.0,坂井,,,4,2025/08/31,4中京4,美濃特別(2勝クラス),,4,4,芝2200,芝,2200,良,3.0,1,2.2,33.3,0.2,55,3-3-3-2,2:13.4,泉谷楓真,478(+12),晴,3.0,3.0,3.0,2.0
2026-07-25-02-07,202607020107,2026-07-25,中京,7,関ケ原S,9,ミュージシャン,https://db.netkeiba.com/horse/2022103207/,2022103207,牡,4,58.0,坂井,,,5,2025/07/05,2小倉3,ロイヤルバンコク賞(1勝クラス),,2,2,芝2000,芝,2000,良,1.0,1,2.3,36.7,-0.1,55,3-3-2-3,2:00.1,泉谷楓真,466(+4),晴,3.0,3.0,2.0,3.0
2026-07-25-02-07,202607020107,2026-07-25,中京,7,関ケ原S,9,ミュージシャン,https://db.netkeiba.com/horse/2022103207/,2022103207,牡,4,58.0,坂井,,,6,2025/05/17,2京都7,あずさ賞(1勝クラス),,8,10,芝2000,芝,2000,不,3.0,4,6.9,35.5,0.1,57,5-5-4-2,2:00.9,泉谷楓真,462(-4),曇,5.0,5.0,4.0,2.0
2026-07-25-02-07,202607020107,2026-07-25,中京,7,関ケ原S,9,ミュージシャン,https://db.netkeiba.com/horse/2022103207/,2022103207,牡,4,58.0,坂井,,,7,2025/04/19,1福島3,ひめさゆり賞(1勝クラス),,5,5,芝2000,芝,2000,良,2.0,5,14.3,35.2,0.3,57,4-4-4-2,1:59.1,泉谷楓真,466(-2),晴,4.0,4.0,4.0,2.0
2026-07-25-02-07,202607020107,2026-07-25,中京,7,関ケ原S,9,ミュージシャン,https://db.netkeiba.com/horse/2022103207/,2022103207,牡,4,58.0,坂井,,,8,2025/03/02,1小倉12,3歳未勝利,,4,7,芝1800,芝,1800,重,1.0,6,14.0,36.2,-0.4,57,13-14-13-9,1:51.6,泉谷楓真,468(-10),雨,13.0,14.0,13.0,9.0
2026-07-25-02-07,202607020107,2026-07-25,中京,7,関ケ原S,9,ミュージシャン,https://db.netkeiba.com/horse/2022103207/,2022103207,牡,4,58.0,坂井,,,9,2025/01/05,1中京1,3歳新馬,,7,14,芝2000,芝,2000,良,8.0,11,35.6,36.6,1.4,57,7-6-4-3,2:03.1,西村淳也,478(0),晴,7.0,6.0,4.0,3.0
2026-07-25-02-07,202607020107,2026-07-25,中京,7,関ケ原S,10,メイショウソウタ,https://db.netkeiba.com/horse/2021103263/,2021103263,牡,5,58.0,菱田,,,0,2026/06/20,3阪神5,ストークS(3勝クラス),,2,4,芝2200,芝,2200,重,15.0,12,35.1,36.3,1.4,56,9-11-13-13,2:15.6,菱田裕二,528(+2),雨,9.0,11.0,13.0,13.0
2026-07-25-02-07,202607020107,2026-07-25,中京,7,関ケ原S,10,メイショウソウタ,https://db.netkeiba.com/horse/2021103263/,2021103263,牡,5,58.0,菱田,,,1,2026/05/16,3京都7,上賀茂S(3勝クラス),,2,2,ダ1900,ダ,1900,良,9.0,9,28.3,36.8,0.7,58,4-3-3-4,1:59.3,菱田裕二,526(+2),晴,4.0,3.0,3.0,4.0
2026-07-25-02-07,202607020107,2026-07-25,中京,7,関ケ原S,10,メイショウソウタ,https://db.netkeiba.com/horse/2021103263/,2021103263,牡,5,58.0,菱田,,,2,2026/03/07,2中山3,上総S(3勝クラス),,8,14,ダ1800,ダ,1800,重,7.0,7,15.1,39.4,1.2,58,5-5-4-4,1:53.0,菱田裕二,524(-6),晴,5.0,5.0,4.0,4.0
2026-07-25-02-07,202607020107,2026-07-25,中京,7,関ケ原S,10,メイショウソウタ,https://db.netkeiba.com/horse/2021103263/,2021103263,牡,5,58.0,菱田,,,3,2026/02/15,2京都6,北山S(3勝クラス),,7,8,ダ1800,ダ,1800,良,3.0,5,40.8,35.9,0.5,58,1-1-1-1,1:53.7,菱田裕二,530(0),曇,1.0,1.0,1.0,1.0
2026-07-25-02-07,202607020107,2026-07-25,中京,7,関ケ原S,10,メイショウソウタ,https://db.netkeiba.com/horse/2021103263/,2021103263,牡,5,58.0,菱田,,,4,2026/01/12,1京都5,雅S(3勝クラス),,2,4,ダ1800,ダ,1800,良,15.0,9,38.5,37.4,1.7,56,7-7-9-10,1:53.4,菱田裕二,530(0),晴,7.0,7.0,9.0,10.0
2026-07-25-02-07,202607020107,2026-07-25,中京,7,関ケ原S,10,メイショウソウタ,https://db.netkeiba.com/horse/2021103263/,2021103263,牡,5,58.0,菱田,,,5,2025/12/27,5阪神7,摩耶S(3勝クラス),,1,1,ダ1800,ダ,1800,稍,9.0,9,23.9,40.1,1.7,58,1-2-2-1,1:54.5,鮫島克駿,530(+4),晴,1.0,2.0,2.0,1.0
2026-07-25-02-07,202607020107,2026-07-25,中京,7,関ケ原S,10,メイショウソウタ,https://db.netkeiba.com/horse/2021103263/,2021103263,牡,5,58.0,菱田,,,6,2025/08/31,4中京4,白川郷S(3勝クラス),,4,7,ダ1900,ダ,1900,良,13.0,3,5.3,41.3,4.0,58,6-7-5-6,2:02.5,菱田裕二,526(-6),晴,6.0,7.0,5.0,6.0
2026-07-25-02-07,202607020107,2026-07-25,中京,7,関ケ原S,10,メイショウソウタ,https://db.netkeiba.com/horse/2021103263/,2021103263,牡,5,58.0,菱田,,,7,2025/08/09,3中京5,三河S(3勝クラス),,2,3,ダ1800,ダ,1800,良,3.0,3,5.1,37.3,0.1,58,8-9-8-7,1:52.8,菱田裕二,532(+4),晴,8.0,9.0,8.0,7.0
2026-07-25-02-07,202607020107,2026-07-25,中京,7,関ケ原S,10,メイショウソウタ,https://db.netkeiba.com/horse/2021103263/,2021103263,牡,5,58.0,菱田,,,8,2025/06/22,3阪神6,姫路S(3勝クラス),,4,7,ダ1800,ダ,1800,良,3.0,5,12.6,37.3,0.3,58,8-8-9-6,1:52.8,菱田裕二,528(-2),晴,8.0,8.0,9.0,6.0
2026-07-25-02-07,202607020107,2026-07-25,中京,7,関ケ原S,10,メイショウソウタ,https://db.netkeiba.com/horse/2021103263/,2021103263,牡,5,58.0,菱田,,,9,2025/06/01,2京都12,與杼特別(2勝クラス),,3,3,ダ1800,ダ,1800,良,1.0,2,4.4,37.8,-0.1,58,8-8-5-3,1:51.8,鮫島克駿,530(0),晴,8.0,8.0,5.0,3.0
2026-07-25-02-07,202607020107,2026-07-25,中京,7,関ケ原S,10,メイショウソウタ,https://db.netkeiba.com/horse/2021103263/,2021103263,牡,5,58.0,菱田,,,10,2025/03/09,1阪神4,4歳以上1勝クラス,,8,11,ダ1800,ダ,1800,良,1.0,1,1.2,37.9,-0.9,58,2-2-2-2,1:54.9,松山弘平,530(+2),晴,2.0,2.0,2.0,2.0
2026-07-25-02-07,202607020107,2026-07-25,中京,7,関ケ原S,10,メイショウソウタ,https://db.netkeiba.com/horse/2021103263/,2021103263,牡,5,58.0,菱田,,,11,2025/02/15,1京都5,4歳以上1勝クラス,,7,9,ダ1900,ダ,1900,良,2.0,1,1.9,37.9,0.2,57,3-2-3-2,2:00.5,松山弘平,528(0),晴,3.0,2.0,3.0,2.0
2026-07-25-02-07,202607020107,2026-07-25,中京,7,関ケ原S,10,メイショウソウタ,https://db.netkeiba.com/horse/2021103263/,2021103263,牡,5,58.0,菱田,,,12,2025/01/18,1中京6,4歳以上1勝クラス,,2,2,ダ1900,ダ,1900,良,2.0,5,10.7,37.0,0.0,57,3-3-2-3,2:00.1,松山弘平,528(-8),晴,3.0,3.0,2.0,3.0
2026-07-25-02-07,202607020107,2026-07-25,中京,7,関ケ原S,10,メイショウソウタ,https://db.netkeiba.com/horse/2021103263/,2021103263,牡,5,58.0,菱田,,,13,2025/01/06,1中京2,4歳以上1勝クラス,,4,8,ダ1800,ダ,1800,良,6.0,4,10.1,38.7,0.7,57,4-6-4-5,1:54.7,松山弘平,536(+2),小雨,4.0,6.0,4.0,5.0
2026-07-25-02-07,202607020107,2026-07-25,中京,7,関ケ原S,10,メイショウソウタ,https://db.netkeiba.com/horse/2021103263/,2021103263,牡,5,58.0,菱田,,,14,2024/12/07,4中京3,3歳以上1勝クラス,,5,10,ダ1900,ダ,1900,良,10.0,3,4.9,38.8,2.2,57,7-7-6-6,2:01.6,松山弘平,534(+4),曇,7.0,7.0,6.0,6.0
2026-07-25-02-07,202607020107,2026-07-25,中京,7,関ケ原S,10,メイショウソウタ,https://db.netkeiba.com/horse/2021103263/,2021103263,牡,5,58.0,菱田,,,15,2024/07/06,3小倉3,3歳以上1勝クラス,,4,8,ダ1700,ダ,1700,良,5.0,2,4.0,38.5,0.8,55,7-7-7-7,1:46.3,西村淳也,530(+4),晴,7.0,7.0,7.0,7.0
2026-07-25-02-07,202607020107,2026-07-25,中京,7,関ケ原S,10,メイショウソウタ,https://db.netkeiba.com/horse/2021103263/,2021103263,牡,5,58.0,菱田,,,16,2024/06/16,4京都6,3歳未勝利,,8,16,ダ1800,ダ,1800,稍,1.0,1,2.0,37.6,-0.3,57,2-2-3-2,1:54.0,西村淳也,526(-2),晴,2.0,2.0,3.0,2.0
2026-07-25-02-07,202607020107,2026-07-25,中京,7,関ケ原S,10,メイショウソウタ,https://db.netkeiba.com/horse/2021103263/,2021103263,牡,5,58.0,菱田,,,17,2024/05/25,3京都11,3歳未勝利,,5,9,ダ1800,ダ,1800,良,2.0,2,4.2,38.6,0.8,57,6-6-3-2,1:54.0,菱田裕二,528(+4),晴,6.0,6.0,3.0,2.0
2026-07-25-02-07,202607020107,2026-07-25,中京,7,関ケ原S,10,メイショウソウタ,https://db.netkeiba.com/horse/2021103263/,2021103263,牡,5,58.0,菱田,,,18,2024/02/10,2京都5,3歳未勝利,,5,5,ダ1900,ダ,1900,良,2.0,3,6.9,38.6,0.4,57,5-5-7-6,2:01.4,西村淳也,524(+6),曇,5.0,5.0,7.0,6.0
2026-07-25-02-07,202607020107,2026-07-25,中京,7,関ケ原S,10,メイショウソウタ,https://db.netkeiba.com/horse/2021103263/,2021103263,牡,5,58.0,菱田,,,19,2024/01/21,1京都7,3歳未勝利,,7,7,ダ1900,ダ,1900,不,4.0,3,3.6,37.3,1.2,57,6-6-6-5,2:00.8,西村淳也,518(+2),小雨,6.0,6.0,6.0,5.0
2026-07-25-02-07,202607020107,2026-07-25,中京,7,関ケ原S,10,メイショウソウタ,https://db.netkeiba.com/horse/2021103263/,2021103263,牡,5,58.0,菱田,,,20,2023/12/02,5阪神1,2歳新馬,,6,8,芝2000,芝,2000,良,7.0,6,15.7,35.6,1.3,56,4-4-3-3,2:02.7,和田竜二,516(0),晴,4.0,4.0,3.0,3.0
2026-07-25-02-07,202607020107,2026-07-25,中京,7,関ケ原S,11,リンフレスカンテ,https://db.netkeiba.com/horse/2018104797/,2018104797,牡,8,58.0,田辺,,,0,2026/05/16,2東京7,六社S(3勝クラス),,1,1,芝2400,芝,2400,良,10.0,13,116.2,33.8,1.1,58,15-15-15-14,2:24.2,田辺裕信,450(-4),晴,15.0,15.0,15.0,14.0
2026-07-25-02-07,202607020107,2026-07-25,中京,7,関ケ原S,11,リンフレスカンテ,https://db.netkeiba.com/horse/2018104797/,2018104797,牡,8,58.0,田辺,,,1,2026/03/29,2阪神2,御堂筋S(3勝クラス),,6,6,芝2400,芝,2400,良,7.0,11,164.0,34.3,0.9,58,10-10-10-11,2:24.1,藤懸貴志,454(+12),晴,10.0,10.0,10.0,11.0
2026-07-25-02-07,202607020107,2026-07-25,中京,7,関ケ原S,11,リンフレスカンテ,https://db.netkeiba.com/horse/2018104797/,2018104797,牡,8,58.0,田辺,,,2,2026/03/08,2中山4,湾岸S(3勝クラス),,1,2,芝2500,芝,2500,良,13.0,14,141.1,36.4,1.9,58,16-16-16-14,2:34.0,田辺裕信,442(-4),晴,16.0,16.0,16.0,14.0
2026-07-25-02-07,202607020107,2026-07-25,中京,7,関ケ原S,11,リンフレスカンテ,https://db.netkeiba.com/horse/2018104797/,2018104797,牡,8,58.0,田辺,,,3,2025/03/23,1阪神8,阪神大賞典(GII),,3,3,芝3000,芝,3000,良,9.0,10,116.5,37.7,3.2,57,7-6-6-3,3:06.5,松山弘平,446(-2),晴,7.0,6.0,6.0,3.0
2026-07-25-02-07,202607020107,2026-07-25,中京,7,関ケ原S,11,リンフレスカンテ,https://db.netkeiba.com/horse/2018104797/,2018104797,牡,8,58.0,田辺,,,4,2025/03/01,1阪神1,阪神リニューアル記念(3勝クラス),,8,10,芝3000,芝,3000,良,4.0,4,7.6,36.4,1.5,56,9-10-9-7,3:04.4,松山弘平,448(0),晴,9.0,10.0,9.0,7.0
2026-07-25-02-07,202607020107,2026-07-25,中京,7,関ケ原S,11,リンフレスカンテ,https://db.netkeiba.com/horse/2018104797/,2018104797,牡,8,58.0,田辺,,,5,2024/11/17,6京都6,比叡S(3勝クラス),,6,12,芝2400,芝,2400,良,3.0,9,32.4,34.7,0.4,56,12-13-12-10,2:24.9,ルメール,448(+10),曇,12.0,13.0,12.0,10.0
2026-07-25-02-07,202607020107,2026-07-25,中京,7,関ケ原S,11,リンフレスカンテ,https://db.netkeiba.com/horse/2018104797/,2018104797,牡,8,58.0,田辺,,,6,2024/10/14,4東京4,3歳以上2勝クラス,,5,5,芝2500,芝,2500,良,1.0,3,4.7,33.9,-0.1,58,1-1-1-1,2:34.3,横山和生,438(0),晴,1.0,1.0,1.0,1.0
2026-07-25-02-07,202607020107,2026-07-25,中京,7,関ケ原S,11,リンフレスカンテ,https://db.netkeiba.com/horse/2018104797/,2018104797,牡,8,58.0,田辺,,,7,2024/09/21,4中山6,九十九里特別(2勝クラス),,6,6,芝2500,芝,2500,良,3.0,4,7.0,35.3,0.4,58,2-2-2-1,2:31.0,横山和生,438(-4),曇,2.0,2.0,2.0,1.0
2026-07-25-02-07,202607020107,2026-07-25,中京,7,関ケ原S,11,リンフレスカンテ,https://db.netkeiba.com/horse/2018104797/,2018104797,牡,8,58.0,田辺,,,8,2024/07/06,3小倉3,西部スポニチ賞(2勝クラス),,8,8,芝2600,芝,2600,良,3.0,6,25.2,35.4,0.8,57,4-4-6-6,2:38.6,松山弘平,442(+2),晴,4.0,4.0,6.0,6.0
2026-07-25-02-07,202607020107,2026-07-25,中京,7,関ケ原S,11,リンフレスカンテ,https://db.netkeiba.com/horse/2018104797/,2018104797,牡,8,58.0,田辺,,,9,2024/06/09,4京都4,常盤特別(2勝クラス),,1,1,芝2400,芝,2400,稍,5.0,4,17.1,35.1,1.2,58,5-7-5-7,2:28.7,松山弘平,440(-6),小雨,5.0,7.0,5.0,7.0
2026-07-25-02-07,202607020107,2026-07-25,中京,7,関ケ原S,11,リンフレスカンテ,https://db.netkeiba.com/horse/2018104797/,2018104797,牡,8,58.0,田辺,,,10,2024/03/16,1阪神7,淡路特別(2勝クラス),,5,5,芝2600,芝,2600,良,7.0,3,3.8,34.8,0.5,57,6-5-6-4,2:40.7,和田竜二,446(+4),晴,6.0,5.0,6.0,4.0
2026-07-25-02-07,202607020107,2026-07-25,中京,7,関ケ原S,11,リンフレスカンテ,https://db.netkeiba.com/horse/2018104797/,2018104797,牡,8,58.0,田辺,,,11,2024/02/25,1阪神2,4歳以上2勝クラス,,5,5,芝2400,芝,2400,重,2.0,3,4.4,36.0,0.3,58,6-6-5-5,2:28.0,和田竜二,442(+4),小雨,6.0,6.0,5.0,5.0
2026-07-25-02-07,202607020107,2026-07-25,中京,7,関ケ原S,11,リンフレスカンテ,https://db.netkeiba.com/horse/2018104797/,2018104797,牡,8,58.0,田辺,,,12,2024/02/10,1東京5,箱根特別(2勝クラス),,8,12,芝2400,芝,2400,良,3.0,4,7.5,35.0,0.3,57,4-6-5-5,2:24.6,田辺裕信,438(0),晴,4.0,6.0,5.0,5.0
2026-07-25-02-07,202607020107,2026-07-25,中京,7,関ケ原S,11,リンフレスカンテ,https://db.netkeiba.com/horse/2018104797/,2018104797,牡,8,58.0,田辺,,,13,2023/11/18,5東京5,南武特別(2勝クラス),,8,11,芝2400,芝,2400,良,2.0,7,38.8,34.8,0.3,58,10-10-10-9,2:25.7,田辺裕信,438(0),晴,10.0,10.0,10.0,9.0
2026-07-25-02-07,202607020107,2026-07-25,中京,7,関ケ原S,11,リンフレスカンテ,https://db.netkeiba.com/horse/2018104797/,2018104797,牡,8,58.0,田辺,,,14,2023/10/29,4東京9,本栖湖特別(2勝クラス),,4,4,芝2400,芝,2400,良,5.0,3,6.0,35.5,2.0,58,6-6-6-6,2:24.8,松山弘平,438(-4),晴,6.0,6.0,6.0,6.0
2026-07-25-02-07,202607020107,2026-07-25,中京,7,関ケ原S,11,リンフレスカンテ,https://db.netkeiba.com/horse/2018104797/,2018104797,牡,8,58.0,田辺,,,15,2023/10/08,2京都2,清滝特別(2勝クラス),,4,4,芝2200,芝,2200,良,4.0,9,35.0,34.1,0.7,58,11-11-12-11,2:12.7,藤懸貴志,442(+4),小雨,11.0,11.0,12.0,11.0
2026-07-25-02-07,202607020107,2026-07-25,中京,7,関ケ原S,11,リンフレスカンテ,https://db.netkeiba.com/horse/2018104797/,2018104797,牡,8,58.0,田辺,,,16,2023/09/17,4阪神4,兵庫特別(2勝クラス),,7,9,芝2400,芝,2400,良,7.0,5,11.3,34.2,0.9,58,10-10-8-9,2:25.1,和田竜二,438(-4),晴,10.0,10.0,8.0,9.0
2026-07-25-02-07,202607020107,2026-07-25,中京,7,関ケ原S,11,リンフレスカンテ,https://db.netkeiba.com/horse/2018104797/,2018104797,牡,8,58.0,田辺,,,17,2023/05/14,1京都8,白川特別(2勝クラス),,2,2,芝2400,芝,2400,稍,3.0,1,2.9,35.5,0.2,58,6-5-4-6,2:27.4,和田竜二,442(+2),曇,6.0,5.0,4.0,6.0
2026-07-25-02-07,202607020107,2026-07-25,中京,7,関ケ原S,11,リンフレスカンテ,https://db.netkeiba.com/horse/2018104797/,2018104797,牡,8,58.0,田辺,,,18,2023/04/30,2東京4,陣馬特別(2勝クラス),,7,8,芝2400,芝,2400,良,3.0,3,4.4,34.0,0.8,57,8-8-5-5,2:26.1,田辺裕信,440(0),曇,8.0,8.0,5.0,5.0
2026-07-25-02-07,202607020107,2026-07-25,中京,7,関ケ原S,11,リンフレスカンテ,https://db.netkeiba.com/horse/2018104797/,2018104797,牡,8,58.0,田辺,,,19,2023/04/08,2阪神5,白鷺特別(2勝クラス),,6,6,芝2400,芝,2400,稍,2.0,3,6.3,35.3,0.2,58,3-4-3-5,2:29.8,和田竜二,440(0),晴,3.0,4.0,3.0,5.0
2026-07-25-02-07,202607020107,2026-07-25,中京,7,関ケ原S,11,リンフレスカンテ,https://db.netkeiba.com/horse/2018104797/,2018104797,牡,8,58.0,田辺,,,20,2023/03/18,1阪神11,淡路特別(2勝クラス),,2,2,芝2600,芝,2600,稍,2.0,6,31.4,35.2,0.6,56,6-6-7-7,2:39.7,藤懸貴志,440(+2),曇,6.0,6.0,7.0,7.0
2026-07-25-02-07,202607020107,2026-07-25,中京,7,関ケ原S,11,リンフレスカンテ,https://db.netkeiba.com/horse/2018104797/,2018104797,牡,8,58.0,田辺,,,21,2023/01/07,1中京2,長良川特別(2勝クラス),,4,5,芝2200,芝,2200,良,6.0,10,54.7,34.9,0.4,58,4-3-3-3,2:13.3,和田竜二,438(0),晴,4.0,3.0,3.0,3.0
2026-07-25-02-07,202607020107,2026-07-25,中京,7,関ケ原S,11,リンフレスカンテ,https://db.netkeiba.com/horse/2018104797/,2018104797,牡,8,58.0,田辺,,,22,2022/12/11,6阪神4,3歳以上2勝クラス,,5,5,芝2400,芝,2400,良,5.0,4,7.6,35.2,0.6,57,10-9-10-9,2:27.8,和田竜二,438(-2),曇,10.0,9.0,10.0,9.0
2026-07-25-02-07,202607020107,2026-07-25,中京,7,関ケ原S,11,リンフレスカンテ,https://db.netkeiba.com/horse/2018104797/,2018104797,牡,8,58.0,田辺,,,23,2022/11/13,5阪神4,3歳以上2勝クラス,,5,8,芝2200,芝,2200,重,5.0,7,14.5,37.3,0.9,57,7-8-7-5,2:15.9,和田竜二,440(-6),雨,7.0,8.0,7.0,5.0
2026-07-25-02-07,202607020107,2026-07-25,中京,7,関ケ原S,11,リンフレスカンテ,https://db.netkeiba.com/horse/2018104797/,2018104797,牡,8,58.0,田辺,,,24,2022/07/10,1函館10,横津岳特別(2勝クラス),,4,5,芝2600,芝,2600,良,4.0,4,7.7,35.6,0.8,55,13-13-12-10,2:42.5,岩田康誠,446(+2),曇,13.0,13.0,12.0,10.0
2026-07-25-02-07,202607020107,2026-07-25,中京,7,関ケ原S,11,リンフレスカンテ,https://db.netkeiba.com/horse/2018104797/,2018104797,牡,8,58.0,田辺,,,25,2022/06/26,1函館6,松前特別(2勝クラス),,8,11,芝2000,芝,2000,良,5.0,3,5.5,35.2,0.4,57,5-10-10-7,2:01.7,岩田康誠,444(+2),曇,5.0,10.0,10.0,7.0
2026-07-25-02-07,202607020107,2026-07-25,中京,7,関ケ原S,11,リンフレスカンテ,https://db.netkeiba.com/horse/2018104797/,2018104797,牡,8,58.0,田辺,,,26,2022/05/15,3中京4,寒狭川特別(2勝クラス),,1,1,芝2200,芝,2200,良,3.0,1,2.0,35.1,0.3,57,6-5-5-5,2:13.1,和田竜二,442(+2),曇,6.0,5.0,5.0,5.0
2026-07-25-02-07,202607020107,2026-07-25,中京,7,関ケ原S,11,リンフレスカンテ,https://db.netkeiba.com/horse/2018104797/,2018104797,牡,8,58.0,田辺,,,27,2022/04/24,2阪神10,千里山特別(2勝クラス),,5,5,芝2200,芝,2200,稍,3.0,2,3.2,34.3,0.2,57,3-3-2-3,2:15.9,和田竜二,440(-2),曇,3.0,3.0,2.0,3.0
2026-07-25-02-07,202607020107,2026-07-25,中京,7,関ケ原S,11,リンフレスカンテ,https://db.netkeiba.com/horse/2018104797/,2018104797,牡,8,58.0,田辺,,,28,2022/03/20,1阪神12,4歳以上1勝クラス,,4,4,芝2400,芝,2400,稍,1.0,1,1.4,34.0,-0.1,56,5-5-4-5,2:30.1,和田竜二,442(+8),曇,5.0,5.0,4.0,5.0
2026-07-25-02-07,202607020107,2026-07-25,中京,7,関ケ原S,11,リンフレスカンテ,https://db.netkeiba.com/horse/2018104797/,2018104797,牡,8,58.0,田辺,,,29,2021/11/27,5東京7,3歳以上1勝クラス,,2,2,芝2400,芝,2400,良,2.0,2,3.8,34.3,0.1,55,5-6-6-5,2:26.4,田辺裕信,434(-8),晴,5.0,6.0,6.0,5.0
2026-07-25-02-07,202607020107,2026-07-25,中京,7,関ケ原S,11,リンフレスカンテ,https://db.netkeiba.com/horse/2018104797/,2018104797,牡,8,58.0,田辺,,,30,2021/10/30,4阪神7,3歳以上1勝クラス,,1,1,芝2400,芝,2400,良,2.0,2,2.9,34.0,0.0,54,6-5-7-7,2:26.7,岩田康誠,442(+10),晴,6.0,5.0,7.0,7.0
2026-07-25-02-07,202607020107,2026-07-25,中京,7,関ケ原S,11,リンフレスカンテ,https://db.netkeiba.com/horse/2018104797/,2018104797,牡,8,58.0,田辺,,,31,2021/10/03,5中京9,3歳以上1勝クラス,,6,11,芝2200,芝,2200,良,3.0,2,4.8,35.9,0.3,54,12-13-13-13,2:12.8,松山弘平,432(-6),晴,12.0,13.0,13.0,13.0
2026-07-25-02-07,202607020107,2026-07-25,中京,7,関ケ原S,11,リンフレスカンテ,https://db.netkeiba.com/horse/2018104797/,2018104797,牡,8,58.0,田辺,,,32,2021/09/05,4小倉8,3歳以上1勝クラス,,4,4,芝2600,芝,2600,良,3.0,1,2.4,34.6,0.2,54,8-8-8-7,2:41.2,松山弘平,438(+4),曇,8.0,8.0,8.0,7.0
2026-07-25-02-07,202607020107,2026-07-25,中京,7,関ケ原S,11,リンフレスカンテ,https://db.netkeiba.com/horse/2018104797/,2018104797,牡,8,58.0,田辺,,,33,2021/07/24,3新潟1,燕特別(1勝クラス),,3,6,芝2400,芝,2400,良,2.0,4,6.8,33.8,0.2,54,9-11-10-9,2:24.6,松山弘平,434(+4),晴,9.0,11.0,10.0,9.0
2026-07-25-02-07,202607020107,2026-07-25,中京,7,関ケ原S,11,リンフレスカンテ,https://db.netkeiba.com/horse/2018104797/,2018104797,牡,8,58.0,田辺,,,34,2021/07/03,3小倉1,国東特別(1勝クラス),,2,2,芝2000,芝,2000,良,4.0,5,15.8,34.1,0.8,54,7-7-7-6,1:58.3,松山弘平,430(-14),小雨,7.0,7.0,7.0,6.0
2026-07-25-02-07,202607020107,2026-07-25,中京,7,関ケ原S,11,リンフレスカンテ,https://db.netkeiba.com/horse/2018104797/,2018104797,牡,8,58.0,田辺,,,35,2021/03/14,2中京2,3歳未勝利,,2,2,芝2200,芝,2200,重,1.0,2,2.5,35.6,0.0,56,7-7-4-4,2:19.2,ルメール,444(-2),晴,7.0,7.0,4.0,4.0
2026-07-25-02-07,202607020107,2026-07-25,中京,7,関ケ原S,11,リンフレスカンテ,https://db.netkeiba.com/horse/2018104797/,2018104797,牡,8,58.0,田辺,,,36,2021/02/20,1阪神3,3歳未勝利,,7,10,芝2400,芝,2400,良,3.0,4,5.4,34.3,0.0,56,8-8-8-7,2:26.7,武豊,446(+4),晴,8.0,8.0,8.0,7.0
2026-07-25-02-07,202607020107,2026-07-25,中京,7,関ケ原S,11,リンフレスカンテ,https://db.netkeiba.com/horse/2018104797/,2018104797,牡,8,58.0,田辺,,,37,2021/02/07,1中京12,3歳未勝利,,6,9,芝2200,芝,2200,良,2.0,9,45.8,35.1,0.0,56,11-10-10-10,2:14.7,和田竜二,442(-6),晴,11.0,10.0,10.0,10.0
2026-07-25-02-07,202607020107,2026-07-25,中京,7,関ケ原S,11,リンフレスカンテ,https://db.netkeiba.com/horse/2018104797/,2018104797,牡,8,58.0,田辺,,,38,2021/01/23,1中京7,3歳未勝利,,3,3,芝2200,芝,2200,重,4.0,10,64.9,36.1,1.0,56,11-11-11-11,2:18.9,岩田康誠,448(+4),雨,11.0,11.0,11.0,11.0
2026-07-25-02-07,202607020107,2026-07-25,中京,7,関ケ原S,11,リンフレスカンテ,https://db.netkeiba.com/horse/2018104797/,2018104797,牡,8,58.0,田辺,,,39,2021/01/05,1中京1,3歳新馬,,5,9,芝2000,芝,2000,良,12.0,15,224.9,34.7,2.5,55,16-16-16-16,2:06.1,亀田温心,444(0),曇,16.0,16.0,16.0,16.0
2026-07-25-02-08,202607020108,2026-07-25,中京,8,香嵐渓特別,1,アトレッタ,https://db.netkeiba.com/horse/2023104008/,2023104008,牡,3,55.0,池添,,,0,2026/05/10,3京都6,3歳未勝利,,6,9,芝2000,芝,2000,良,1.0,2,6.0,34.9,-0.5,57,7-8-8-8,1:59.2,池添謙一,418(-2),晴,7.0,8.0,8.0,8.0
2026-07-25-02-08,202607020108,2026-07-25,中京,8,香嵐渓特別,1,アトレッタ,https://db.netkeiba.com/horse/2023104008/,2023104008,牡,3,55.0,池添,,,1,2026/04/19,2阪神8,3歳未勝利,,6,8,芝2200,芝,2200,良,7.0,7,32.5,35.9,0.5,57,6-6-6-3,2:13.5,菱田裕二,420(0),晴,6.0,6.0,6.0,3.0
2026-07-25-02-08,202607020108,2026-07-25,中京,8,香嵐渓特別,2,アンビアンス,https://db.netkeiba.com/horse/2022106634/,2022106634,牝,4,56.0,吉村,,,0,2026/06/14,3阪神4,3歳以上1勝クラス,,8,11,芝2000,芝,2000,良,6.0,9,120.7,34.2,1.1,56,9-9-7-6,2:01.5,吉村誠之,452(-4),曇,9.0,9.0,7.0,6.0
2026-07-25-02-08,202607020108,2026-07-25,中京,8,香嵐渓特別,2,アンビアンス,https://db.netkeiba.com/horse/2022106634/,2022106634,牝,4,56.0,吉村,,,1,2026/05/23,3京都9,4歳以上1勝クラス,,7,13,芝1800,芝,1800,良,12.0,10,76.3,33.9,1.0,56,11-12,1:48.2,三浦皇成,456(+2),曇,11.0,12.0,,12.0
2026-07-25-02-08,202607020108,2026-07-25,中京,8,香嵐渓特別,2,アンビアンス,https://db.netkeiba.com/horse/2022106634/,2022106634,牝,4,56.0,吉村,,,2,2026/05/03,3京都4,4歳以上1勝クラス,,8,8,芝2000,芝,2000,良,6.0,5,22.8,34.9,1.3,56,5-5-6-7,2:01.0,吉村誠之,454(+4),曇,5.0,5.0,6.0,7.0
2026-07-25-02-08,202607020108,2026-07-25,中京,8,香嵐渓特別,2,アンビアンス,https://db.netkeiba.com/horse/2022106634/,2022106634,牝,4,56.0,吉村,,,3,2026/04/12,1福島2,4歳以上1勝クラス,,2,3,芝2000,芝,2000,良,7.0,10,36.9,35.6,0.9,56,6-6-9-10,1:59.8,松本大輝,450(-6),晴,6.0,6.0,9.0,10.0
2026-07-25-02-08,202607020108,2026-07-25,中京,8,香嵐渓特別,2,アンビアンス,https://db.netkeiba.com/horse/2022106634/,2022106634,牝,4,56.0,吉村,,,4,2026/03/21,1中京3,4歳以上1勝クラス,,3,3,芝2000,芝,2000,良,10.0,9,50.6,34.5,1.1,56,13-11-11-11,2:00.8,松若風馬,456(+2),晴,13.0,11.0,11.0,11.0
2026-07-25-02-08,202607020108,2026-07-25,中京,8,香嵐渓特別,2,アンビアンス,https://db.netkeiba.com/horse/2022106634/,2022106634,牝,4,56.0,吉村,,,5,2026/03/01,1阪神4,4歳以上1勝クラス,,3,5,芝1800,芝,1800,良,13.0,4,13.0,35.1,0.8,55,7-8,1:46.7,吉村誠之,454(+2),晴,7.0,8.0,,8.0
2026-07-25-02-08,202607020108,2026-07-25,中京,8,香嵐渓特別,2,アンビアンス,https://db.netkeiba.com/horse/2022106634/,2022106634,牝,4,56.0,吉村,,,6,2025/12/20,5中京5,ヤングJSFR中京1(1勝クラス),,5,10,芝2000,芝,2000,稍,10.0,2,5.6,35.2,1.2,55,14-14-15-15,2:01.3,土方颯太,452(-4),小雨,14.0,14.0,15.0,15.0
2026-07-25-02-08,202607020108,2026-07-25,中京,8,香嵐渓特別,2,アンビアンス,https://db.netkeiba.com/horse/2022106634/,2022106634,牝,4,56.0,吉村,,,7,2025/11/02,3京都11,3歳以上1勝クラス,,3,5,芝2200,芝,2200,良,9.0,9,16.9,34.4,0.5,54,7-7-8-10,2:13.8,酒井学,456(+2),晴,7.0,7.0,8.0,10.0
2026-07-25-02-08,202607020108,2026-07-25,中京,8,香嵐渓特別,2,アンビアンス,https://db.netkeiba.com/horse/2022106634/,2022106634,牝,4,56.0,吉村,,,8,2025/10/11,3京都3,3歳以上1勝クラス,,7,8,芝1800,芝,1800,良,4.0,9,65.9,34.4,0.2,54,8-7,1:44.8,酒井学,454(+4),曇,8.0,7.0,,7.0
2026-07-25-02-08,202607020108,2026-07-25,中京,8,香嵐渓特別,2,アンビアンス,https://db.netkeiba.com/horse/2022106634/,2022106634,牝,4,56.0,吉村,,,9,2025/08/17,3中京8,3歳未勝利,,8,12,芝2000,芝,2000,良,1.0,8,23.7,34.1,-0.2,55,6-7-7-7,2:00.6,酒井学,450(+4),晴,6.0,7.0,7.0,7.0
2026-07-25-02-08,202607020108,2026-07-25,中京,8,香嵐渓特別,2,アンビアンス,https://db.netkeiba.com/horse/2022106634/,2022106634,牝,4,56.0,吉村,,,10,2025/08/03,3中京4,3歳未勝利,,3,5,芝2000,芝,2000,良,5.0,10,50.3,34.3,1.1,55,10-12-11-11,2:01.5,酒井学,446(+6),晴,10.0,12.0,11.0,11.0
2026-07-25-02-08,202607020108,2026-07-25,中京,8,香嵐渓特別,2,アンビアンス,https://db.netkeiba.com/horse/2022106634/,2022106634,牝,4,56.0,吉村,,,11,2025/06/21,3阪神5,3歳未勝利,,1,1,芝2000,芝,2000,良,7.0,8,58.6,35.6,0.5,55,11-11-9-8,2:01.8,酒井学,440(-4),晴,11.0,11.0,9.0,8.0
2026-07-25-02-08,202607020108,2026-07-25,中京,8,香嵐渓特別,2,アンビアンス,https://db.netkeiba.com/horse/2022106634/,2022106634,牝,4,56.0,吉村,,,12,2025/06/07,3東京1,3歳未勝利,,5,8,芝2000,芝,2000,良,11.0,8,36.2,35.2,2.3,55,13-13-13,2:02.2,三浦皇成,444(-8),晴,13.0,13.0,13.0,13.0
2026-07-25-02-08,202607020108,2026-07-25,中京,8,香嵐渓特別,2,アンビアンス,https://db.netkeiba.com/horse/2022106634/,2022106634,牝,4,56.0,吉村,,,13,2025/05/25,2京都10,3歳未勝利,,8,13,芝2200,芝,2200,重,5.0,8,45.0,36.5,1.0,55,9-9-7-8,2:16.5,酒井学,452(0),曇,9.0,9.0,7.0,8.0
2026-07-25-02-08,202607020108,2026-07-25,中京,8,香嵐渓特別,2,アンビアンス,https://db.netkeiba.com/horse/2022106634/,2022106634,牝,4,56.0,吉村,,,14,2025/05/11,2京都6,3歳未勝利,,5,10,芝2000,芝,2000,良,7.0,17,177.6,36.4,0.5,55,14-14-13-14,2:01.6,酒井学,452(+4),晴,14.0,14.0,13.0,14.0
2026-07-25-02-08,202607020108,2026-07-25,中京,8,香嵐渓特別,2,アンビアンス,https://db.netkeiba.com/horse/2022106634/,2022106634,牝,4,56.0,吉村,,,15,2025/04/20,2阪神8,3歳未勝利,,2,4,芝1800,芝,1800,良,13.0,11,65.5,35.1,1.4,54,16-14,1:47.6,吉村誠之,448(+16),曇,16.0,14.0,,14.0
2026-07-25-02-08,202607020108,2026-07-25,中京,8,香嵐渓特別,2,アンビアンス,https://db.netkeiba.com/horse/2022106634/,2022106634,牝,4,56.0,吉村,,,16,2024/10/12,4新潟3,2歳新馬,,4,7,芝1600,芝,1600,良,14.0,4,6.0,34.4,2.2,55,16-16,1:37.6,戸崎圭太,432(0),晴,16.0,16.0,,16.0
2026-07-25-02-08,202607020108,2026-07-25,中京,8,香嵐渓特別,3,キシダンチョウ,https://db.netkeiba.com/horse/2023106960/,2023106960,牡,3,55.0,高杉,,,0,2026/04/25,3京都1,あやめ賞(1勝クラス),,3,3,芝1800,芝,1800,良,3.0,3,5.7,34.1,0.2,57,4-6,1:45.3,高杉吏麒,506(-8),晴,4.0,6.0,,6.0
2026-07-25-02-08,202607020108,2026-07-25,中京,8,香嵐渓特別,3,キシダンチョウ,https://db.netkeiba.com/horse/2023106960/,2023106960,牡,3,55.0,高杉,,,1,2026/03/15,1阪神8,ゆきやなぎ賞(1勝クラス),,2,2,芝2400,芝,2400,良,4.0,2,3.4,35.9,0.3,57,5-5-7-4,2:26.8,高杉吏麒,514(+10),曇,5.0,5.0,7.0,4.0
2026-07-25-02-08,202607020108,2026-07-25,中京,8,香嵐渓特別,3,キシダンチョウ,https://db.netkeiba.com/horse/2023106960/,2023106960,牡,3,55.0,高杉,,,2,2025/12/28,5阪神8,2歳新馬,,3,5,芝1600,芝,1600,良,1.0,1,4.2,34.2,0.0,56,10-9,1:35.4,高杉吏麒,504(0),晴,10.0,9.0,,9.0
2026-07-25-02-08,202607020108,2026-07-25,中京,8,香嵐渓特別,4,コスモグローリー,https://db.netkeiba.com/horse/2022105470/,2022105470,牡,4,58.0,北出,,,0,2025/12/27,5阪神7,3歳以上1勝クラス,,5,9,芝1800,芝,1800,良,7.0,3,4.9,34.4,0.5,57,4-4,1:46.7,和田竜二,468(+4),晴,4.0,4.0,,4.0
2026-07-25-02-08,202607020108,2026-07-25,中京,8,香嵐渓特別,4,コスモグローリー,https://db.netkeiba.com/horse/2022105470/,2022105470,牡,4,58.0,北出,,,1,2025/12/06,5阪神1,3歳以上1勝クラス,,4,7,芝1600,芝,1600,良,2.0,2,4.0,33.5,0.1,57,3-3,1:34.6,和田竜二,464(-2),晴,3.0,3.0,,3.0
2026-07-25-02-08,202607020108,2026-07-25,中京,8,香嵐渓特別,4,コスモグローリー,https://db.netkeiba.com/horse/2022105470/,2022105470,牡,4,58.0,北出,,,2,2025/11/15,4京都3,3歳以上1勝クラス,,8,18,芝1600,芝,1600,良,3.0,7,17.7,34.4,0.2,57,5-5,1:33.5,和田竜二,466(+18),晴,5.0,5.0,,5.0
2026-07-25-02-08,202607020108,2026-07-25,中京,8,香嵐渓特別,4,コスモグローリー,https://db.netkeiba.com/horse/2022105470/,2022105470,牡,4,58.0,北出,,,3,2025/08/17,3中京8,3歳未勝利,,8,15,芝1600,芝,1600,良,1.0,2,3.5,35.0,0.0,57,3-2-2,1:33.5,松山弘平,448(0),晴,3.0,2.0,2.0,2.0
2026-07-25-02-08,202607020108,2026-07-25,中京,8,香嵐渓特別,4,コスモグローリー,https://db.netkeiba.com/horse/2022105470/,2022105470,牡,4,58.0,北出,,,4,2025/08/02,3中京3,3歳未勝利,,3,3,芝2000,芝,2000,良,3.0,2,3.2,35.0,0.3,57,3-3-3-2,1:59.7,和田竜二,448(-4),晴,3.0,3.0,3.0,2.0
2026-07-25-02-08,202607020108,2026-07-25,中京,8,香嵐渓特別,4,コスモグローリー,https://db.netkeiba.com/horse/2022105470/,2022105470,牡,4,58.0,北出,,,5,2025/06/22,3阪神6,3歳未勝利,,4,8,芝1600,芝,1600,良,2.0,2,4.1,35.1,0.0,57,2-2,1:33.8,和田竜二,452(0),曇,2.0,2.0,,2.0
2026-07-25-02-08,202607020108,2026-07-25,中京,8,香嵐渓特別,4,コスモグローリー,https://db.netkeiba.com/horse/2022105470/,2022105470,牡,4,58.0,北出,,,6,2025/06/08,3阪神2,3歳未勝利,,5,9,芝1600,芝,1600,良,2.0,4,6.7,34.9,0.1,57,7-5,1:34.1,和田竜二,452(+2),曇,7.0,5.0,,5.0
2026-07-25-02-08,202607020108,2026-07-25,中京,8,香嵐渓特別,4,コスモグローリー,https://db.netkeiba.com/horse/2022105470/,2022105470,牡,4,58.0,北出,,,7,2025/05/25,2京都10,3歳未勝利,,6,12,芝1600,芝,1600,重,4.0,3,4.4,35.6,0.1,57,7-6,1:36.3,和田竜二,450(-6),曇,7.0,6.0,,6.0
2026-07-25-02-08,202607020108,2026-07-25,中京,8,香嵐渓特別,4,コスモグローリー,https://db.netkeiba.com/horse/2022105470/,2022105470,牡,4,58.0,北出,,,8,2025/05/11,2京都6,3歳未勝利,,5,9,芝1600,芝,1600,良,3.0,4,11.2,34.9,0.2,57,4-4,1:35.0,和田竜二,456(-4),曇,4.0,4.0,,4.0
2026-07-25-02-08,202607020108,2026-07-25,中京,8,香嵐渓特別,4,コスモグローリー,https://db.netkeiba.com/horse/2022105470/,2022105470,牡,4,58.0,北出,,,9,2025/02/16,1小倉8,3歳未勝利,,1,1,芝2000,芝,2000,良,14.0,2,3.6,37.3,1.2,57,1-2-3-3,2:03.5,丸山元気,460(+2),曇,1.0,2.0,3.0,3.0
2026-07-25-02-08,202607020108,2026-07-25,中京,8,香嵐渓特別,4,コスモグローリー,https://db.netkeiba.com/horse/2022105470/,2022105470,牡,4,58.0,北出,,,10,2025/01/26,1小倉2,3歳未勝利,,2,4,芝2000,芝,2000,良,2.0,4,7.1,36.1,0.1,57,4-4-4-3,2:01.9,秋山稔樹,458(-2),晴,4.0,4.0,4.0,3.0
2026-07-25-02-08,202607020108,2026-07-25,中京,8,香嵐渓特別,4,コスモグローリー,https://db.netkeiba.com/horse/2022105470/,2022105470,牡,4,58.0,北出,,,11,2024/12/22,7京都8,2歳新馬,,3,3,芝1800,芝,1800,良,8.0,1,4.6,35.1,1.2,56,13-12,1:51.1,秋山稔樹,460(0),曇,13.0,12.0,,12.0
2026-07-25-02-08,202607020108,2026-07-25,中京,8,香嵐渓特別,5,サイモンシャリオ,https://db.netkeiba.com/horse/2023101569/,2023101569,牡,3,55.0,田口,,,0,2026/06/28,2福島2,ラジオNIKKEI賞(GIII),,2,4,芝1800,芝,1800,良,6.0,14,59.5,34.6,0.5,52,10-8-8-7,1:45.7,田口貫太,488(-2),晴,10.0,8.0,8.0,7.0
2026-07-25-02-08,202607020108,2026-07-25,中京,8,香嵐渓特別,5,サイモンシャリオ,https://db.netkeiba.com/horse/2023101569/,2023101569,牡,3,55.0,田口,,,1,2026/05/16,3京都7,あずさ賞(1勝クラス),,3,3,芝2000,芝,2000,良,6.0,6,9.7,34.5,0.4,57,8-7-8-8,1:58.3,松若風馬,490(+8),晴,8.0,7.0,8.0,8.0
2026-07-25-02-08,202607020108,2026-07-25,中京,8,香嵐渓特別,5,サイモンシャリオ,https://db.netkeiba.com/horse/2023101569/,2023101569,牡,3,55.0,田口,,,2,2026/04/18,1福島3,ひめさゆり賞(1勝クラス),,4,4,芝2000,芝,2000,良,3.0,2,4.6,34.8,0.6,57,5-5-6-5,1:58.4,松若風馬,482(-4),晴,5.0,5.0,6.0,5.0
2026-07-25-02-08,202607020108,2026-07-25,中京,8,香嵐渓特別,5,サイモンシャリオ,https://db.netkeiba.com/horse/2023101569/,2023101569,牡,3,55.0,田口,,,3,2026/03/29,2阪神2,3歳未勝利,,5,5,芝2000,芝,2000,良,1.0,2,3.1,34.9,0.0,57,5-5-5-3,2:00.4,松若風馬,486(-4),晴,5.0,5.0,5.0,3.0
2026-07-25-02-08,202607020108,2026-07-25,中京,8,香嵐渓特別,5,サイモンシャリオ,https://db.netkeiba.com/horse/2023101569/,2023101569,牡,3,55.0,田口,,,4,2026/03/14,1中京1,3歳未勝利,,7,14,芝2000,芝,2000,良,2.0,4,9.1,34.6,0.5,57,11-11-12-13,2:00.9,松若風馬,490(-2),晴,11.0,11.0,12.0,13.0
2026-07-25-02-08,202607020108,2026-07-25,中京,8,香嵐渓特別,5,サイモンシャリオ,https://db.netkeiba.com/horse/2023101569/,2023101569,牡,3,55.0,田口,,,5,2026/01/05,1京都2,3歳未勝利,,8,16,芝2000,芝,2000,良,8.0,6,12.0,36.3,0.7,57,4-4-4-3,2:03.0,松山弘平,492(+4),晴,4.0,4.0,4.0,3.0
2026-07-25-02-08,202607020108,2026-07-25,中京,8,香嵐渓特別,5,サイモンシャリオ,https://db.netkeiba.com/horse/2023101569/,2023101569,牡,3,55.0,田口,,,6,2025/12/20,5中京5,2歳未勝利,,5,9,芝2000,芝,2000,稍,4.0,5,8.3,34.7,0.1,56,10-11-12-10,2:02.6,吉田隼人,488(-8),曇,10.0,11.0,12.0,10.0
2026-07-25-02-08,202607020108,2026-07-25,中京,8,香嵐渓特別,5,サイモンシャリオ,https://db.netkeiba.com/horse/2023101569/,2023101569,牡,3,55.0,田口,,,7,2025/12/06,5阪神1,2歳未勝利,,8,9,芝1800,芝,1800,良,4.0,4,11.2,33.2,0.6,56,9-9,1:49.0,松山弘平,496(0),晴,9.0,9.0,,9.0
2026-07-25-02-08,202607020108,2026-07-25,中京,8,香嵐渓特別,5,サイモンシャリオ,https://db.netkeiba.com/horse/2023101569/,2023101569,牡,3,55.0,田口,,,8,2025/11/16,4京都4,2歳未勝利,,6,11,芝1600,芝,1600,良,4.0,7,32.1,35.1,0.6,56,12-10,1:34.5,松山弘平,496(+2),晴,12.0,10.0,,10.0
2026-07-25-02-08,202607020108,2026-07-25,中京,8,香嵐渓特別,5,サイモンシャリオ,https://db.netkeiba.com/horse/2023101569/,2023101569,牡,3,55.0,田口,,,9,2025/10/25,3京都8,2歳新馬,,6,10,芝1600,芝,1600,良,6.0,8,26.8,34.9,1.2,56,12-11,1:36.0,松山弘平,494(0),曇,12.0,11.0,,11.0
2026-07-25-02-08,202607020108,2026-07-25,中京,8,香嵐渓特別,6,サラコスティ,https://db.netkeiba.com/horse/2022104793/,2022104793,牡,4,58.0,レーン,,,0,2026/05/24,2東京10,4歳以上1勝クラス,,8,16,芝2400,芝,2400,良,3.0,1,2.3,34.1,0.2,58,12-13-12-14,2:24.4,レーン,472(-2),曇,12.0,13.0,12.0,14.0
2026-07-25-02-08,202607020108,2026-07-25,中京,8,香嵐渓特別,6,サラコスティ,https://db.netkeiba.com/horse/2022104793/,2022104793,牡,4,58.0,レーン,,,1,2026/05/03,3京都4,4歳以上1勝クラス,,4,4,芝2000,芝,2000,良,2.0,2,3.5,33.9,0.2,58,7-7-6-4,1:59.9,レーン,474(+2),曇,7.0,7.0,6.0,4.0
2026-07-25-02-08,202607020108,2026-07-25,中京,8,香嵐渓特別,6,サラコスティ,https://db.netkeiba.com/horse/2022104793/,2022104793,牡,4,58.0,レーン,,,2,2026/02/28,1小倉11,脊振山特別(1勝クラス),,5,9,芝2600,芝,2600,稍,8.0,2,6.0,37.5,1.4,57,5-5-4-5,2:42.8,亀田温心,472(-2),晴,5.0,5.0,4.0,5.0
2026-07-25-02-08,202607020108,2026-07-25,中京,8,香嵐渓特別,6,サラコスティ,https://db.netkeiba.com/horse/2022104793/,2022104793,牡,4,58.0,レーン,,,3,2026/01/24,1小倉1,4歳以上1勝クラス,,4,6,芝2600,芝,2600,良,8.0,7,17.0,34.4,0.3,57,12-12-14-12,2:38.3,北村友一,474(-8),晴,12.0,12.0,14.0,12.0
2026-07-25-02-08,202607020108,2026-07-25,中京,8,香嵐渓特別,6,サラコスティ,https://db.netkeiba.com/horse/2022104793/,2022104793,牡,4,58.0,レーン,,,4,2026/01/05,1京都2,4歳以上1勝クラス,,8,14,ダ1800,ダ,1800,良,8.0,7,18.4,39.0,1.7,57,7-7-6-7,1:53.7,北村友一,482(+6),晴,7.0,7.0,6.0,7.0
2026-07-25-02-08,202607020108,2026-07-25,中京,8,香嵐渓特別,6,サラコスティ,https://db.netkeiba.com/horse/2022104793/,2022104793,牡,4,58.0,レーン,,,5,2025/10/25,3京都8,3歳以上1勝クラス,,7,7,芝1800,芝,1800,良,6.0,7,14.1,34.5,0.4,56,4-4,1:48.0,北村友一,476(+4),雨,4.0,4.0,,4.0
2026-07-25-02-08,202607020108,2026-07-25,中京,8,香嵐渓特別,6,サラコスティ,https://db.netkeiba.com/horse/2022104793/,2022104793,牡,4,58.0,レーン,,,6,2025/08/09,3中京5,香嵐渓特別(1勝クラス),,6,6,芝2000,芝,2000,良,6.0,3,6.2,34.0,0.6,55,6-6-7-7,1:59.5,北村友一,472(+4),晴,6.0,6.0,7.0,7.0
2026-07-25-02-08,202607020108,2026-07-25,中京,8,香嵐渓特別,6,サラコスティ,https://db.netkeiba.com/horse/2022104793/,2022104793,牡,4,58.0,レーン,,,7,2025/07/05,2小倉3,ロイヤルバンコク賞(1勝クラス),,1,1,芝2000,芝,2000,良,7.0,3,4.4,38.9,2.0,55,1-1-1-1,2:02.1,坂井瑠星,468(-4),晴,1.0,1.0,1.0,1.0
2026-07-25-02-08,202607020108,2026-07-25,中京,8,香嵐渓特別,6,サラコスティ,https://db.netkeiba.com/horse/2022104793/,2022104793,牡,4,58.0,レーン,,,8,2025/01/25,1中京8,若駒S(L),,6,6,芝2000,芝,2000,良,8.0,4,6.5,36.9,1.5,57,2-2-2-2,2:03.8,西村淳也,472(+2),晴,2.0,2.0,2.0,2.0
2026-07-25-02-08,202607020108,2026-07-25,中京,8,香嵐渓特別,6,サラコスティ,https://db.netkeiba.com/horse/2022104793/,2022104793,牡,4,58.0,レーン,,,9,2024/11/23,6京都7,ラジオN杯京都2歳S(GIII),,2,2,芝2000,芝,2000,良,7.0,2,2.9,35.1,0.7,56,2-2-2-2,2:01.6,Ｃ．デム,470(+8),曇,2.0,2.0,2.0,2.0
2026-07-25-02-08,202607020108,2026-07-25,中京,8,香嵐渓特別,6,サラコスティ,https://db.netkeiba.com/horse/2022104793/,2022104793,牡,4,58.0,レーン,,,10,2024/08/18,2中京4,2歳未勝利,,1,1,芝2000,芝,2000,良,1.0,1,1.1,34.0,-1.5,55,1-1-1-1,2:00.4,坂井瑠星,462(0),晴,1.0,1.0,1.0,1.0
2026-07-25-02-08,202607020108,2026-07-25,中京,8,香嵐渓特別,6,サラコスティ,https://db.netkeiba.com/horse/2022104793/,2022104793,牡,4,58.0,レーン,,,11,2024/06/23,4京都8,2歳新馬,,7,8,芝1800,芝,1800,重,2.0,2,2.9,34.3,0.2,55,8-6,1:52.3,ルメール,462(0),小雨,8.0,6.0,,6.0
2026-07-25-02-08,202607020108,2026-07-25,中京,8,香嵐渓特別,7,サンダーバード,https://db.netkeiba.com/horse/2023105292/,2023105292,牝,3,53.0,今村,,,0,2026/06/28,2小倉2,3歳未勝利,,5,9,芝1800,芝,1800,良,1.0,3,4.3,35.8,-0.2,53,4-3-3-2,1:47.2,今村聖奈,442(+6),曇,4.0,3.0,3.0,2.0
2026-07-25-02-08,202607020108,2026-07-25,中京,8,香嵐渓特別,7,サンダーバード,https://db.netkeiba.com/horse/2023105292/,2023105292,牝,3,53.0,今村,,,1,2026/05/23,3京都9,3歳未勝利,,8,15,芝1800,芝,1800,良,10.0,1,3.2,37.0,1.2,55,2-5,1:47.4,浜中俊,436(-4),曇,2.0,5.0,,5.0
2026-07-25-02-08,202607020108,2026-07-25,中京,8,香嵐渓特別,7,サンダーバード,https://db.netkeiba.com/horse/2023105292/,2023105292,牝,3,53.0,今村,,,2,2026/04/25,3京都1,3歳未勝利,,5,9,芝1800,芝,1800,良,3.0,4,12.0,35.2,0.5,55,3-2,1:46.1,浜中俊,440(+14),晴,3.0,2.0,,2.0
2026-07-25-02-08,202607020108,2026-07-25,中京,8,香嵐渓特別,7,サンダーバード,https://db.netkeiba.com/horse/2023105292/,2023105292,牝,3,53.0,今村,,,3,2026/01/10,1京都3,3歳未勝利,,3,5,芝1600,芝,1600,良,16.0,5,14.8,38.4,3.4,55,8-11,1:38.6,坂井瑠星,426(-10),晴,8.0,11.0,,11.0
2026-07-25-02-08,202607020108,2026-07-25,中京,8,香嵐渓特別,7,サンダーバード,https://db.netkeiba.com/horse/2023105292/,2023105292,牝,3,53.0,今村,,,4,2025/10/13,3京都5,2歳未勝利,,7,7,芝1600,芝,1600,良,2.0,2,2.6,34.8,0.1,55,2-2,1:34.7,戸崎圭太,436(-8),晴,2.0,2.0,,2.0
2026-07-25-02-08,202607020108,2026-07-25,中京,8,香嵐渓特別,7,サンダーバード,https://db.netkeiba.com/horse/2023105292/,2023105292,牝,3,53.0,今村,,,5,2025/08/02,1札幌3,2歳新馬,,6,6,芝1500,芝,1500,良,3.0,1,2.6,34.7,0.6,55,3-3-5,1:29.9,武豊,444(0),晴,3.0,3.0,5.0,5.0
2026-07-25-02-08,202607020108,2026-07-25,中京,8,香嵐渓特別,8,スノースケープ,https://db.netkeiba.com/horse/2023107516/,2023107516,牝,3,53.0,川田,,,0,2026/05/24,3京都10,3歳未勝利,,1,1,芝2000,芝,2000,良,1.0,1,1.6,35.0,-0.7,55,3-3-3-1,1:59.3,川田将雅,462(-4),晴,3.0,3.0,3.0,1.0
2026-07-25-02-08,202607020108,2026-07-25,中京,8,香嵐渓特別,8,スノースケープ,https://db.netkeiba.com/horse/2023107516/,2023107516,牝,3,53.0,川田,,,1,2026/05/03,3京都4,3歳未勝利,,5,5,芝1800,芝,1800,良,3.0,2,3.5,34.5,0.0,55,3-3,1:46.1,川田将雅,466(0),曇,3.0,3.0,,3.0
2026-07-25-02-08,202607020108,2026-07-25,中京,8,香嵐渓特別,9,パイオニアスクエア,https://db.netkeiba.com/horse/2022105367/,2022105367,牡,4,58.0,富田,,,0,2026/06/27,2小倉1,八代特別(1勝クラス),,6,6,芝2000,芝,2000,稍,5.0,6,23.8,35.4,0.1,58,1-1-1-1,2:00.0,富田暁,492(+2),曇,1.0,1.0,1.0,1.0
2026-07-25-02-08,202607020108,2026-07-25,中京,8,香嵐渓特別,9,パイオニアスクエア,https://db.netkeiba.com/horse/2022105367/,2022105367,牡,4,58.0,富田,,,1,2026/05/10,1新潟4,荒川峡特別(1勝クラス),,6,10,芝2400,芝,2400,良,8.0,4,7.9,36.6,1.8,58,3-3-4-3,2:28.3,富田暁,490(-8),晴,3.0,3.0,4.0,3.0
2026-07-25-02-08,202607020108,2026-07-25,中京,8,香嵐渓特別,9,パイオニアスクエア,https://db.netkeiba.com/horse/2022105367/,2022105367,牡,4,58.0,富田,,,2,2026/03/29,1中京6,4歳以上1勝クラス,,3,3,芝2200,芝,2200,良,2.0,8,21.8,35.2,0.3,57,1-1-1-1,2:11.9,富田暁,498(+12),晴,1.0,1.0,1.0,1.0
2026-07-25-02-08,202607020108,2026-07-25,中京,8,香嵐渓特別,9,パイオニアスクエア,https://db.netkeiba.com/horse/2022105367/,2022105367,牡,4,58.0,富田,,,3,2025/09/07,4阪神2,3歳未勝利,,7,14,芝2000,芝,2000,良,3.0,2,4.6,36.3,0.8,57,8-10-6-6,1:59.3,川田将雅,486(-2),晴,8.0,10.0,6.0,6.0
2026-07-25-02-08,202607020108,2026-07-25,中京,8,香嵐渓特別,9,パイオニアスクエア,https://db.netkeiba.com/horse/2022105367/,2022105367,牡,4,58.0,富田,,,4,2025/08/16,3中京7,3歳未勝利,,3,5,芝2200,芝,2200,良,5.0,1,2.4,35.5,0.7,57,3-3-3-3,2:13.1,川田将雅,488(-6),晴,3.0,3.0,3.0,3.0
2026-07-25-02-08,202607020108,2026-07-25,中京,8,香嵐渓特別,9,パイオニアスクエア,https://db.netkeiba.com/horse/2022105367/,2022105367,牡,4,58.0,富田,,,5,2025/07/27,3中京2,3歳未勝利,,1,1,芝2200,芝,2200,良,2.0,3,6.8,34.5,0.0,57,3-3-4-4,2:13.6,和田竜二,494(+4),晴,3.0,3.0,4.0,4.0
2026-07-25-02-08,202607020108,2026-07-25,中京,8,香嵐渓特別,9,パイオニアスクエア,https://db.netkeiba.com/horse/2022105367/,2022105367,牡,4,58.0,富田,,,6,2025/07/13,2小倉6,3歳未勝利,,3,5,芝1800,芝,1800,良,4.0,4,8.6,36.9,0.3,57,3-3-3-3,1:49.7,和田竜二,490(-16),曇,3.0,3.0,3.0,3.0
2026-07-25-02-08,202607020108,2026-07-25,中京,8,香嵐渓特別,9,パイオニアスクエア,https://db.netkeiba.com/horse/2022105367/,2022105367,牡,4,58.0,富田,,,7,2025/06/21,3阪神5,3歳未勝利,,2,2,芝2000,芝,2000,良,3.0,5,12.3,35.8,0.2,57,5-4-3-4,2:01.5,和田竜二,506(0),晴,5.0,4.0,3.0,4.0
2026-07-25-02-08,202607020108,2026-07-25,中京,8,香嵐渓特別,10,ブラックシャリマー,https://db.netkeiba.com/horse/2023103246/,2023103246,牡,3,55.0,西村淳,,,0,2026/06/06,3阪神1,城崎特別(1勝クラス),,4,4,芝1800,芝,1800,良,2.0,2,2.9,33.9,0.2,55,4-3,1:45.7,西村淳也,504(+4),晴,4.0,3.0,,3.0
2026-07-25-02-08,202607020108,2026-07-25,中京,8,香嵐渓特別,10,ブラックシャリマー,https://db.netkeiba.com/horse/2023103246/,2023103246,牡,3,55.0,西村淳,,,1,2026/04/25,3京都1,あやめ賞(1勝クラス),,4,4,芝1800,芝,1800,良,2.0,2,3.7,34.3,0.0,57,3-2,1:45.1,吉村誠之,500(-4),晴,3.0,2.0,,2.0
2026-07-25-02-08,202607020108,2026-07-25,中京,8,香嵐渓特別,10,ブラックシャリマー,https://db.netkeiba.com/horse/2023103246/,2023103246,牡,3,55.0,西村淳,,,2,2026/02/14,2京都5,3歳未勝利,,5,9,芝1800,芝,1800,良,1.0,4,8.6,35.4,-0.1,57,4-4,1:46.7,吉村誠之,504(-2),晴,4.0,4.0,,4.0
2026-07-25-02-08,202607020108,2026-07-25,中京,8,香嵐渓特別,10,ブラックシャリマー,https://db.netkeiba.com/horse/2023103246/,2023103246,牡,3,55.0,西村淳,,,3,2025/12/14,5阪神4,2歳新馬,,4,4,芝2000,芝,2000,良,3.0,2,4.0,35.0,0.3,56,3-3-3-4,2:04.1,西村淳也,506(0),晴,3.0,3.0,3.0,4.0
2026-07-25-02-08,202607020108,2026-07-25,中京,8,香嵐渓特別,11,メイショウキンタイ,https://db.netkeiba.com/horse/2022100068/,2022100068,牡,4,58.0,和田陽,,,0,2025/12/21,5阪神6,3歳以上1勝クラス,,2,4,芝2200,芝,2200,重,11.0,8,22.7,37.0,1.5,53,9-8-13-12,2:14.2,和田陽希,474(-2),雨,9.0,8.0,13.0,12.0
2026-07-25-02-08,202607020108,2026-07-25,中京,8,香嵐渓特別,11,メイショウキンタイ,https://db.netkeiba.com/horse/2022100068/,2022100068,牡,4,58.0,和田陽,,,1,2025/11/23,4京都6,3歳以上1勝クラス,,8,18,芝2400,芝,2400,良,5.0,7,17.2,35.2,0.9,53,5-5-3-3,2:24.8,田山旺佑,476(-2),晴,5.0,5.0,3.0,3.0
2026-07-25-02-08,202607020108,2026-07-25,中京,8,香嵐渓特別,11,メイショウキンタイ,https://db.netkeiba.com/horse/2022100068/,2022100068,牡,4,58.0,和田陽,,,2,2025/10/26,4新潟4,3歳以上1勝クラス,,7,12,芝2000,芝,2000,稍,6.0,5,7.1,34.1,0.4,53,12-13,2:01.9,石神深道,478(+4),雨,12.0,13.0,,13.0
2026-07-25-02-08,202607020108,2026-07-25,中京,8,香嵐渓特別,11,メイショウキンタイ,https://db.netkeiba.com/horse/2022100068/,2022100068,牡,4,58.0,和田陽,,,3,2025/08/17,1札幌8,3歳未勝利,,4,7,芝2000,芝,2000,良,3.0,1,2.5,36.2,0.5,57,10-11-9-4,2:02.9,武豊,474(-2),雨,10.0,11.0,9.0,4.0
2026-07-25-02-08,202607020108,2026-07-25,中京,8,香嵐渓特別,11,メイショウキンタイ,https://db.netkeiba.com/horse/2022100068/,2022100068,牡,4,58.0,和田陽,,,4,2025/08/09,1札幌5,3歳未勝利,,1,1,芝2000,芝,2000,稍,4.0,1,2.4,35.9,0.9,57,8-8-8-8,2:03.0,武豊,476(0),晴,8.0,8.0,8.0,8.0
2026-07-25-02-08,202607020108,2026-07-25,中京,8,香嵐渓特別,11,メイショウキンタイ,https://db.netkeiba.com/horse/2022100068/,2022100068,牡,4,58.0,和田陽,,,5,2025/06/21,1函館3,3歳未勝利,,1,2,芝2000,芝,2000,良,2.0,2,2.9,36.0,0.4,57,7-6-5-3,2:00.6,武豊,476(+4),晴,7.0,6.0,5.0,3.0
2026-07-25-02-08,202607020108,2026-07-25,中京,8,香嵐渓特別,11,メイショウキンタイ,https://db.netkeiba.com/horse/2022100068/,2022100068,牡,4,58.0,和田陽,,,6,2025/05/25,2京都10,3歳未勝利,,1,1,芝2200,芝,2200,重,2.0,2,2.8,35.3,0.0,57,14-14-13-8,2:15.5,武豊,472(-6),曇,14.0,14.0,13.0,8.0
2026-07-25-02-08,202607020108,2026-07-25,中京,8,香嵐渓特別,11,メイショウキンタイ,https://db.netkeiba.com/horse/2022100068/,2022100068,牡,4,58.0,和田陽,,,7,2025/05/03,2京都3,3歳未勝利,,3,3,芝1800,芝,1800,稍,4.0,1,1.3,33.9,0.2,57,9-9,1:48.8,レーン,478(+8),晴,9.0,9.0,,9.0
2026-07-25-02-08,202607020108,2026-07-25,中京,8,香嵐渓特別,11,メイショウキンタイ,https://db.netkeiba.com/horse/2022100068/,2022100068,牡,4,58.0,和田陽,,,8,2025/04/13,2阪神6,3歳未勝利,,8,14,芝2000,芝,2000,良,2.0,1,2.0,34.9,0.0,57,5-6-4-3,2:01.9,モレイラ,470(-4),小雨,5.0,6.0,4.0,3.0
2026-07-25-02-08,202607020108,2026-07-25,中京,8,香嵐渓特別,11,メイショウキンタイ,https://db.netkeiba.com/horse/2022100068/,2022100068,牡,4,58.0,和田陽,,,9,2025/01/26,1中京9,3歳未勝利,,1,2,芝2200,芝,2200,良,2.0,1,2.6,35.3,0.0,57,5-5-4-4,2:15.5,角田大和,474(0),晴,5.0,5.0,4.0,4.0
2026-07-25-02-08,202607020108,2026-07-25,中京,8,香嵐渓特別,11,メイショウキンタイ,https://db.netkeiba.com/horse/2022100068/,2022100068,牡,4,58.0,和田陽,,,10,2025/01/06,1中京2,3歳未勝利,,5,10,芝2000,芝,2000,良,2.0,10,28.0,35.2,0.2,57,3-4-3-3,2:03.1,角田大和,474(+6),曇,3.0,4.0,3.0,3.0
2026-07-25-02-08,202607020108,2026-07-25,中京,8,香嵐渓特別,11,メイショウキンタイ,https://db.netkeiba.com/horse/2022100068/,2022100068,牡,4,58.0,和田陽,,,11,2024/11/03,6京都2,2歳未勝利,,4,4,芝2000,芝,2000,稍,,3,5.3,,,56,4-4,,岩田望来,468(-4),晴,4.0,4.0,,4.0
2026-07-25-02-08,202607020108,2026-07-25,中京,8,香嵐渓特別,11,メイショウキンタイ,https://db.netkeiba.com/horse/2022100068/,2022100068,牡,4,58.0,和田陽,,,12,2024/10/20,4新潟6,2歳未勝利,,3,3,芝2000,芝,2000,稍,2.0,2,3.3,36.5,0.1,56,3-2-3-3,2:03.3,角田大和,472(-4),晴,3.0,2.0,3.0,3.0
2026-07-25-02-08,202607020108,2026-07-25,中京,8,香嵐渓特別,11,メイショウキンタイ,https://db.netkeiba.com/horse/2022100068/,2022100068,牡,4,58.0,和田陽,,,13,2024/09/28,3中京8,2歳新馬,,7,14,芝2000,芝,2000,良,8.0,8,20.3,34.5,1.0,55,12-11-12-12,2:04.6,岩田望来,476(0),曇,12.0,11.0,12.0,12.0
2026-07-25-02-08,202607020108,2026-07-25,中京,8,香嵐渓特別,12,メイショウナルカミ,https://db.netkeiba.com/horse/2023106560/,2023106560,牡,3,55.0,川田,,,0,2026/03/29,1中京6,大寒桜賞(1勝クラス),,2,2,芝2200,芝,2200,良,7.0,2,2.8,39.5,6.1,57,5-5-6-7,2:20.2,川田将雅,490(-2),晴,5.0,5.0,6.0,7.0
2026-07-25-02-08,202607020108,2026-07-25,中京,8,香嵐渓特別,12,メイショウナルカミ,https://db.netkeiba.com/horse/2023106560/,2023106560,牡,3,55.0,川田,,,1,2026/03/15,1中京2,3歳未勝利,,1,1,芝2200,芝,2200,良,1.0,2,2.6,35.6,0.0,57,4-4-3-3,2:12.5,川田将雅,492(-6),晴,4.0,4.0,3.0,3.0
2026-07-25-02-08,202607020108,2026-07-25,中京,8,香嵐渓特別,12,メイショウナルカミ,https://db.netkeiba.com/horse/2023106560/,2023106560,牡,3,55.0,川田,,,2,2026/02/22,1小倉10,3歳未勝利,,8,13,芝2000,芝,2000,良,2.0,2,4.3,35.6,0.5,57,10-10-11-2,2:01.0,団野大成,498(+14),晴,10.0,10.0,11.0,2.0
2026-07-25-02-08,202607020108,2026-07-25,中京,8,香嵐渓特別,12,メイショウナルカミ,https://db.netkeiba.com/horse/2023106560/,2023106560,牡,3,55.0,川田,,,3,2025/09/06,4阪神1,2歳未勝利,,1,1,芝2000,芝,2000,良,2.0,2,2.9,35.5,0.7,55,4-4-4-3,2:01.6,川田将雅,484(0),晴,4.0,4.0,4.0,3.0
2026-07-25-02-08,202607020108,2026-07-25,中京,8,香嵐渓特別,12,メイショウナルカミ,https://db.netkeiba.com/horse/2023106560/,2023106560,牡,3,55.0,川田,,,4,2025/08/17,3中京8,2歳未勝利,,6,6,芝2000,芝,2000,良,2.0,2,5.3,34.7,0.5,55,2-2-2-2,2:01.2,川田将雅,484(-4),晴,2.0,2.0,2.0,2.0
2026-07-25-02-08,202607020108,2026-07-25,中京,8,香嵐渓特別,12,メイショウナルカミ,https://db.netkeiba.com/horse/2023106560/,2023106560,牡,3,55.0,川田,,,5,2025/08/03,3中京4,2歳未勝利,,3,3,芝2000,芝,2000,良,2.0,2,3.2,33.8,0.2,55,4-4-3-3,2:03.5,幸英明,488(0),晴,4.0,4.0,3.0,3.0
2026-07-25-02-08,202607020108,2026-07-25,中京,8,香嵐渓特別,12,メイショウナルカミ,https://db.netkeiba.com/horse/2023106560/,2023106560,牡,3,55.0,川田,,,6,2025/07/13,2小倉6,2歳新馬,,8,8,芝2000,芝,2000,良,4.0,3,8.5,35.6,1.2,55,3-3-3-3,2:06.3,幸英明,488(0),曇,3.0,3.0,3.0,3.0
2026-07-25-02-08,202607020108,2026-07-25,中京,8,香嵐渓特別,13,ロードフィレール,https://db.netkeiba.com/horse/2023105818/,2023105818,牡,3,55.0,武豊,,,0,2026/04/19,3中山8,皐月賞(GI),,4,7,芝2000,芝,2000,良,17.0,15,79.6,34.8,1.5,57,8-9-11-10,1:58.0,武豊,524(0),晴,8.0,9.0,11.0,10.0
2026-07-25-02-08,202607020108,2026-07-25,中京,8,香嵐渓特別,13,ロードフィレール,https://db.netkeiba.com/horse/2023105818/,2023105818,牡,3,55.0,武豊,,,1,2026/03/21,1阪神9,若葉S(L),,7,9,芝2000,芝,2000,良,2.0,6,12.4,34.7,0.4,57,2-2-2-2,1:58.9,坂井瑠星,524(+6),晴,2.0,2.0,2.0,2.0
2026-07-25-02-08,202607020108,2026-07-25,中京,8,香嵐渓特別,13,ロードフィレール,https://db.netkeiba.com/horse/2023105818/,2023105818,牡,3,55.0,武豊,,,2,2025/08/09,2新潟5,2歳未勝利,,7,7,芝2000,芝,2000,良,1.0,1,1.5,35.9,-0.7,55,2-3-4-4,2:01.6,戸崎圭太,518(+2),晴,2.0,3.0,4.0,4.0
2026-07-25-02-08,202607020108,2026-07-25,中京,8,香嵐渓特別,13,ロードフィレール,https://db.netkeiba.com/horse/2023105818/,2023105818,牡,3,55.0,武豊,,,3,2025/07/20,2小倉8,2歳新馬,,4,5,芝1800,芝,1800,良,2.0,4,13.5,35.2,0.1,54,5-4-4-4,1:52.6,吉村誠之,516(0),晴,5.0,4.0,4.0,4.0
2026-07-25-03-10,202601010110,2026-07-25,札幌,10,ライラック賞,1,アスクデッドヒート,https://db.netkeiba.com/horse/2022105839/,2022105839,牡,4,58.0,古川奈,,,0,2026/07/05,1函館8,横津岳特別(2勝クラス),,6,7,芝2600,芝,2600,良,2.0,3,7.7,34.9,0.2,55,8-7-5-5,2:40.3,古川奈穂,480(+6),曇,8.0,7.0,5.0,5.0
2026-07-25-03-10,202601010110,2026-07-25,札幌,10,ライラック賞,1,アスクデッドヒート,https://db.netkeiba.com/horse/2022105839/,2022105839,牡,4,58.0,古川奈,,,1,2026/05/31,2東京12,青嵐賞(2勝クラス),,1,1,芝2400,芝,2400,良,5.0,5,25.0,33.6,0.3,58,5-4-6-6,2:24.4,古川奈穂,474(-6),晴,5.0,4.0,6.0,6.0
2026-07-25-03-10,202601010110,2026-07-25,札幌,10,ライラック賞,1,アスクデッドヒート,https://db.netkeiba.com/horse/2022105839/,2022105839,牡,4,58.0,古川奈,,,2,2026/05/17,3京都8,白川特別(2勝クラス),,6,6,芝2400,芝,2400,良,5.0,3,7.7,34.2,0.4,58,7-7-7-9,2:22.6,古川奈穂,480(+6),晴,7.0,7.0,7.0,9.0
2026-07-25-03-10,202601010110,2026-07-25,札幌,10,ライラック賞,1,アスクデッドヒート,https://db.netkeiba.com/horse/2022105839/,2022105839,牡,4,58.0,古川奈,,,3,2026/04/26,1福島6,4歳以上1勝クラス,,7,10,芝2600,芝,2600,良,1.0,2,3.4,35.0,-0.4,56,6-5-3-2,2:37.9,古川奈穂,474(+4),晴,6.0,5.0,3.0,2.0
2026-07-25-03-10,202601010110,2026-07-25,札幌,10,ライラック賞,1,アスクデッドヒート,https://db.netkeiba.com/horse/2022105839/,2022105839,牡,4,58.0,古川奈,,,4,2026/02/28,1小倉11,脊振山特別(1勝クラス),,8,16,芝2600,芝,2600,稍,2.0,1,3.6,36.9,1.0,57,8-8-7-8,2:42.4,富田暁,470(0),晴,8.0,8.0,7.0,8.0
2026-07-25-03-10,202601010110,2026-07-25,札幌,10,ライラック賞,1,アスクデッドヒート,https://db.netkeiba.com/horse/2022105839/,2022105839,牡,4,58.0,古川奈,,,5,2026/02/15,1小倉8,4歳以上1勝クラス,,4,5,芝2600,芝,2600,稍,2.0,3,5.6,34.9,0.1,54,7-7-8-7,2:42.4,古川奈穂,470(+4),晴,7.0,7.0,8.0,7.0
2026-07-25-03-10,202601010110,2026-07-25,札幌,10,ライラック賞,1,アスクデッドヒート,https://db.netkeiba.com/horse/2022105839/,2022105839,牡,4,58.0,古川奈,,,6,2026/01/24,1小倉1,4歳以上1勝クラス,,4,7,芝2600,芝,2600,良,2.0,4,10.6,34.9,0.1,54,3-3-3-2,2:38.1,古川奈穂,466(-8),晴,3.0,3.0,3.0,2.0
2026-07-25-03-10,202601010110,2026-07-25,札幌,10,ライラック賞,1,アスクデッドヒート,https://db.netkeiba.com/horse/2022105839/,2022105839,牡,4,58.0,古川奈,,,7,2025/12/20,5中京5,ヤングJSFR中京1(1勝クラス),,6,12,芝2000,芝,2000,稍,4.0,8,20.8,35.1,0.5,57,10-10-10-9,2:00.6,石田拓郎,474(+2),小雨,10.0,10.0,10.0,9.0
2026-07-25-03-10,202601010110,2026-07-25,札幌,10,ライラック賞,1,アスクデッドヒート,https://db.netkeiba.com/horse/2022105839/,2022105839,牡,4,58.0,古川奈,,,8,2025/12/06,5中京1,3歳以上1勝クラス,,3,5,芝2000,芝,2000,良,12.0,12,42.9,34.0,0.9,54,14-15-15-12,1:59.9,古川奈穂,472(+8),晴,14.0,15.0,15.0,12.0
2026-07-25-03-10,202601010110,2026-07-25,札幌,10,ライラック賞,1,アスクデッドヒート,https://db.netkeiba.com/horse/2022105839/,2022105839,牡,4,58.0,古川奈,,,9,2025/08/31,2札幌4,北辰特別(1勝クラス),,3,4,芝2600,芝,2600,稍,7.0,8,17.1,37.2,1.3,55,10-11-9-12,2:44.1,古川奈穂,464(-8),曇,10.0,11.0,9.0,12.0
2026-07-25-03-10,202601010110,2026-07-25,札幌,10,ライラック賞,1,アスクデッドヒート,https://db.netkeiba.com/horse/2022105839/,2022105839,牡,4,58.0,古川奈,,,10,2025/08/10,1札幌6,3歳未勝利,,3,4,芝2600,芝,2600,良,1.0,2,4.4,36.4,-0.4,54,5-9-7-4,2:43.0,古川奈穂,472(+8),曇,5.0,9.0,7.0,4.0
2026-07-25-03-10,202601010110,2026-07-25,札幌,10,ライラック賞,1,アスクデッドヒート,https://db.netkeiba.com/horse/2022105839/,2022105839,牡,4,58.0,古川奈,,,11,2025/07/06,1函館8,3歳未勝利,,5,5,芝2000,芝,2000,稍,5.0,3,7.8,36.2,1.2,54,5-4-6-5,2:03.8,古川奈穂,464(-18),曇,5.0,4.0,6.0,5.0
2026-07-25-03-10,202601010110,2026-07-25,札幌,10,ライラック賞,1,アスクデッドヒート,https://db.netkeiba.com/horse/2022105839/,2022105839,牡,4,58.0,古川奈,,,12,2025/06/28,1函館5,3歳未勝利,,7,10,芝2000,芝,2000,稍,8.0,2,4.9,37.8,1.8,54,3-3-3-3,2:02.2,古川奈穂,482(+6),晴,3.0,3.0,3.0,3.0
2026-07-25-03-10,202601010110,2026-07-25,札幌,10,ライラック賞,1,アスクデッドヒート,https://db.netkeiba.com/horse/2022105839/,2022105839,牡,4,58.0,古川奈,,,13,2025/06/15,1函館2,3歳未勝利,,4,4,芝2600,芝,2600,良,2.0,1,2.7,36.0,0.9,54,2-2-3-2,2:38.2,古川奈穂,476(+8),晴,2.0,2.0,3.0,2.0
2026-07-25-03-10,202601010110,2026-07-25,札幌,10,ライラック賞,1,アスクデッドヒート,https://db.netkeiba.com/horse/2022105839/,2022105839,牡,4,58.0,古川奈,,,14,2025/03/22,1阪神7,3歳未勝利,,8,14,芝2400,芝,2400,良,2.0,2,3.0,34.0,0.1,57,3-3-3-2,2:33.3,坂井瑠星,468(-8),晴,3.0,3.0,3.0,2.0
2026-07-25-03-10,202601010110,2026-07-25,札幌,10,ライラック賞,1,アスクデッドヒート,https://db.netkeiba.com/horse/2022105839/,2022105839,牡,4,58.0,古川奈,,,15,2025/03/08,1阪神3,3歳未勝利,,6,6,芝2400,芝,2400,良,2.0,4,5.2,34.6,0.5,57,3-3-3-4,2:26.9,坂井瑠星,476(0),曇,3.0,3.0,3.0,4.0
2026-07-25-03-10,202601010110,2026-07-25,札幌,10,ライラック賞,1,アスクデッドヒート,https://db.netkeiba.com/horse/2022105839/,2022105839,牡,4,58.0,古川奈,,,16,2025/02/16,1京都6,3歳未勝利,,4,6,芝2000,芝,2000,稍,4.0,4,19.2,35.6,0.2,57,12-12-11-10,2:04.6,北村友一,476(-12),曇,12.0,12.0,11.0,10.0
2026-07-25-03-10,202601010110,2026-07-25,札幌,10,ライラック賞,1,アスクデッドヒート,https://db.netkeiba.com/horse/2022105839/,2022105839,牡,4,58.0,古川奈,,,17,2025/02/01,1京都1,3歳未勝利,,4,4,ダ1900,ダ,1900,良,5.0,5,22.7,38.5,1.1,57,4-4-4-5,2:02.5,北村友一,488(0),晴,4.0,4.0,4.0,5.0
2026-07-25-03-10,202601010110,2026-07-25,札幌,10,ライラック賞,1,アスクデッドヒート,https://db.netkeiba.com/horse/2022105839/,2022105839,牡,4,58.0,古川奈,,,18,2025/01/05,1中京1,3歳未勝利,,7,14,ダ1900,ダ,1900,良,8.0,9,52.1,39.6,1.1,54,10-8-6-6,2:03.3,古川奈穂,488(-6),晴,10.0,8.0,6.0,6.0
2026-07-25-03-10,202601010110,2026-07-25,札幌,10,ライラック賞,1,アスクデッドヒート,https://db.netkeiba.com/horse/2022105839/,2022105839,牡,4,58.0,古川奈,,,19,2024/12/14,5中山5,2歳新馬,,4,6,ダ1800,ダ,1800,良,6.0,2,4.7,39.9,1.3,56,5-5-9-8,1:58.3,ムーア,494(0),晴,5.0,5.0,9.0,8.0
2026-07-25-03-10,202601010110,2026-07-25,札幌,10,ライラック賞,2,ヴァイザーバルコ,https://db.netkeiba.com/horse/2020106694/,2020106694,セ,6,58.0,大野,,,0,2026/07/11,2福島5,信夫山特別(2勝クラス),,5,8,芝2600,芝,2600,良,13.0,10,59.0,37.1,2.1,58,13-13-11-12,2:39.5,大野拓弥,464(-6),曇,13.0,13.0,11.0,12.0
2026-07-25-03-10,202601010110,2026-07-25,札幌,10,ライラック賞,2,ヴァイザーバルコ,https://db.netkeiba.com/horse/2020106694/,2020106694,セ,6,58.0,大野,,,1,2026/04/19,1福島4,奥の細道特別(2勝クラス),,5,7,芝2600,芝,2600,良,6.0,5,8.3,36.1,0.6,58,3-3-4-4,2:38.2,大野拓弥,470(-6),晴,3.0,3.0,4.0,4.0
2026-07-25-03-10,202601010110,2026-07-25,札幌,10,ライラック賞,2,ヴァイザーバルコ,https://db.netkeiba.com/horse/2020106694/,2020106694,セ,6,58.0,大野,,,2,2026/03/07,2中山3,潮来特別(2勝クラス),,7,10,芝2500,芝,2500,稍,6.0,10,55.2,38.4,1.0,55,12-9-2-3,2:34.9,丸田恭介,476(+10),晴,12.0,9.0,2.0,3.0
2026-07-25-03-10,202601010110,2026-07-25,札幌,10,ライラック賞,2,ヴァイザーバルコ,https://db.netkeiba.com/horse/2020106694/,2020106694,セ,6,58.0,大野,,,3,2026/02/21,1小倉9,皿倉山特別(2勝クラス),,1,2,芝2600,芝,2600,良,12.0,10,30.7,36.2,1.1,58,7-7-11-12,2:40.2,角田大和,466(0),晴,7.0,7.0,11.0,12.0
2026-07-25-03-10,202601010110,2026-07-25,札幌,10,ライラック賞,2,ヴァイザーバルコ,https://db.netkeiba.com/horse/2020106694/,2020106694,セ,6,58.0,大野,,,4,2026/01/24,1小倉1,海の中道特別(2勝クラス),,7,7,芝2600,芝,2600,良,7.0,5,10.9,35.6,2.0,58,7-7-5-6,2:39.1,古川吉洋,466(-10),晴,7.0,7.0,5.0,6.0
2026-07-25-03-10,202601010110,2026-07-25,札幌,10,ライラック賞,2,ヴァイザーバルコ,https://db.netkeiba.com/horse/2020106694/,2020106694,セ,6,58.0,大野,,,5,2025/12/07,5中山2,3歳以上2勝クラス,,2,2,芝2500,芝,2500,良,8.0,6,15.0,35.3,1.7,58,9-9-6-8,2:32.2,丸田恭介,476(+8),晴,9.0,9.0,6.0,8.0
2026-07-25-03-10,202601010110,2026-07-25,札幌,10,ライラック賞,2,ヴァイザーバルコ,https://db.netkeiba.com/horse/2020106694/,2020106694,セ,6,58.0,大野,,,6,2025/11/16,3福島4,三陸特別(2勝クラス),,7,13,芝2600,芝,2600,良,4.0,7,12.7,34.8,0.4,58,13-14-10-6,2:41.8,武藤雅,468(-6),晴,13.0,14.0,10.0,6.0
2026-07-25-03-10,202601010110,2026-07-25,札幌,10,ライラック賞,2,ヴァイザーバルコ,https://db.netkeiba.com/horse/2020106694/,2020106694,セ,6,58.0,大野,,,7,2025/08/17,1札幌8,阿寒湖特別(2勝クラス),,5,8,芝2600,芝,2600,稍,2.0,9,33.4,36.3,0.5,58,11-11-9-3,2:43.7,古川吉洋,474(+2),曇,11.0,11.0,9.0,3.0
2026-07-25-03-10,202601010110,2026-07-25,札幌,10,ライラック賞,2,ヴァイザーバルコ,https://db.netkeiba.com/horse/2020106694/,2020106694,セ,6,58.0,大野,,,8,2025/07/26,1札幌1,ライラック賞(2勝クラス),,6,8,芝2600,芝,2600,良,5.0,4,6.8,35.7,0.7,58,12-12-11-6,2:40.6,古川吉洋,472(0),小雨,12.0,12.0,11.0,6.0
2026-07-25-03-10,202601010110,2026-07-25,札幌,10,ライラック賞,2,ヴァイザーバルコ,https://db.netkeiba.com/horse/2020106694/,2020106694,セ,6,58.0,大野,,,9,2025/06/01,2東京12,青嵐賞(2勝クラス),,1,2,芝2400,芝,2400,稍,10.0,11,62.0,34.7,1.0,58,14-14-15-15,2:24.8,松岡正海,472(+2),晴,14.0,14.0,15.0,15.0
2026-07-25-03-10,202601010110,2026-07-25,札幌,10,ライラック賞,2,ヴァイザーバルコ,https://db.netkeiba.com/horse/2020106694/,2020106694,セ,6,58.0,大野,,,10,2025/04/27,1福島6,燧ヶ岳特別(1勝クラス),,8,11,芝2600,芝,2600,良,1.0,4,6.0,35.2,0.0,58,10-9-5-4,2:38.6,丸田恭介,470(+8),晴,10.0,9.0,5.0,4.0
2026-07-25-03-10,202601010110,2026-07-25,札幌,10,ライラック賞,2,ヴァイザーバルコ,https://db.netkeiba.com/horse/2020106694/,2020106694,セ,6,58.0,大野,,,11,2025/04/12,1福島1,4歳以上1勝クラス,,2,3,芝2600,芝,2600,良,9.0,1,2.7,36.6,1.3,58,11-12-6-8,2:40.9,武藤雅,462(-6),曇,11.0,12.0,6.0,8.0
2026-07-25-03-10,202601010110,2026-07-25,札幌,10,ライラック賞,2,ヴァイザーバルコ,https://db.netkeiba.com/horse/2020106694/,2020106694,セ,6,58.0,大野,,,12,2025/03/23,2中山8,4歳以上1勝クラス,,5,9,芝2500,芝,2500,良,3.0,3,8.2,36.4,0.3,58,10-10-2-2,2:33.2,松岡正海,468(+6),晴,10.0,10.0,2.0,2.0
2026-07-25-03-10,202601010110,2026-07-25,札幌,10,ライラック賞,2,ヴァイザーバルコ,https://db.netkeiba.com/horse/2020106694/,2020106694,セ,6,58.0,大野,,,13,2025/03/01,1小倉11,脊振山特別(1勝クラス),,5,10,芝2600,芝,2600,良,2.0,4,6.3,36.3,0.2,58,12-12-2-2,2:41.5,古川吉洋,462(-8),曇,12.0,12.0,2.0,2.0
2026-07-25-03-10,202601010110,2026-07-25,札幌,10,ライラック賞,2,ヴァイザーバルコ,https://db.netkeiba.com/horse/2020106694/,2020106694,セ,6,58.0,大野,,,14,2025/02/16,1東京6,4歳以上1勝クラス,,7,14,芝2400,芝,2400,良,5.0,11,68.1,33.8,0.5,58,13-13-11-14,2:27.5,武藤雅,470(0),晴,13.0,13.0,11.0,14.0
2026-07-25-03-10,202601010110,2026-07-25,札幌,10,ライラック賞,2,ヴァイザーバルコ,https://db.netkeiba.com/horse/2020106694/,2020106694,セ,6,58.0,大野,,,15,2025/01/12,1中山4,4歳以上1勝クラス,,2,3,芝2200,芝,2200,良,6.0,8,29.4,35.1,0.5,58,10-12-9-8,2:13.7,武藤雅,470(+8),曇,10.0,12.0,9.0,8.0
2026-07-25-03-10,202601010110,2026-07-25,札幌,10,ライラック賞,2,ヴァイザーバルコ,https://db.netkeiba.com/horse/2020106694/,2020106694,セ,6,58.0,大野,,,16,2024/12/21,5中山7,ノエル賞(1勝クラス),,3,5,芝2200,芝,2200,良,7.0,10,78.0,34.6,1.3,58,17-17-17-15,2:13.0,武藤雅,462(-4),晴,17.0,17.0,17.0,15.0
2026-07-25-03-10,202601010110,2026-07-25,札幌,10,ライラック賞,2,ヴァイザーバルコ,https://db.netkeiba.com/horse/2020106694/,2020106694,セ,6,58.0,大野,,,17,2024/11/16,3福島5,3歳以上1勝クラス,,1,2,芝2000,芝,2000,良,10.0,11,33.7,35.5,0.9,58,13-15-16-14,2:01.4,大野拓弥,466(0),曇,13.0,15.0,16.0,14.0
2026-07-25-03-10,202601010110,2026-07-25,札幌,10,ライラック賞,2,ヴァイザーバルコ,https://db.netkeiba.com/horse/2020106694/,2020106694,セ,6,58.0,大野,,,18,2024/09/13,大井,C2三　四五(C2四),,5,7,ダ1400,ダ,1400,良,1.0,1,3.4,38.6,0.0,56,7-5-4,1:29.0,矢野貴之,466(+6),晴,7.0,5.0,4.0,4.0
2026-07-25-03-10,202601010110,2026-07-25,札幌,10,ライラック賞,2,ヴァイザーバルコ,https://db.netkeiba.com/horse/2020106694/,2020106694,セ,6,58.0,大野,,,19,2024/08/13,大井,ジャマイカ・ジョー賞(C2),,5,8,ダ1600,ダ,1600,良,1.0,3,3.7,39.6,0.0,56,4-5-3-3,1:43.6,矢野貴之,460(+1),晴,4.0,5.0,3.0,3.0
2026-07-25-03-10,202601010110,2026-07-25,札幌,10,ライラック賞,2,ヴァイザーバルコ,https://db.netkeiba.com/horse/2020106694/,2020106694,セ,6,58.0,大野,,,20,2024/07/29,大井,マイアミ賞(C2),,7,11,ダ1600,ダ,1600,良,1.0,2,5.1,39.3,0.0,56,3-3-3-2,1:44.3,矢野貴之,459(-6),晴,3.0,3.0,3.0,2.0
2026-07-25-03-10,202601010110,2026-07-25,札幌,10,ライラック賞,2,ヴァイザーバルコ,https://db.netkeiba.com/horse/2020106694/,2020106694,セ,6,58.0,大野,,,21,2024/07/12,大井,わし座特別競走(C2),,4,5,ダ1700,ダ,1700,重,8.0,6,9.1,42.0,1.3,56,2-2-2-3,1:52.3,矢野貴之,465(-1),雨,2.0,2.0,2.0,3.0
2026-07-25-03-10,202601010110,2026-07-25,札幌,10,ライラック賞,2,ヴァイザーバルコ,https://db.netkeiba.com/horse/2020106694/,2020106694,セ,6,58.0,大野,,,22,2024/06/26,大井,ヘラクレス座特別競走(C2),,1,1,ダ2000,ダ,2000,稍,5.0,3,4.6,42.5,1.2,56,11-11-4-4,2:14.7,吉原寛人,466(+3),曇,11.0,11.0,4.0,4.0
2026-07-25-03-10,202601010110,2026-07-25,札幌,10,ライラック賞,2,ヴァイザーバルコ,https://db.netkeiba.com/horse/2020106694/,2020106694,セ,6,58.0,大野,,,23,2024/03/18,大井,ニュートラックかみの(C2),,8,16,ダ1700,ダ,1700,良,12.0,6,17.1,42.2,2.7,56,5-5-5-8,1:53.8,和田譲治,463(-1),晴,5.0,5.0,5.0,8.0
2026-07-25-03-10,202601010110,2026-07-25,札幌,10,ライラック賞,2,ヴァイザーバルコ,https://db.netkeiba.com/horse/2020106694/,2020106694,セ,6,58.0,大野,,,24,2024/02/26,大井,梅花特別競走(C2),,4,6,ダ2000,ダ,2000,重,2.0,9,92.7,41.7,0.1,56,2-2-2-2,2:14.7,和田譲治,464(+3),晴,2.0,2.0,2.0,2.0
2026-07-25-03-10,202601010110,2026-07-25,札幌,10,ライラック賞,2,ヴァイザーバルコ,https://db.netkeiba.com/horse/2020106694/,2020106694,セ,6,58.0,大野,,,25,2024/02/12,大井,C217　1819(C218),,5,6,ダ1600,ダ,1600,稍,7.0,4,14.6,41.9,1.6,56,9-8-8-8,1:48.6,江里口裕,461(-8),晴,9.0,8.0,8.0,8.0
2026-07-25-03-10,202601010110,2026-07-25,札幌,10,ライラック賞,2,ヴァイザーバルコ,https://db.netkeiba.com/horse/2020106694/,2020106694,セ,6,58.0,大野,,,26,2024/01/21,大井,C217　18,,6,10,ダ1600,ダ,1600,不,6.0,5,18.9,42.3,1.0,56,9-9-8-7,1:48.3,江里口裕,469(-3),晴,9.0,9.0,8.0,7.0
2026-07-25-03-10,202601010110,2026-07-25,札幌,10,ライラック賞,2,ヴァイザーバルコ,https://db.netkeiba.com/horse/2020106694/,2020106694,セ,6,58.0,大野,,,27,2023/12/28,大井,3歳　103万,,7,7,ダ1600,ダ,1600,良,1.0,1,1.2,41.5,-0.6,56,2-2-1-1,1:48.5,江里口裕,472(-7),晴,2.0,2.0,1.0,1.0
2026-07-25-03-10,202601010110,2026-07-25,札幌,10,ライラック賞,2,ヴァイザーバルコ,https://db.netkeiba.com/horse/2020106694/,2020106694,セ,6,58.0,大野,,,28,2023/12/09,大井,3歳　60万円,,5,9,ダ1200,ダ,1200,良,3.0,4,18.0,39.8,0.2,56,6-5,1:17.6,江里口裕,479(-1),晴,6.0,5.0,,5.0
2026-07-25-03-10,202601010110,2026-07-25,札幌,10,ライラック賞,2,ヴァイザーバルコ,https://db.netkeiba.com/horse/2020106694/,2020106694,セ,6,58.0,大野,,,29,2023/12/05,大井,3歳　60万円,,5,9,ダ1200,ダ,1200,良,,,,,,56,,,江里口裕,計不,曇,,,,
2026-07-25-03-10,202601010110,2026-07-25,札幌,10,ライラック賞,2,ヴァイザーバルコ,https://db.netkeiba.com/horse/2020106694/,2020106694,セ,6,58.0,大野,,,30,2023/11/15,大井,3歳　67万円,,5,6,ダ1200,ダ,1200,良,3.0,6,27.8,40.1,2.0,56,6-6,1:18.2,江里口裕,480(0),曇,6.0,6.0,,6.0
2026-07-25-03-10,202601010110,2026-07-25,札幌,10,ライラック賞,3,ウェイクフィールド,https://db.netkeiba.com/horse/2023103500/,2023103500,牡,3,55.0,横山和,,,0,2026/06/13,1函館1,奥尻特別(1勝クラス),,6,6,芝2000,芝,2000,稍,1.0,5,9.2,35.6,-0.1,55,1-1-1-1,1:59.8,横山和生,486(0),晴,1.0,1.0,1.0,1.0
2026-07-25-03-10,202601010110,2026-07-25,札幌,10,ライラック賞,3,ウェイクフィールド,https://db.netkeiba.com/horse/2023103500/,2023103500,牡,3,55.0,横山和,,,1,2026/04/19,3中山8,3歳未勝利,,4,8,芝2000,芝,2000,良,1.0,3,4.5,35.2,-0.1,57,2-2-2-1,2:00.4,横山和生,486(+4),晴,2.0,2.0,2.0,1.0
2026-07-25-03-10,202601010110,2026-07-25,札幌,10,ライラック賞,3,ウェイクフィールド,https://db.netkeiba.com/horse/2023103500/,2023103500,牡,3,55.0,横山和,,,2,2026/01/24,1中山8,3歳未勝利,,3,5,芝2200,芝,2200,良,6.0,3,11.4,36.2,0.5,57,4-4-4-3,2:12.5,佐々木大,482(-10),晴,4.0,4.0,4.0,3.0
2026-07-25-03-10,202601010110,2026-07-25,札幌,10,ライラック賞,3,ウェイクフィールド,https://db.netkeiba.com/horse/2023103500/,2023103500,牡,3,55.0,横山和,,,3,2025/12/06,5中京1,2歳未勝利,,4,6,芝2000,芝,2000,良,8.0,5,16.2,34.7,1.4,56,11-11-11-10,2:02.7,小沢大仁,492(0),晴,11.0,11.0,11.0,10.0
2026-07-25-03-10,202601010110,2026-07-25,札幌,10,ライラック賞,3,ウェイクフィールド,https://db.netkeiba.com/horse/2023103500/,2023103500,牡,3,55.0,横山和,,,4,2025/11/24,3福島6,2歳新馬,,4,8,芝1800,芝,1800,良,8.0,4,5.4,34.7,0.9,56,7-7-7-7,1:51.5,高杉吏麒,492(0),晴,7.0,7.0,7.0,7.0
2026-07-25-03-10,202601010110,2026-07-25,札幌,10,ライラック賞,4,ジュンツバメガエシ,https://db.netkeiba.com/horse/2020103208/,2020103208,牡,6,58.0,岩田康,,,0,2026/07/05,1函館8,横津岳特別(2勝クラス),,6,6,芝2600,芝,2600,良,5.0,7,17.3,34.8,0.3,57,7-7-8-5,2:40.4,岩田康誠,514(+2),曇,7.0,7.0,8.0,5.0
2026-07-25-03-10,202601010110,2026-07-25,札幌,10,ライラック賞,4,ジュンツバメガエシ,https://db.netkeiba.com/horse/2020103208/,2020103208,牡,6,58.0,岩田康,,,1,2025/11/24,5東京6,南武特別(2勝クラス),,4,4,芝2400,芝,2400,良,3.0,2,4.3,34.6,0.3,58,7-6-6-5,2:23.6,Ｃ．デム,512(+6),晴,7.0,6.0,6.0,5.0
2026-07-25-03-10,202601010110,2026-07-25,札幌,10,ライラック賞,4,ジュンツバメガエシ,https://db.netkeiba.com/horse/2020103208/,2020103208,牡,6,58.0,岩田康,,,2,2025/11/01,4東京10,本栖湖特別(2勝クラス),,4,4,芝2400,芝,2400,良,2.0,3,7.0,34.1,0.4,57,2-2-2-2,2:25.2,戸崎圭太,506(-12),曇,2.0,2.0,2.0,2.0
2026-07-25-03-10,202601010110,2026-07-25,札幌,10,ライラック賞,4,ジュンツバメガエシ,https://db.netkeiba.com/horse/2020103208/,2020103208,牡,6,58.0,岩田康,,,3,2025/08/31,4中京4,美濃特別(2勝クラス),,5,5,芝2200,芝,2200,良,2.0,3,5.0,33.1,0.2,58,4-5-4-4,2:13.4,岩田望来,518(-2),晴,4.0,5.0,4.0,4.0
2026-07-25-03-10,202601010110,2026-07-25,札幌,10,ライラック賞,4,ジュンツバメガエシ,https://db.netkeiba.com/horse/2020103208/,2020103208,牡,6,58.0,岩田康,,,4,2025/07/27,3中京2,木曽川特別(2勝クラス),,5,5,芝2000,芝,2000,良,4.0,4,10.5,34.2,0.5,57,5-5-5-5,2:00.0,バデル,520(+8),晴,5.0,5.0,5.0,5.0
2026-07-25-03-10,202601010110,2026-07-25,札幌,10,ライラック賞,4,ジュンツバメガエシ,https://db.netkeiba.com/horse/2020103208/,2020103208,牡,6,58.0,岩田康,,,5,2025/06/01,2東京12,青嵐賞(2勝クラス),,7,14,芝2400,芝,2400,稍,7.0,5,14.5,35.5,0.8,58,5-5-3-3,2:24.6,川田将雅,512(+4),晴,5.0,5.0,3.0,3.0
2026-07-25-03-10,202601010110,2026-07-25,札幌,10,ライラック賞,4,ジュンツバメガエシ,https://db.netkeiba.com/horse/2020103208/,2020103208,牡,6,58.0,岩田康,,,6,2025/05/03,2東京3,4歳以上2勝クラス,,6,6,芝2400,芝,2400,良,2.0,2,2.6,32.9,0.1,58,3-3-3-3,2:28.4,川田将雅,508(-2),晴,3.0,3.0,3.0,3.0
2026-07-25-03-10,202601010110,2026-07-25,札幌,10,ライラック賞,4,ジュンツバメガエシ,https://db.netkeiba.com/horse/2020103208/,2020103208,牡,6,58.0,岩田康,,,7,2025/01/11,1中京3,渥美特別(2勝クラス),,6,8,芝2000,芝,2000,良,11.0,2,3.6,36.9,1.9,58,3-2-3-2,2:03.6,岩田望来,510(-4),晴,3.0,2.0,3.0,2.0
2026-07-25-03-10,202601010110,2026-07-25,札幌,10,ライラック賞,4,ジュンツバメガエシ,https://db.netkeiba.com/horse/2020103208/,2020103208,牡,6,58.0,岩田康,,,8,2024/12/28,7京都9,フォーチュンC(2勝クラス),,1,1,芝2000,芝,2000,良,2.0,3,4.7,34.8,0.0,57,7-7-8-6,2:00.7,岩田望来,514(+10),晴,7.0,7.0,8.0,6.0
2026-07-25-03-10,202601010110,2026-07-25,札幌,10,ライラック賞,4,ジュンツバメガエシ,https://db.netkeiba.com/horse/2020103208/,2020103208,牡,6,58.0,岩田康,,,9,2024/12/15,4中京6,一宮特別(2勝クラス),,3,3,芝2200,芝,2200,良,2.0,1,2.0,35.7,0.3,58,2-2-2-2,2:13.9,鮫島克駿,504(-2),晴,2.0,2.0,2.0,2.0
2026-07-25-03-10,202601010110,2026-07-25,札幌,10,ライラック賞,4,ジュンツバメガエシ,https://db.netkeiba.com/horse/2020103208/,2020103208,牡,6,58.0,岩田康,,,10,2024/09/29,3中京9,常滑特別(2勝クラス),,1,1,芝2000,芝,2000,稍,4.0,2,3.8,35.1,0.2,58,3-4-3-3,2:02.7,岩田望来,506(-10),曇,3.0,4.0,3.0,3.0
2026-07-25-03-10,202601010110,2026-07-25,札幌,10,ライラック賞,4,ジュンツバメガエシ,https://db.netkeiba.com/horse/2020103208/,2020103208,牡,6,58.0,岩田康,,,11,2024/08/31,3新潟7,赤倉特別(2勝クラス),,6,7,芝2000,芝,2000,稍,4.0,1,2.1,35.0,0.1,58,5-5,2:01.0,戸崎圭太,516(+14),曇,5.0,5.0,,5.0
2026-07-25-03-10,202601010110,2026-07-25,札幌,10,ライラック賞,4,ジュンツバメガエシ,https://db.netkeiba.com/horse/2020103208/,2020103208,牡,6,58.0,岩田康,,,12,2024/05/19,2東京10,4歳以上1勝クラス,,1,1,芝2400,芝,2400,良,1.0,1,1.9,34.4,-0.1,58,5-4-5-3,2:25.8,川田将雅,502(-2),曇,5.0,4.0,5.0,3.0
2026-07-25-03-10,202601010110,2026-07-25,札幌,10,ライラック賞,4,ジュンツバメガエシ,https://db.netkeiba.com/horse/2020103208/,2020103208,牡,6,58.0,岩田康,,,13,2024/04/27,3京都3,4歳以上1勝クラス,,1,1,芝2200,芝,2200,良,2.0,1,1.8,35.1,0.2,58,6-5-6-7,2:13.5,川田将雅,504(0),曇,6.0,5.0,6.0,7.0
2026-07-25-03-10,202601010110,2026-07-25,札幌,10,ライラック賞,4,ジュンツバメガエシ,https://db.netkeiba.com/horse/2020103208/,2020103208,牡,6,58.0,岩田康,,,14,2024/04/13,1福島3,4歳以上1勝クラス,,7,13,芝1800,芝,1800,良,5.0,1,2.5,35.9,0.2,58,3-5-5-6,1:48.2,石橋脩,504(+4),晴,3.0,5.0,5.0,6.0
2026-07-25-03-10,202601010110,2026-07-25,札幌,10,ライラック賞,4,ジュンツバメガエシ,https://db.netkeiba.com/horse/2020103208/,2020103208,牡,6,58.0,岩田康,,,15,2023/03/05,1阪神8,アルメリア賞(1勝クラス),,3,3,芝1800,芝,1800,良,2.0,2,2.5,35.0,0.1,56,3-3,1:46.3,坂井瑠星,500(+8),晴,3.0,3.0,,3.0
2026-07-25-03-10,202601010110,2026-07-25,札幌,10,ライラック賞,4,ジュンツバメガエシ,https://db.netkeiba.com/horse/2020103208/,2020103208,牡,6,58.0,岩田康,,,16,2022/12/28,5中山9,ホープフルS(GI),,8,17,芝2000,芝,2000,良,14.0,16,243.1,35.5,1.1,55,10-10-7-8,2:02.6,石川裕紀,492(-6),晴,10.0,10.0,7.0,8.0
2026-07-25-03-10,202601010110,2026-07-25,札幌,10,ライラック賞,4,ジュンツバメガエシ,https://db.netkeiba.com/horse/2020103208/,2020103208,牡,6,58.0,岩田康,,,17,2022/11/19,5阪神5,2歳未勝利,,2,2,芝2000,芝,2000,良,1.0,1,3.0,34.8,-0.1,55,7-4-3-4,2:02.3,Ｃ．デム,498(-6),晴,7.0,4.0,3.0,4.0
2026-07-25-03-10,202601010110,2026-07-25,札幌,10,ライラック賞,4,ジュンツバメガエシ,https://db.netkeiba.com/horse/2020103208/,2020103208,牡,6,58.0,岩田康,,,18,2022/08/21,2札幌4,2歳新馬,,5,5,芝2000,芝,2000,稍,2.0,2,4.2,37.7,0.1,54,2-2-2-1,2:06.4,横山武史,504(0),晴,2.0,2.0,2.0,1.0
2026-07-25-03-10,202601010110,2026-07-25,札幌,10,ライラック賞,5,ドッビアーコ,https://db.netkeiba.com/horse/2021110130/,2021110130,セ,5,58.0,古川吉,,,0,2026/06/27,1函館5,洞爺湖特別(2勝クラス),,8,11,芝2000,芝,2000,稍,9.0,10,37.6,35.7,1.0,58,7-7-10-11,2:01.1,古川吉洋,564(+10),晴,7.0,7.0,10.0,11.0
2026-07-25-03-10,202601010110,2026-07-25,札幌,10,ライラック賞,5,ドッビアーコ,https://db.netkeiba.com/horse/2021110130/,2021110130,セ,5,58.0,古川吉,,,1,2026/03/15,1阪神8,4歳以上2勝クラス,,2,2,ダ1800,ダ,1800,良,11.0,8,32.1,42.8,4.9,58,1-1-2-3,1:57.6,鮫島克駿,554(+2),曇,1.0,1.0,2.0,3.0
2026-07-25-03-10,202601010110,2026-07-25,札幌,10,ライラック賞,5,ドッビアーコ,https://db.netkeiba.com/horse/2021110130/,2021110130,セ,5,58.0,古川吉,,,2,2026/02/28,1小倉11,早鞆特別(2勝クラス),,6,11,ダ1700,ダ,1700,重,12.0,12,33.2,38.3,1.5,54,8-8-10-10,1:44.0,亀田温心,552(-2),晴,8.0,8.0,10.0,10.0
2026-07-25-03-10,202601010110,2026-07-25,札幌,10,ライラック賞,5,ドッビアーコ,https://db.netkeiba.com/horse/2021110130/,2021110130,セ,5,58.0,古川吉,,,3,2025/12/28,5阪神8,3歳以上2勝クラス,,4,5,ダ1800,ダ,1800,良,10.0,7,17.4,38.4,1.1,58,7-7-7-7,1:54.0,小沢大仁,554(+2),晴,7.0,7.0,7.0,7.0
2026-07-25-03-10,202601010110,2026-07-25,札幌,10,ライラック賞,5,ドッビアーコ,https://db.netkeiba.com/horse/2021110130/,2021110130,セ,5,58.0,古川吉,,,4,2025/09/28,4中山9,3歳以上2勝クラス,,3,6,ダ1800,ダ,1800,良,9.0,9,33.5,38.3,1.6,58,12-11-12-12,1:54.5,佐々木大,552(-12),晴,12.0,11.0,12.0,12.0
2026-07-25-03-10,202601010110,2026-07-25,札幌,10,ライラック賞,5,ドッビアーコ,https://db.netkeiba.com/horse/2021110130/,2021110130,セ,5,58.0,古川吉,,,5,2025/08/30,2札幌3,千歳特別(2勝クラス),,3,3,ダ1700,ダ,1700,重,6.0,8,18.9,39.1,1.9,58,4-4-4-6,1:44.8,佐々木大,564(+2),曇,4.0,4.0,4.0,6.0
2026-07-25-03-10,202601010110,2026-07-25,札幌,10,ライラック賞,5,ドッビアーコ,https://db.netkeiba.com/horse/2021110130/,2021110130,セ,5,58.0,古川吉,,,6,2025/05/10,2京都5,4歳以上2勝クラス,,8,9,ダ1800,ダ,1800,重,7.0,2,5.5,37.7,1.7,58,4-3-4-3,1:52.5,川田将雅,562(0),曇,4.0,3.0,4.0,3.0
2026-07-25-03-10,202601010110,2026-07-25,札幌,10,ライラック賞,5,ドッビアーコ,https://db.netkeiba.com/horse/2021110130/,2021110130,セ,5,58.0,古川吉,,,7,2025/01/26,1小倉2,4歳以上1勝クラス,,6,7,ダ1700,ダ,1700,良,1.0,3,5.9,36.7,-0.2,57,1-1-3-2,1:45.9,佐々木大,562(+24),晴,1.0,1.0,3.0,2.0
2026-07-25-03-10,202601010110,2026-07-25,札幌,10,ライラック賞,5,ドッビアーコ,https://db.netkeiba.com/horse/2021110130/,2021110130,セ,5,58.0,古川吉,,,8,2024/10/27,4新潟8,3歳以上1勝クラス,,7,7,ダ1800,ダ,1800,良,7.0,1,2.7,38.3,1.5,56,10-10-8-7,1:54.2,斎藤新,538(-10),晴,10.0,10.0,8.0,7.0
2026-07-25-03-10,202601010110,2026-07-25,札幌,10,ライラック賞,5,ドッビアーコ,https://db.netkeiba.com/horse/2021110130/,2021110130,セ,5,58.0,古川吉,,,9,2024/08/11,2札幌2,3歳以上1勝クラス,,2,2,ダ1700,ダ,1700,良,3.0,1,3.1,38.9,0.9,55,9-8-7-4,1:46.8,鮫島克駿,548(+2),晴,9.0,8.0,7.0,4.0
2026-07-25-03-10,202601010110,2026-07-25,札幌,10,ライラック賞,5,ドッビアーコ,https://db.netkeiba.com/horse/2021110130/,2021110130,セ,5,58.0,古川吉,,,10,2024/07/27,1札幌3,3歳以上1勝クラス,,6,9,ダ1700,ダ,1700,良,2.0,5,10.4,37.4,0.1,55,7-7-6-5,1:46.2,鮫島克駿,546(+12),曇,7.0,7.0,6.0,5.0
2026-07-25-03-10,202601010110,2026-07-25,札幌,10,ライラック賞,5,ドッビアーコ,https://db.netkeiba.com/horse/2021110130/,2021110130,セ,5,58.0,古川吉,,,11,2024/04/28,3京都4,3歳1勝クラス,,3,3,ダ1400,ダ,1400,良,5.0,3,10.5,38.1,1.6,57,7-5,1:25.1,鮫島克駿,534(-4),晴,7.0,5.0,,5.0
2026-07-25-03-10,202601010110,2026-07-25,札幌,10,ライラック賞,5,ドッビアーコ,https://db.netkeiba.com/horse/2021110130/,2021110130,セ,5,58.0,古川吉,,,12,2024/04/06,2阪神5,3歳未勝利,,3,5,ダ1400,ダ,1400,稍,1.0,2,4.5,37.7,-0.3,57,5-4,1:25.4,ムルザバ,538(+8),晴,5.0,4.0,,4.0
2026-07-25-03-10,202601010110,2026-07-25,札幌,10,ライラック賞,5,ドッビアーコ,https://db.netkeiba.com/horse/2021110130/,2021110130,セ,5,58.0,古川吉,,,13,2024/01/14,1京都5,3歳未勝利,,4,4,ダ1900,ダ,1900,良,6.0,2,4.2,40.9,1.5,57,1-1-1-1,2:03.3,松山弘平,530(+4),晴,1.0,1.0,1.0,1.0
2026-07-25-03-10,202601010110,2026-07-25,札幌,10,ライラック賞,5,ドッビアーコ,https://db.netkeiba.com/horse/2021110130/,2021110130,セ,5,58.0,古川吉,,,14,2023/12/24,5阪神8,2歳未勝利,,7,13,ダ1800,ダ,1800,良,3.0,1,3.1,39.8,0.3,56,3-3-3-3,1:56.6,西村淳也,526(+8),晴,3.0,3.0,3.0,3.0
2026-07-25-03-10,202601010110,2026-07-25,札幌,10,ライラック賞,5,ドッビアーコ,https://db.netkeiba.com/horse/2021110130/,2021110130,セ,5,58.0,古川吉,,,15,2023/10/14,4東京4,2歳未勝利,,7,8,ダ1600,ダ,1600,良,4.0,2,2.8,39.3,0.2,56,3-3,1:39.4,松山弘平,518(0),曇,3.0,3.0,,3.0
2026-07-25-03-10,202601010110,2026-07-25,札幌,10,ライラック賞,5,ドッビアーコ,https://db.netkeiba.com/horse/2021110130/,2021110130,セ,5,58.0,古川吉,,,16,2023/09/24,4阪神7,2歳新馬,,2,2,ダ1800,ダ,1800,良,4.0,5,18.2,38.4,0.9,55,7-6-7-7,1:57.4,松山弘平,518(0),晴,7.0,6.0,7.0,7.0
2026-07-25-03-10,202601010110,2026-07-25,札幌,10,ライラック賞,6,バースライト,https://db.netkeiba.com/horse/2022104692/,2022104692,牡,4,58.0,浜中,,,0,2026/07/05,1函館8,横津岳特別(2勝クラス),,8,11,芝2600,芝,2600,良,3.0,2,7.4,35.4,0.3,56,1-1-2-2,2:40.4,浜中俊,516(+10),曇,1.0,1.0,2.0,2.0
2026-07-25-03-10,202601010110,2026-07-25,札幌,10,ライラック賞,6,バースライト,https://db.netkeiba.com/horse/2022104692/,2022104692,牡,4,58.0,浜中,,,1,2026/02/28,1小倉11,脊振山特別(1勝クラス),,6,12,芝2600,芝,2600,稍,1.0,6,9.0,36.5,-1.0,57,2-2-2-1,2:41.4,吉田隼人,506(-2),晴,2.0,2.0,2.0,1.0
2026-07-25-03-10,202601010110,2026-07-25,札幌,10,ライラック賞,6,バースライト,https://db.netkeiba.com/horse/2022104692/,2022104692,牡,4,58.0,浜中,,,2,2025/12/20,5中京5,ヤングJSFR中京1(1勝クラス),,2,4,芝2000,芝,2000,稍,5.0,7,11.9,34.1,0.5,57,14-14-16-16,2:00.6,松本一心,508(0),小雨,14.0,14.0,16.0,16.0
2026-07-25-03-10,202601010110,2026-07-25,札幌,10,ライラック賞,6,バースライト,https://db.netkeiba.com/horse/2022104692/,2022104692,牡,4,58.0,浜中,,,3,2025/10/26,4新潟4,3歳以上1勝クラス,,8,11,ダ1800,ダ,1800,稍,10.0,2,4.4,39.7,2.7,56,8-8-7-8,1:55.0,鮫島克駿,508(-6),雨,8.0,8.0,7.0,8.0
2026-07-25-03-10,202601010110,2026-07-25,札幌,10,ライラック賞,6,バースライト,https://db.netkeiba.com/horse/2022104692/,2022104692,牡,4,58.0,浜中,,,4,2025/10/13,3京都5,3歳以上1勝クラス,,7,10,ダ1900,ダ,1900,良,5.0,5,7.1,39.3,1.0,56,2-2-3-3,2:00.8,戸崎圭太,514(+8),曇,2.0,2.0,3.0,3.0
2026-07-25-03-10,202601010110,2026-07-25,札幌,10,ライラック賞,6,バースライト,https://db.netkeiba.com/horse/2022104692/,2022104692,牡,4,58.0,浜中,,,5,2025/06/28,2小倉1,八代特別(1勝クラス),,6,6,芝2000,芝,2000,良,4.0,3,4.6,36.8,0.7,55,7-7-2-1,2:00.8,浜中俊,506(+2),晴,7.0,7.0,2.0,1.0
2026-07-25-03-10,202601010110,2026-07-25,札幌,10,ライラック賞,6,バースライト,https://db.netkeiba.com/horse/2022104692/,2022104692,牡,4,58.0,浜中,,,6,2025/02/09,1東京4,ゆりかもめ賞(1勝クラス),,7,9,芝2400,芝,2400,良,10.0,8,21.2,35.0,1.4,57,11-6-4-3,2:29.2,浜中俊,504(-2),晴,11.0,6.0,4.0,3.0
2026-07-25-03-10,202601010110,2026-07-25,札幌,10,ライラック賞,6,バースライト,https://db.netkeiba.com/horse/2022104692/,2022104692,牡,4,58.0,浜中,,,7,2024/12/08,5中山4,2歳新馬,,2,4,芝1800,芝,1800,良,1.0,1,1.9,35.2,-0.2,56,10-10-4-4,1:49.4,浜中俊,506(0),晴,10.0,10.0,4.0,4.0
2026-07-25-03-10,202601010110,2026-07-25,札幌,10,ライラック賞,7,ボンドロア,https://db.netkeiba.com/horse/2022105485/,2022105485,牡,4,58.0,角田和,,,0,2026/06/28,2小倉2,帆柱山特別(2勝クラス),,4,4,芝2600,芝,2600,良,8.0,5,8.1,35.3,1.0,58,2-2-2-2,2:44.3,角田大和,462(-4),晴,2.0,2.0,2.0,2.0
2026-07-25-03-10,202601010110,2026-07-25,札幌,10,ライラック賞,7,ボンドロア,https://db.netkeiba.com/horse/2022105485/,2022105485,牡,4,58.0,角田和,,,1,2026/02/21,1小倉9,皿倉山特別(2勝クラス),,4,8,芝2600,芝,2600,良,10.0,3,7.7,36.8,0.9,57,1-1-1-1,2:40.0,太宰啓介,466(0),晴,1.0,1.0,1.0,1.0
2026-07-25-03-10,202601010110,2026-07-25,札幌,10,ライラック賞,7,ボンドロア,https://db.netkeiba.com/horse/2022105485/,2022105485,牡,4,58.0,角田和,,,2,2026/01/31,2京都1,許波多特別(2勝クラス),,6,6,芝2400,芝,2400,良,4.0,1,2.9,34.6,0.2,56,2-2-2-2,2:26.3,太宰啓介,466(+2),晴,2.0,2.0,2.0,2.0
2026-07-25-03-10,202601010110,2026-07-25,札幌,10,ライラック賞,7,ボンドロア,https://db.netkeiba.com/horse/2022105485/,2022105485,牡,4,58.0,角田和,,,3,2026/01/12,1京都5,琵琶湖特別(2勝クラス),,3,3,芝2400,芝,2400,良,2.0,9,30.2,34.9,0.1,57,4-4-3-3,2:24.8,太宰啓介,464(-6),晴,4.0,4.0,3.0,3.0
2026-07-25-03-10,202601010110,2026-07-25,札幌,10,ライラック賞,7,ボンドロア,https://db.netkeiba.com/horse/2022105485/,2022105485,牡,4,58.0,角田和,,,4,2025/12/28,5中山8,グッドラックH(2勝クラス),,1,1,芝2500,芝,2500,良,13.0,5,11.8,39.9,3.8,54,1-1-1-2,2:37.4,横山典弘,470(+6),晴,1.0,1.0,1.0,2.0
2026-07-25-03-10,202601010110,2026-07-25,札幌,10,ライラック賞,7,ボンドロア,https://db.netkeiba.com/horse/2022105485/,2022105485,牡,4,58.0,角田和,,,5,2025/09/21,4阪神7,神戸新聞杯(GII),,7,7,芝2400,芝,2400,良,10.0,8,37.7,34.7,1.6,57,1-1-1-1,2:28.0,横山典弘,464(-12),曇,1.0,1.0,1.0,1.0
2026-07-25-03-10,202601010110,2026-07-25,札幌,10,ライラック賞,7,ボンドロア,https://db.netkeiba.com/horse/2022105485/,2022105485,牡,4,58.0,角田和,,,6,2025/08/31,2札幌4,北辰特別(1勝クラス),,1,1,芝2600,芝,2600,稍,1.0,7,16.5,36.4,-0.5,55,4-4-4-3,2:42.8,横山典弘,476(+6),曇,4.0,4.0,4.0,3.0
2026-07-25-03-10,202601010110,2026-07-25,札幌,10,ライラック賞,7,ボンドロア,https://db.netkeiba.com/horse/2022105485/,2022105485,牡,4,58.0,角田和,,,7,2025/08/03,1札幌4,積丹特別(1勝クラス),,8,8,芝2600,芝,2600,良,4.0,3,4.0,35.7,0.8,55,1-1-1-1,2:45.3,横山典弘,470(0),晴,1.0,1.0,1.0,1.0
2026-07-25-03-10,202601010110,2026-07-25,札幌,10,ライラック賞,7,ボンドロア,https://db.netkeiba.com/horse/2022105485/,2022105485,牡,4,58.0,角田和,,,8,2025/06/22,3阪神6,3歳未勝利,,2,2,芝2400,芝,2400,良,1.0,3,5.7,35.0,-0.3,57,1-1-1-1,2:25.9,横山典弘,470(+2),晴,1.0,1.0,1.0,1.0
2026-07-25-03-10,202601010110,2026-07-25,札幌,10,ライラック賞,7,ボンドロア,https://db.netkeiba.com/horse/2022105485/,2022105485,牡,4,58.0,角田和,,,9,2025/05/25,2京都10,3歳未勝利,,7,12,芝2200,芝,2200,重,4.0,4,9.8,36.7,1.0,57,3-3-4-4,2:16.5,横山典弘,468(-2),曇,3.0,3.0,4.0,4.0
2026-07-25-03-10,202601010110,2026-07-25,札幌,10,ライラック賞,7,ボンドロア,https://db.netkeiba.com/horse/2022105485/,2022105485,牡,4,58.0,角田和,,,10,2025/05/11,2京都6,3歳未勝利,,5,6,芝2200,芝,2200,良,3.0,6,14.0,34.7,0.1,57,1-1-1-1,2:15.8,横山典弘,470(+4),曇,1.0,1.0,1.0,1.0
2026-07-25-03-10,202601010110,2026-07-25,札幌,10,ライラック賞,7,ボンドロア,https://db.netkeiba.com/horse/2022105485/,2022105485,牡,4,58.0,角田和,,,11,2025/04/20,2阪神8,3歳未勝利,,8,17,芝1800,芝,1800,良,8.0,8,34.3,35.3,1.1,57,9-8,1:47.3,横山典弘,466(+4),曇,9.0,8.0,,8.0
2026-07-25-03-10,202601010110,2026-07-25,札幌,10,ライラック賞,7,ボンドロア,https://db.netkeiba.com/horse/2022105485/,2022105485,牡,4,58.0,角田和,,,12,2025/02/01,1京都1,3歳未勝利,,8,9,芝1800,芝,1800,良,5.0,7,88.3,35.0,1.5,57,8-7,1:48.6,太宰啓介,462(0),曇,8.0,7.0,,7.0
2026-07-25-03-10,202601010110,2026-07-25,札幌,10,ライラック賞,8,ライフセービング,https://db.netkeiba.com/horse/2021105285/,2021105285,牡,5,58.0,古川吉,,,0,2026/07/05,1函館8,横津岳特別(2勝クラス),,8,10,芝2600,芝,2600,良,7.0,9,38.0,35.0,0.7,55,9-9-10-10,2:40.8,古川吉洋,462(-6),曇,9.0,9.0,10.0,10.0
2026-07-25-03-10,202601010110,2026-07-25,札幌,10,ライラック賞,8,ライフセービング,https://db.netkeiba.com/horse/2021105285/,2021105285,牡,5,58.0,古川吉,,,1,2026/03/21,1阪神9,淡路特別(2勝クラス),,4,4,芝2600,芝,2600,良,5.0,8,68.8,34.0,0.2,58,6-6-6-7,2:39.8,古川吉洋,468(+2),晴,6.0,6.0,6.0,7.0
2026-07-25-03-10,202601010110,2026-07-25,札幌,10,ライラック賞,8,ライフセービング,https://db.netkeiba.com/horse/2021105285/,2021105285,牡,5,58.0,古川吉,,,2,2026/03/07,1阪神5,千里山特別(2勝クラス),,7,7,芝2000,芝,2000,良,7.0,6,20.7,35.0,1.6,55,7-7-8-6,2:02.6,古川吉洋,466(-4),曇,7.0,7.0,8.0,6.0
2026-07-25-03-10,202601010110,2026-07-25,札幌,10,ライラック賞,8,ライフセービング,https://db.netkeiba.com/horse/2021105285/,2021105285,牡,5,58.0,古川吉,,,3,2026/01/12,1京都5,琵琶湖特別(2勝クラス),,6,7,芝2400,芝,2400,良,9.0,8,27.8,35.6,1.4,58,11-11-11-9,2:26.1,岩田康誠,470(+10),晴,11.0,11.0,11.0,9.0
2026-07-25-03-10,202601010110,2026-07-25,札幌,10,ライラック賞,8,ライフセービング,https://db.netkeiba.com/horse/2021105285/,2021105285,牡,5,58.0,古川吉,,,4,2025/12/20,5阪神5,境港特別(2勝クラス),,2,2,芝2400,芝,2400,良,4.0,4,21.6,33.2,0.7,58,5-5-5-5,2:27.4,岩田康誠,460(+6),晴,5.0,5.0,5.0,5.0
2026-07-25-03-10,202601010110,2026-07-25,札幌,10,ライラック賞,8,ライフセービング,https://db.netkeiba.com/horse/2021105285/,2021105285,牡,5,58.0,古川吉,,,5,2025/10/18,3京都6,清滝特別(2勝クラス),,7,7,芝2200,芝,2200,良,7.0,5,22.4,33.7,1.4,58,8-8-8-8,2:15.1,岩田康誠,454(+4),曇,8.0,8.0,8.0,8.0
2026-07-25-03-10,202601010110,2026-07-25,札幌,10,ライラック賞,8,ライフセービング,https://db.netkeiba.com/horse/2021105285/,2021105285,牡,5,58.0,古川吉,,,6,2025/09/28,4阪神9,兵庫特別(2勝クラス),,5,6,芝2400,芝,2400,良,7.0,5,13.8,34.2,1.3,56,8-8-9-8,2:27.1,田口貫太,450(-4),曇,8.0,8.0,9.0,8.0
2026-07-25-03-10,202601010110,2026-07-25,札幌,10,ライラック賞,8,ライフセービング,https://db.netkeiba.com/horse/2021105285/,2021105285,牡,5,58.0,古川吉,,,7,2025/08/17,1札幌8,阿寒湖特別(2勝クラス),,8,14,芝2600,芝,2600,稍,5.0,5,11.3,36.3,1.1,58,13-13-11-10,2:44.3,鮫島克駿,454(-4),曇,13.0,13.0,11.0,10.0
2026-07-25-03-10,202601010110,2026-07-25,札幌,10,ライラック賞,8,ライフセービング,https://db.netkeiba.com/horse/2021105285/,2021105285,牡,5,58.0,古川吉,,,8,2025/07/26,1札幌1,ライラック賞(2勝クラス),,6,9,芝2600,芝,2600,良,4.0,7,13.2,35.6,0.6,58,11-11-11-10,2:40.5,鮫島克駿,458(+6),小雨,11.0,11.0,11.0,10.0
2026-07-25-03-10,202601010110,2026-07-25,札幌,10,ライラック賞,8,ライフセービング,https://db.netkeiba.com/horse/2021105285/,2021105285,牡,5,58.0,古川吉,,,9,2025/05/10,2京都5,鴨川特別(2勝クラス),,4,4,芝2000,芝,2000,稍,3.0,2,4.4,34.6,0.6,58,7-7-7-7,2:01.7,田口貫太,452(-4),曇,7.0,7.0,7.0,7.0
2026-07-25-03-10,202601010110,2026-07-25,札幌,10,ライラック賞,8,ライフセービング,https://db.netkeiba.com/horse/2021105285/,2021105285,牡,5,58.0,古川吉,,,10,2025/04/20,2阪神8,蓬莱峡特別(2勝クラス),,6,6,芝2000,芝,2000,良,2.0,8,34.9,34.4,0.1,58,7-7-6-7,2:00.0,田口貫太,456(-2),曇,7.0,7.0,6.0,7.0
2026-07-25-03-10,202601010110,2026-07-25,札幌,10,ライラック賞,8,ライフセービング,https://db.netkeiba.com/horse/2021105285/,2021105285,牡,5,58.0,古川吉,,,11,2025/03/29,2中京5,熊野特別(2勝クラス),,4,4,芝2200,芝,2200,稍,6.0,4,4.7,37.8,1.5,57,9-9-9-9,2:14.9,鮫島克駿,458(-2),晴,9.0,9.0,9.0,9.0
2026-07-25-03-10,202601010110,2026-07-25,札幌,10,ライラック賞,8,ライフセービング,https://db.netkeiba.com/horse/2021105285/,2021105285,牡,5,58.0,古川吉,,,12,2025/03/15,2中京1,恋路ケ浜特別(2勝クラス),,8,13,芝2000,芝,2000,良,9.0,9,29.1,34.9,0.8,58,10-12-12-11,2:01.7,鮫島克駿,460(-2),小雨,10.0,12.0,12.0,11.0
2026-07-25-03-10,202601010110,2026-07-25,札幌,10,ライラック賞,8,ライフセービング,https://db.netkeiba.com/horse/2021105285/,2021105285,牡,5,58.0,古川吉,,,13,2025/02/16,1京都6,春日特別(2勝クラス),,8,8,芝2000,芝,2000,稍,3.0,7,42.6,35.1,0.5,57,8-8-9-7,2:03.1,西村淳也,462(+4),曇,8.0,8.0,9.0,7.0
2026-07-25-03-10,202601010110,2026-07-25,札幌,10,ライラック賞,8,ライフセービング,https://db.netkeiba.com/horse/2021105285/,2021105285,牡,5,58.0,古川吉,,,14,2025/01/26,1中京9,茶臼山高原特別(2勝クラス),,6,6,芝2000,芝,2000,良,4.0,5,24.5,35.1,0.6,55,8-7-8-7,2:01.9,西村淳也,458(+8),晴,8.0,7.0,8.0,7.0
2026-07-25-03-10,202601010110,2026-07-25,札幌,10,ライラック賞,8,ライフセービング,https://db.netkeiba.com/horse/2021105285/,2021105285,牡,5,58.0,古川吉,,,15,2024/12/15,4中京6,一宮特別(2勝クラス),,7,7,芝2200,芝,2200,良,4.0,4,7.5,36.0,0.7,56,5-4-2-2,2:14.3,西村淳也,450(+10),晴,5.0,4.0,2.0,2.0
2026-07-25-03-10,202601010110,2026-07-25,札幌,10,ライラック賞,8,ライフセービング,https://db.netkeiba.com/horse/2021105285/,2021105285,牡,5,58.0,古川吉,,,16,2024/09/15,3中京4,茶臼山高原特別(2勝クラス),,5,5,芝2200,芝,2200,稍,6.0,5,30.8,36.1,1.7,54,3-3-3-3,2:14.1,鮫島克駿,440(-10),曇,3.0,3.0,3.0,3.0
2026-07-25-03-10,202601010110,2026-07-25,札幌,10,ライラック賞,8,ライフセービング,https://db.netkeiba.com/horse/2021105285/,2021105285,牡,5,58.0,古川吉,,,17,2024/08/17,2札幌3,札幌日刊スポーツ杯(2勝クラス),,4,5,芝2600,芝,2600,良,7.0,8,21.1,36.0,1.1,54,14-14-13-12,2:41.6,古川吉洋,450(-2),曇,14.0,14.0,13.0,12.0
2026-07-25-03-10,202601010110,2026-07-25,札幌,10,ライラック賞,8,ライフセービング,https://db.netkeiba.com/horse/2021105285/,2021105285,牡,5,58.0,古川吉,,,18,2024/07/27,1札幌3,積丹特別(1勝クラス),,8,9,芝2600,芝,2600,良,1.0,2,4.3,34.9,-0.1,55,9-9-6-5,2:42.3,鮫島克駿,452(-2),曇,9.0,9.0,6.0,5.0
2026-07-25-03-10,202601010110,2026-07-25,札幌,10,ライラック賞,8,ライフセービング,https://db.netkeiba.com/horse/2021105285/,2021105285,牡,5,58.0,古川吉,,,19,2024/05/04,3京都5,京都新聞杯(GII),,6,11,芝2200,芝,2200,良,9.0,15,235.6,34.1,1.1,57,12-13-13-14,2:12.3,田口貫太,454(-6),晴,12.0,13.0,13.0,14.0
2026-07-25-03-10,202601010110,2026-07-25,札幌,10,ライラック賞,8,ライフセービング,https://db.netkeiba.com/horse/2021105285/,2021105285,牡,5,58.0,古川吉,,,20,2024/04/14,2阪神8,3歳未勝利,,7,13,芝2200,芝,2200,良,1.0,4,9.8,34.8,-0.2,54,10-10-12-11,2:13.1,吉村誠之,460(+4),晴,10.0,10.0,12.0,11.0
2026-07-25-03-10,202601010110,2026-07-25,札幌,10,ライラック賞,8,ライフセービング,https://db.netkeiba.com/horse/2021105285/,2021105285,牡,5,58.0,古川吉,,,21,2024/03/23,2阪神1,3歳未勝利,,1,1,芝2000,芝,2000,重,3.0,4,11.4,35.9,0.2,57,4-5-4-3,2:04.3,藤岡康太,456(0),雨,4.0,5.0,4.0,3.0
2026-07-25-03-10,202601010110,2026-07-25,札幌,10,ライラック賞,8,ライフセービング,https://db.netkeiba.com/horse/2021105285/,2021105285,牡,5,58.0,古川吉,,,22,2024/03/09,1中京1,3歳未勝利,,4,4,芝2000,芝,2000,良,5.0,3,4.6,35.2,0.6,57,9-9-8-8,2:03.9,藤岡康太,456(+8),晴,9.0,9.0,8.0,8.0
2026-07-25-03-10,202601010110,2026-07-25,札幌,10,ライラック賞,8,ライフセービング,https://db.netkeiba.com/horse/2021105285/,2021105285,牡,5,58.0,古川吉,,,23,2024/02/18,2小倉4,3歳未勝利,,8,17,芝2000,芝,2000,良,4.0,4,8.5,36.5,0.3,56,10-11-7-3,2:01.0,秋山稔樹,448(-4),晴,10.0,11.0,7.0,3.0
2026-07-25-03-10,202601010110,2026-07-25,札幌,10,ライラック賞,8,ライフセービング,https://db.netkeiba.com/horse/2021105285/,2021105285,牡,5,58.0,古川吉,,,24,2023/12/28,5阪神9,2歳未勝利,,8,14,芝1800,芝,1800,良,8.0,4,13.2,35.3,1.0,56,5-5,1:49.0,藤岡康太,452(+8),晴,5.0,5.0,,5.0
2026-07-25-03-10,202601010110,2026-07-25,札幌,10,ライラック賞,8,ライフセービング,https://db.netkeiba.com/horse/2021105285/,2021105285,牡,5,58.0,古川吉,,,25,2023/12/09,5阪神3,2歳未勝利,,4,4,芝2000,芝,2000,良,4.0,6,14.6,35.7,0.4,56,7-7-5-3,2:00.8,藤岡康太,444(-2),晴,7.0,7.0,5.0,3.0
2026-07-25-03-10,202601010110,2026-07-25,札幌,10,ライラック賞,8,ライフセービング,https://db.netkeiba.com/horse/2021105285/,2021105285,牡,5,58.0,古川吉,,,26,2023/10/22,4新潟4,2歳未勝利,,1,1,芝1800,芝,1800,重,4.0,3,5.1,35.3,0.5,56,3-2,1:50.3,古川吉洋,446(+6),曇,3.0,2.0,,2.0
2026-07-25-03-10,202601010110,2026-07-25,札幌,10,ライラック賞,8,ライフセービング,https://db.netkeiba.com/horse/2021105285/,2021105285,牡,5,58.0,古川吉,,,27,2023/09/16,4阪神3,2歳未勝利,,4,4,芝1800,芝,1800,良,3.0,4,14.4,33.6,0.4,55,6-6,1:48.7,古川吉洋,440(-4),晴,6.0,6.0,,6.0
2026-07-25-03-10,202601010110,2026-07-25,札幌,10,ライラック賞,8,ライフセービング,https://db.netkeiba.com/horse/2021105285/,2021105285,牡,5,58.0,古川吉,,,28,2023/08/26,2札幌5,2歳未勝利,,2,2,芝1800,芝,1800,良,4.0,2,2.4,34.6,0.2,55,5-5-5-5,1:53.6,モレイラ,444(0),晴,5.0,5.0,5.0,5.0
2026-07-25-03-10,202601010110,2026-07-25,札幌,10,ライラック賞,8,ライフセービング,https://db.netkeiba.com/horse/2021105285/,2021105285,牡,5,58.0,古川吉,,,29,2023/08/12,2札幌1,2歳未勝利,,8,8,芝1800,芝,1800,良,2.0,2,4.0,36.0,0.0,55,7-8-6-4,1:50.6,古川吉洋,444(0),晴,7.0,8.0,6.0,4.0
2026-07-25-03-10,202601010110,2026-07-25,札幌,10,ライラック賞,8,ライフセービング,https://db.netkeiba.com/horse/2021105285/,2021105285,牡,5,58.0,古川吉,,,30,2023/07/15,2函館5,2歳未勝利,,6,6,芝1800,芝,1800,重,3.0,1,2.1,37.2,0.2,55,7-7-7-6,1:54.5,古川吉洋,444(0),雨,7.0,7.0,7.0,6.0
2026-07-25-03-10,202601010110,2026-07-25,札幌,10,ライラック賞,8,ライフセービング,https://db.netkeiba.com/horse/2021105285/,2021105285,牡,5,58.0,古川吉,,,31,2023/07/02,2函館2,2歳新馬,,3,3,芝1800,芝,1800,良,2.0,5,14.8,35.0,0.0,55,3-3-5-3,1:53.4,古川吉洋,444(0),曇,3.0,3.0,5.0,3.0
2026-07-25-03-10,202601010110,2026-07-25,札幌,10,ライラック賞,9,リギーロ,https://db.netkeiba.com/horse/2022106624/,2022106624,牡,4,58.0,丹内,,,0,2026/07/05,1函館8,横津岳特別(2勝クラス),,5,5,芝2600,芝,2600,良,9.0,6,12.5,35.7,0.8,56,9-10-3-5,2:40.9,丹内祐次,480(-6),曇,9.0,10.0,3.0,5.0
2026-07-25-03-10,202601010110,2026-07-25,札幌,10,ライラック賞,9,リギーロ,https://db.netkeiba.com/horse/2022106624/,2022106624,牡,4,58.0,丹内,,,1,2026/04/05,3中山4,安房特別(2勝クラス),,5,5,芝2500,芝,2500,稍,7.0,4,11.2,38.8,2.4,58,7-7-8-8,2:36.5,佐々木大,486(+10),曇,7.0,7.0,8.0,8.0
2026-07-25-03-10,202601010110,2026-07-25,札幌,10,ライラック賞,9,リギーロ,https://db.netkeiba.com/horse/2022106624/,2022106624,牡,4,58.0,丹内,,,2,2025/12/28,5中山8,グッドラックH(2勝クラス),,8,13,芝2500,芝,2500,良,10.0,6,27.2,37.0,1.1,55,12-12-3-4,2:34.7,佐々木大,476(0),晴,12.0,12.0,3.0,4.0
2026-07-25-03-10,202601010110,2026-07-25,札幌,10,ライラック賞,9,リギーロ,https://db.netkeiba.com/horse/2022106624/,2022106624,牡,4,58.0,丹内,,,3,2025/10/18,3京都6,清滝特別(2勝クラス),,6,6,芝2200,芝,2200,良,3.0,3,4.0,34.3,0.6,55,4-3-3-3,2:14.3,西村淳也,476(0),曇,4.0,3.0,3.0,3.0
2026-07-25-03-10,202601010110,2026-07-25,札幌,10,ライラック賞,9,リギーロ,https://db.netkeiba.com/horse/2022106624/,2022106624,牡,4,58.0,丹内,,,4,2025/09/15,4中山5,朝日セントライト記念(GII),,4,4,芝2200,芝,2200,良,7.0,9,89.3,34.7,0.7,57,11-11-11-11,2:11.5,三浦皇成,476(+4),曇,11.0,11.0,11.0,11.0
2026-07-25-03-10,202601010110,2026-07-25,札幌,10,ライラック賞,9,リギーロ,https://db.netkeiba.com/horse/2022106624/,2022106624,牡,4,58.0,丹内,,,5,2025/07/05,1函館7,3歳以上1勝クラス,,8,12,芝2600,芝,2600,稍,1.0,1,1.8,36.6,-0.3,55,8-8-6-4,2:43.1,佐々木大,472(-2),晴,8.0,8.0,6.0,4.0
2026-07-25-03-10,202601010110,2026-07-25,札幌,10,ライラック賞,9,リギーロ,https://db.netkeiba.com/horse/2022106624/,2022106624,牡,4,58.0,丹内,,,6,2025/06/15,1函館2,3歳未勝利,,8,9,芝2600,芝,2600,良,1.0,4,7.6,35.3,-0.9,57,9-8-2-1,2:37.3,佐々木大,474(+2),晴,9.0,8.0,2.0,1.0
2026-07-25-03-10,202601010110,2026-07-25,札幌,10,ライラック賞,9,リギーロ,https://db.netkeiba.com/horse/2022106624/,2022106624,牡,4,58.0,丹内,,,7,2025/05/25,1新潟8,3歳未勝利,,2,3,芝2200,芝,2200,稍,3.0,5,10.7,37.8,0.6,57,10-9-5-2,2:19.6,小沢大仁,472(+2),小雨,10.0,9.0,5.0,2.0
2026-07-25-03-10,202601010110,2026-07-25,札幌,10,ライラック賞,9,リギーロ,https://db.netkeiba.com/horse/2022106624/,2022106624,牡,4,58.0,丹内,,,8,2025/04/27,1福島6,3歳未勝利,,6,10,芝2000,芝,2000,良,4.0,4,10.1,36.0,0.3,57,10-9-2-1,2:00.1,荻野極,470(+4),晴,10.0,9.0,2.0,1.0
2026-07-25-03-10,202601010110,2026-07-25,札幌,10,ライラック賞,9,リギーロ,https://db.netkeiba.com/horse/2022106624/,2022106624,牡,4,58.0,丹内,,,9,2025/02/22,1東京7,3歳未勝利,,8,18,芝2400,芝,2400,良,11.0,3,8.1,36.0,1.4,57,8-6-4-4,2:29.9,鮫島克駿,466(+4),曇,8.0,6.0,4.0,4.0
2026-07-25-03-10,202601010110,2026-07-25,札幌,10,ライラック賞,9,リギーロ,https://db.netkeiba.com/horse/2022106624/,2022106624,牡,4,58.0,丹内,,,10,2024/12/28,5中山9,2歳未勝利,,3,5,芝1800,芝,1800,良,12.0,1,3.2,36.3,0.8,56,9-8-8-6,1:49.8,三浦皇成,462(0),晴,9.0,8.0,8.0,6.0
2026-07-25-03-10,202601010110,2026-07-25,札幌,10,ライラック賞,9,リギーロ,https://db.netkeiba.com/horse/2022106624/,2022106624,牡,4,58.0,丹内,,,11,2024/12/07,5中山3,2歳未勝利,,5,9,芝2000,芝,2000,良,2.0,2,3.6,36.1,0.1,56,3-2-2-2,2:01.4,荻野極,462(0),晴,3.0,2.0,2.0,2.0
2026-07-25-03-10,202601010110,2026-07-25,札幌,10,ライラック賞,9,リギーロ,https://db.netkeiba.com/horse/2022106624/,2022106624,牡,4,58.0,丹内,,,12,2024/10/14,4東京4,2歳新馬,,2,2,芝1800,芝,1800,良,3.0,8,27.4,34.0,1.0,56,9-8-8,1:48.7,鮫島克駿,462(0),晴,9.0,8.0,8.0,8.0
2026-07-25-03-10,202601010110,2026-07-25,札幌,10,ライラック賞,10,レイデラルース,https://db.netkeiba.com/horse/2021105475/,2021105475,牡,5,58.0,北村宏,,,0,2026/05/02,2東京3,4歳以上2勝クラス,,8,9,芝2400,芝,2400,良,7.0,9,84.5,35.8,1.7,58,4-4-3-3,2:24.6,北村宏司,480(+2),晴,4.0,4.0,3.0,3.0
2026-07-25-03-10,202601010110,2026-07-25,札幌,10,ライラック賞,10,レイデラルース,https://db.netkeiba.com/horse/2021105475/,2021105475,牡,5,58.0,北村宏,,,1,2026/04/05,3中山4,安房特別(2勝クラス),,2,2,芝2500,芝,2500,稍,4.0,8,27.6,37.9,1.4,58,5-5-7-6,2:35.5,杉原誠人,478(0),曇,5.0,5.0,7.0,6.0
2026-07-25-03-10,202601010110,2026-07-25,札幌,10,ライラック賞,10,レイデラルース,https://db.netkeiba.com/horse/2021105475/,2021105475,牡,5,58.0,北村宏,,,2,2026/01/18,1中山7,4歳以上2勝クラス,,4,7,芝2200,芝,2200,良,9.0,7,84.5,35.0,1.1,58,11-11-2-2,2:15.6,北村宏司,478(-8),晴,11.0,11.0,2.0,2.0
2026-07-25-03-10,202601010110,2026-07-25,札幌,10,ライラック賞,10,レイデラルース,https://db.netkeiba.com/horse/2021105475/,2021105475,牡,5,58.0,北村宏,,,3,2024/12/01,5中山2,3歳以上2勝クラス,,8,11,芝2500,芝,2500,良,3.0,4,9.2,36.2,0.6,56,3-3-3-3,2:30.8,津村明秀,486(0),晴,3.0,3.0,3.0,3.0
2026-07-25-03-10,202601010110,2026-07-25,札幌,10,ライラック賞,10,レイデラルース,https://db.netkeiba.com/horse/2021105475/,2021105475,牡,5,58.0,北村宏,,,4,2024/09/21,4中山6,九十九里特別(2勝クラス),,1,1,芝2500,芝,2500,良,4.0,3,4.6,35.0,0.4,55,5-5-4-4,2:31.0,津村明秀,486(-10),曇,5.0,5.0,4.0,4.0
2026-07-25-03-10,202601010110,2026-07-25,札幌,10,ライラック賞,10,レイデラルース,https://db.netkeiba.com/horse/2021105475/,2021105475,牡,5,58.0,北村宏,,,5,2024/07/28,1札幌4,阿寒湖特別(2勝クラス),,3,3,芝2600,芝,2600,稍,7.0,3,7.6,37.1,1.0,55,4-4-4-3,2:41.9,横山武史,496(+10),曇,4.0,4.0,4.0,3.0
2026-07-25-03-10,202601010110,2026-07-25,札幌,10,ライラック賞,10,レイデラルース,https://db.netkeiba.com/horse/2021105475/,2021105475,牡,5,58.0,北村宏,,,6,2024/06/29,2福島1,開成山特別(1勝クラス),,7,7,芝2600,芝,2600,良,1.0,3,3.8,35.1,-0.2,54,1-1-1-1,2:38.7,津村明秀,486(0),晴,1.0,1.0,1.0,1.0
2026-07-25-03-10,202601010110,2026-07-25,札幌,10,ライラック賞,10,レイデラルース,https://db.netkeiba.com/horse/2021105475/,2021105475,牡,5,58.0,北村宏,,,7,2024/04/20,2東京1,新緑賞(1勝クラス),,7,8,芝2300,芝,2300,良,6.0,9,28.0,36.2,0.6,57,8-8-2-2,2:19.4,津村明秀,486(-6),晴,8.0,8.0,2.0,2.0
2026-07-25-03-10,202601010110,2026-07-25,札幌,10,ライラック賞,10,レイデラルース,https://db.netkeiba.com/horse/2021105475/,2021105475,牡,5,58.0,北村宏,,,8,2024/03/30,3中山3,山吹賞(1勝クラス),,3,3,芝2200,芝,2200,稍,9.0,9,23.6,35.4,0.5,57,3-5-6-6,2:15.6,北村宏司,492(+6),晴,3.0,5.0,6.0,6.0
2026-07-25-03-10,202601010110,2026-07-25,札幌,10,ライラック賞,10,レイデラルース,https://db.netkeiba.com/horse/2021105475/,2021105475,牡,5,58.0,北村宏,,,9,2024/01/14,1中山5,京成杯(GIII),,2,3,芝2000,芝,2000,良,11.0,9,47.0,34.8,1.4,57,12-13-13-13,2:01.9,石橋脩,486(-2),晴,12.0,13.0,13.0,13.0
2026-07-25-03-10,202601010110,2026-07-25,札幌,10,ライラック賞,10,レイデラルース,https://db.netkeiba.com/horse/2021105475/,2021105475,牡,5,58.0,北村宏,,,10,2023/12/02,5中山1,葉牡丹賞(1勝クラス),,7,7,芝2000,芝,2000,良,3.0,4,20.0,34.7,0.4,56,2-2-2-2,2:00.8,北村宏司,488(+10),晴,2.0,2.0,2.0,2.0
2026-07-25-03-10,202601010110,2026-07-25,札幌,10,ライラック賞,10,レイデラルース,https://db.netkeiba.com/horse/2021105475/,2021105475,牡,5,58.0,北村宏,,,11,2023/09/17,4中山4,2歳未勝利,,1,1,芝2000,芝,2000,良,1.0,1,2.1,36.5,-0.1,55,4-4-3-3,2:01.6,北村宏司,478(+2),曇,4.0,4.0,3.0,3.0
2026-07-25-03-10,202601010110,2026-07-25,札幌,10,ライラック賞,10,レイデラルース,https://db.netkeiba.com/horse/2021105475/,2021105475,牡,5,58.0,北村宏,,,12,2023/08/20,3新潟4,2歳未勝利,,8,8,芝1800,芝,1800,良,3.0,5,17.2,35.8,0.3,55,2-1,1:47.5,北村宏司,476(+4),晴,2.0,1.0,,1.0
2026-07-25-03-10,202601010110,2026-07-25,札幌,10,ライラック賞,10,レイデラルース,https://db.netkeiba.com/horse/2021105475/,2021105475,牡,5,58.0,北村宏,,,13,2023/07/02,2福島2,2歳新馬,,8,16,芝1800,芝,1800,良,12.0,1,3.6,37.5,2.4,55,9-9-7-7,1:54.0,Ｍ．デム,472(0),晴,9.0,9.0,7.0,7.0
2026-07-25-03-10,202601010110,2026-07-25,札幌,10,ライラック賞,11,レイヤードレッド,https://db.netkeiba.com/horse/2022103310/,2022103310,牡,4,58.0,長浜,,,0,2026/07/12,1函館10,北海ハンデキャップ(2勝クラス),,7,11,芝1800,芝,1800,重,8.0,12,97.8,35.4,0.7,55,10-13-11-8,1:49.6,長浜鴻緒,490(0),雨,10.0,13.0,11.0,8.0
2026-07-25-03-10,202601010110,2026-07-25,札幌,10,ライラック賞,11,レイヤードレッド,https://db.netkeiba.com/horse/2022103310/,2022103310,牡,4,58.0,長浜,,,1,2026/06/27,1函館5,洞爺湖特別(2勝クラス),,6,7,芝2000,芝,2000,稍,7.0,6,12.5,35.6,0.7,58,5-6-6-8,2:00.8,長浜鴻緒,490(+6),晴,5.0,6.0,6.0,8.0
2026-07-25-03-10,202601010110,2026-07-25,札幌,10,ライラック賞,11,レイヤードレッド,https://db.netkeiba.com/horse/2022103310/,2022103310,牡,4,58.0,長浜,,,2,2026/06/13,1函館1,松前特別(2勝クラス),,1,1,芝1800,芝,1800,稍,7.0,9,21.2,34.6,1.0,58,7-7-9-8,1:46.9,長浜鴻緒,484(-2),晴,7.0,7.0,9.0,8.0
2026-07-25-03-10,202601010110,2026-07-25,札幌,10,ライラック賞,11,レイヤードレッド,https://db.netkeiba.com/horse/2022103310/,2022103310,牡,4,58.0,長浜,,,3,2026/03/28,3中山1,4歳以上2勝クラス,,8,11,芝2000,芝,2000,稍,4.0,8,30.7,35.0,0.7,58,7-6-7-7,1:59.8,江田照男,486(0),晴,7.0,6.0,7.0,7.0
2026-07-25-03-10,202601010110,2026-07-25,札幌,10,ライラック賞,11,レイヤードレッド,https://db.netkeiba.com/horse/2022103310/,2022103310,牡,4,58.0,長浜,,,4,2026/03/01,2中山2,富里特別(2勝クラス),,3,3,芝2000,芝,2000,良,4.0,10,44.1,34.6,1.0,57,7-7-6-5,1:58.7,江田照男,486(-8),晴,7.0,7.0,6.0,5.0
2026-07-25-03-10,202601010110,2026-07-25,札幌,10,ライラック賞,11,レイヤードレッド,https://db.netkeiba.com/horse/2022103310/,2022103310,牡,4,58.0,長浜,,,5,2026/01/24,1中山8,東雲賞(2勝クラス),,8,8,芝1800,芝,1800,良,8.0,8,33.6,34.2,0.8,57,4-3-3-3,1:47.2,長浜鴻緒,494(+6),晴,4.0,3.0,3.0,3.0
2026-07-25-03-10,202601010110,2026-07-25,札幌,10,ライラック賞,11,レイヤードレッド,https://db.netkeiba.com/horse/2022103310/,2022103310,牡,4,58.0,長浜,,,6,2026/01/05,1中山2,初日の出賞(2勝クラス),,6,7,芝2000,芝,2000,良,4.0,4,7.8,34.8,0.3,57,2-2-2-2,2:01.9,嶋田純次,488(-6),晴,2.0,2.0,2.0,2.0
2026-07-25-03-10,202601010110,2026-07-25,札幌,10,ライラック賞,11,レイヤードレッド,https://db.netkeiba.com/horse/2022103310/,2022103310,牡,4,58.0,長浜,,,7,2025/12/14,5中京4,一宮特別(2勝クラス),,6,6,芝2200,芝,2200,稍,5.0,4,10.2,35.7,1.1,56,3-3-4-3,2:15.1,嶋田純次,494(+10),晴,3.0,3.0,4.0,3.0
2026-07-25-03-10,202601010110,2026-07-25,札幌,10,ライラック賞,11,レイヤードレッド,https://db.netkeiba.com/horse/2022103310/,2022103310,牡,4,58.0,長浜,,,8,2025/10/26,3京都9,菊花賞(GI),,8,17,芝3000,芝,3000,稍,15.0,18,265.1,36.9,2.3,57,11-14-16-16,3:06.3,嶋田純次,484(+8),小雨,11.0,14.0,16.0,16.0
2026-07-25-03-10,202601010110,2026-07-25,札幌,10,ライラック賞,11,レイヤードレッド,https://db.netkeiba.com/horse/2022103310/,2022103310,牡,4,58.0,長浜,,,9,2025/09/20,4中山6,3歳以上1勝クラス,,1,2,芝2000,芝,2000,良,1.0,6,18.2,34.7,0.0,55,4-3-3-3,2:00.5,嶋田純次,476(+2),曇,4.0,3.0,3.0,3.0
2026-07-25-03-10,202601010110,2026-07-25,札幌,10,ライラック賞,11,レイヤードレッド,https://db.netkeiba.com/horse/2022103310/,2022103310,牡,4,58.0,長浜,,,10,2025/09/06,4中山1,古作特別(1勝クラス),,8,10,芝1800,芝,1800,良,7.0,5,12.8,34.2,0.6,55,3-3-2-3,1:48.0,嶋田純次,474(+4),晴,3.0,3.0,2.0,3.0
2026-07-25-03-10,202601010110,2026-07-25,札幌,10,ライラック賞,11,レイヤードレッド,https://db.netkeiba.com/horse/2022103310/,2022103310,牡,4,58.0,長浜,,,11,2025/06/29,2福島2,3歳未勝利,,1,1,芝2000,芝,2000,良,1.0,3,4.3,35.0,-0.2,57,3-3-3-4,2:02.2,嶋田純次,470(-6),晴,3.0,3.0,3.0,4.0
2026-07-25-03-10,202601010110,2026-07-25,札幌,10,ライラック賞,11,レイヤードレッド,https://db.netkeiba.com/horse/2022103310/,2022103310,牡,4,58.0,長浜,,,12,2025/05/25,1新潟8,3歳未勝利,,1,2,芝2200,芝,2200,稍,7.0,2,5.5,38.4,0.9,55,1-1-1-1,2:19.9,長浜鴻緒,476(0),小雨,1.0,1.0,1.0,1.0
2026-07-25-03-10,202601010110,2026-07-25,札幌,10,ライラック賞,11,レイヤードレッド,https://db.netkeiba.com/horse/2022103310/,2022103310,牡,4,58.0,長浜,,,13,2025/05/04,1新潟2,3歳未勝利,,8,15,芝2000,芝,2000,稍,2.0,2,4.4,36.4,0.2,55,2-2-2-2,2:03.1,長浜鴻緒,476(+8),晴,2.0,2.0,2.0,2.0
2026-07-25-03-10,202601010110,2026-07-25,札幌,10,ライラック賞,11,レイヤードレッド,https://db.netkeiba.com/horse/2022103310/,2022103310,牡,4,58.0,長浜,,,14,2025/04/13,1福島2,3歳未勝利,,1,1,芝1800,芝,1800,良,5.0,2,4.8,35.9,0.2,57,1-1-1-1,1:49.2,嶋田純次,468(-8),曇,1.0,1.0,1.0,1.0
2026-07-25-03-10,202601010110,2026-07-25,札幌,10,ライラック賞,11,レイヤードレッド,https://db.netkeiba.com/horse/2022103310/,2022103310,牡,4,58.0,長浜,,,15,2024/12/08,5中山4,2歳未勝利,,8,12,芝1800,芝,1800,良,8.0,5,6.8,34.9,0.9,56,10-9-8-9,1:49.3,嶋田純次,476(+4),晴,10.0,9.0,8.0,9.0
2026-07-25-03-10,202601010110,2026-07-25,札幌,10,ライラック賞,11,レイヤードレッド,https://db.netkeiba.com/horse/2022103310/,2022103310,牡,4,58.0,長浜,,,16,2024/11/16,3福島5,2歳未勝利,,5,9,芝1800,芝,1800,良,2.0,2,5.0,36.3,0.2,56,2-2-2-1,1:50.2,嶋田純次,472(+4),晴,2.0,2.0,2.0,1.0
2026-07-25-03-10,202601010110,2026-07-25,札幌,10,ライラック賞,11,レイヤードレッド,https://db.netkeiba.com/horse/2022103310/,2022103310,牡,4,58.0,長浜,,,17,2024/10/27,4新潟8,2歳未勝利,,8,18,芝1800,芝,1800,良,2.0,3,6.1,35.4,0.7,56,8-7,1:48.3,嶋田純次,468(+16),晴,8.0,7.0,,7.0
2026-07-25-03-10,202601010110,2026-07-25,札幌,10,ライラック賞,11,レイヤードレッド,https://db.netkeiba.com/horse/2022103310/,2022103310,牡,4,58.0,長浜,,,18,2024/06/30,2福島2,2歳未勝利,,7,7,芝1800,芝,1800,良,4.0,2,3.8,36.6,0.5,55,3-3-2-2,1:48.7,内田博幸,452(-20),曇,3.0,3.0,2.0,2.0
2026-07-25-03-10,202601010110,2026-07-25,札幌,10,ライラック賞,11,レイヤードレッド,https://db.netkeiba.com/horse/2022103310/,2022103310,牡,4,58.0,長浜,,,19,2024/06/08,3東京3,2歳新馬,,7,7,芝1600,芝,1600,良,4.0,5,24.5,34.4,0.9,55,3-2,1:36.0,内田博幸,472(0),晴,3.0,2.0,,2.0
2026-07-25-03-11,202601010111,2026-07-25,札幌,11,TVh賞,1,アスクケンタッキー,https://db.netkeiba.com/horse/2023110100/,2023110100,牡,3,55.0,武豊,,,0,2026/07/11,1函館9,HTB杯(2勝クラス),,5,7,芝1200,芝,1200,稍,1.0,2,3.2,34.9,-0.1,55,1-1,1:08.8,武豊,468(-4),曇,1.0,1.0,,1.0
2026-07-25-03-11,202601010111,2026-07-25,札幌,11,TVh賞,1,アスクケンタッキー,https://db.netkeiba.com/horse/2023110100/,2023110100,牡,3,55.0,武豊,,,1,2026/05/09,3京都5,3歳1勝クラス,,1,1,ダ1200,ダ,1200,良,1.0,7,13.6,37.4,-0.1,55,1-1,1:11.5,田山旺佑,472(+2),晴,1.0,1.0,,1.0
2026-07-25-03-11,202601010111,2026-07-25,札幌,11,TVh賞,1,アスクケンタッキー,https://db.netkeiba.com/horse/2023110100/,2023110100,牡,3,55.0,武豊,,,2,2026/02/22,1阪神2,3歳1勝クラス,,6,7,ダ1400,ダ,1400,良,11.0,8,20.9,39.1,2.1,57,7-11,1:26.3,田口貫太,470(-8),晴,7.0,11.0,,11.0
2026-07-25-03-11,202601010111,2026-07-25,札幌,11,TVh賞,1,アスクケンタッキー,https://db.netkeiba.com/horse/2023110100/,2023110100,牡,3,55.0,武豊,,,3,2026/02/07,2京都3,3歳1勝クラス,,4,4,ダ1400,ダ,1400,良,7.0,5,13.8,39.2,0.9,57,1-1,1:26.2,坂井瑠星,478(+8),曇,1.0,1.0,,1.0
2026-07-25-03-11,202601010111,2026-07-25,札幌,11,TVh賞,1,アスクケンタッキー,https://db.netkeiba.com/horse/2023110100/,2023110100,牡,3,55.0,武豊,,,4,2025/11/09,5東京2,オキザリス賞(1勝クラス),,4,7,ダ1400,ダ,1400,稍,14.0,4,7.9,40.4,3.8,56,2-3,1:27.0,プーシャ,470(-4),小雨,2.0,3.0,,3.0
2026-07-25-03-11,202601010111,2026-07-25,札幌,11,TVh賞,1,アスクケンタッキー,https://db.netkeiba.com/horse/2023110100/,2023110100,牡,3,55.0,武豊,,,5,2025/10/04,3京都1,2歳新馬,,6,11,ダ1400,ダ,1400,重,1.0,1,2.1,37.2,-0.7,56,1-1,1:24.4,坂井瑠星,474(0),雨,1.0,1.0,,1.0
2026-07-25-03-11,202601010111,2026-07-25,札幌,11,TVh賞,2,アンジュプロミス,https://db.netkeiba.com/horse/2023102577/,2023102577,牝,3,53.0,古川奈,,,0,2026/07/04,1函館7,TVh杯(3勝クラス),,4,7,芝1200,芝,1200,良,8.0,2,5.5,34.9,0.5,53,3-3,1:08.3,古川奈穂,452(+4),晴,3.0,3.0,,3.0
2026-07-25-03-11,202601010111,2026-07-25,札幌,11,TVh賞,2,アンジュプロミス,https://db.netkeiba.com/horse/2023102577/,2023102577,牝,3,53.0,古川奈,,,1,2026/06/20,1函館3,STV杯(2勝クラス),,5,10,芝1200,芝,1200,良,1.0,4,7.3,34.5,-0.1,53,1-1,1:08.0,古川奈穂,448(0),曇,1.0,1.0,,1.0
2026-07-25-03-11,202601010111,2026-07-25,札幌,11,TVh賞,2,アンジュプロミス,https://db.netkeiba.com/horse/2023102577/,2023102577,牝,3,53.0,古川奈,,,2,2026/05/30,3京都11,葵S(GIII),,5,9,芝1200,芝,1200,良,12.0,7,16.7,34.5,0.9,55,3-4,1:08.5,古川奈穂,448(+4),晴,3.0,4.0,,4.0
2026-07-25-03-11,202601010111,2026-07-25,札幌,11,TVh賞,2,アンジュプロミス,https://db.netkeiba.com/horse/2023102577/,2023102577,牝,3,53.0,古川奈,,,3,2026/02/21,1小倉9,あざみ賞(1勝クラス),,3,3,芝1200,芝,1200,良,1.0,2,6.6,34.8,0.0,55,1-1,1:08.1,古川奈穂,444(-4),晴,1.0,1.0,,1.0
2026-07-25-03-11,202601010111,2026-07-25,札幌,11,TVh賞,2,アンジュプロミス,https://db.netkeiba.com/horse/2023102577/,2023102577,牝,3,53.0,古川奈,,,4,2026/01/24,1小倉1,萌黄賞(1勝クラス),,6,8,芝1200,芝,1200,良,3.0,6,14.7,34.7,0.3,55,2-2,1:08.0,古川奈穂,448(-4),晴,2.0,2.0,,2.0
2026-07-25-03-11,202601010111,2026-07-25,札幌,11,TVh賞,2,アンジュプロミス,https://db.netkeiba.com/horse/2023102577/,2023102577,牝,3,53.0,古川奈,,,5,2025/11/09,3福島2,2歳未勝利,,5,10,芝1200,芝,1200,良,1.0,2,3.5,35.3,-0.3,52,2-2,1:09.4,古川奈穂,452(-10),曇,2.0,2.0,,2.0
2026-07-25-03-11,202601010111,2026-07-25,札幌,11,TVh賞,2,アンジュプロミス,https://db.netkeiba.com/horse/2023102577/,2023102577,牝,3,53.0,古川奈,,,6,2025/10/26,4新潟4,2歳未勝利,,3,3,芝1400,芝,1400,良,3.0,3,4.1,36.7,0.3,52,1-1,1:23.5,古川奈穂,462(+6),小雨,1.0,1.0,,1.0
2026-07-25-03-11,202601010111,2026-07-25,札幌,11,TVh賞,2,アンジュプロミス,https://db.netkeiba.com/horse/2023102577/,2023102577,牝,3,53.0,古川奈,,,7,2025/09/28,4阪神9,2歳未勝利,,1,1,芝1400,芝,1400,良,2.0,6,14.3,35.5,0.0,52,1-1,1:21.7,古川奈穂,456(+12),晴,1.0,1.0,,1.0
2026-07-25-03-11,202601010111,2026-07-25,札幌,11,TVh賞,2,アンジュプロミス,https://db.netkeiba.com/horse/2023102577/,2023102577,牝,3,53.0,古川奈,,,8,2025/09/14,4阪神4,2歳未勝利,,4,4,ダ1400,ダ,1400,良,5.0,3,5.6,40.1,2.8,52,1-1,1:26.8,古川奈穂,444(0),曇,1.0,1.0,,1.0
2026-07-25-03-11,202601010111,2026-07-25,札幌,11,TVh賞,2,アンジュプロミス,https://db.netkeiba.com/horse/2023102577/,2023102577,牝,3,53.0,古川奈,,,9,2025/08/31,3新潟4,2歳新馬,,2,2,ダ1800,ダ,1800,良,4.0,2,3.0,39.1,2.0,55,3-3-3-3,1:57.2,坂井瑠星,444(0),晴,3.0,3.0,3.0,3.0
2026-07-25-03-11,202601010111,2026-07-25,札幌,11,TVh賞,3,ウィルオレオール,https://db.netkeiba.com/horse/2022109024/,2022109024,牡,4,58.0,石川倭,,,0,2026/07/04,1函館7,TVh杯(3勝クラス),,1,2,芝1200,芝,1200,良,12.0,16,197.6,34.0,0.5,58,11-12,1:08.3,石川倭,502(-10),晴,11.0,12.0,,12.0
2026-07-25-03-11,202601010111,2026-07-25,札幌,11,TVh賞,3,ウィルオレオール,https://db.netkeiba.com/horse/2022109024/,2022109024,牡,4,58.0,石川倭,,,1,2026/06/03,門別,デルフィニウム特別(A1),,6,6,ダ1700,ダ,1700,良,5.0,4,17.9,40.4,1.4,55,2-2-2-2,1:51.1,近藤翔月,512(+12),曇,2.0,2.0,2.0,2.0
2026-07-25-03-11,202601010111,2026-07-25,札幌,11,TVh賞,3,ウィルオレオール,https://db.netkeiba.com/horse/2022109024/,2022109024,牡,4,58.0,石川倭,,,2,2026/04/23,門別,スミレ特別(A3),,5,5,ダ1700,ダ,1700,稍,5.0,4,7.1,41.3,0.9,57,4-4-5-4,1:51.2,井上瑛太,500(+3),晴,4.0,4.0,5.0,4.0
2026-07-25-03-11,202601010111,2026-07-25,札幌,11,TVh賞,3,ウィルオレオール,https://db.netkeiba.com/horse/2022109024/,2022109024,牡,4,58.0,石川倭,,,3,2025/09/18,名古屋,秋の鞍(重賞),,1,1,ダ1500,ダ,1500,良,5.0,4,10.3,39.2,1.4,57,5-6-4,1:36.2,渡辺竜也,497(-1),晴,5.0,6.0,4.0,4.0
2026-07-25-03-11,202601010111,2026-07-25,札幌,11,TVh賞,3,ウィルオレオール,https://db.netkeiba.com/horse/2022109024/,2022109024,牡,4,58.0,石川倭,,,4,2025/07/24,門別,王冠賞〔H2〕(重賞),,8,9,ダ1800,ダ,1800,良,6.0,3,6.1,40.1,1.4,57,6-4-4-6,1:58.1,石川倭,498(+1),晴,6.0,4.0,4.0,6.0
2026-07-25-03-11,202601010111,2026-07-25,札幌,11,TVh賞,3,ウィルオレオール,https://db.netkeiba.com/horse/2022109024/,2022109024,牡,4,58.0,石川倭,,,5,2025/06/11,大井,東京ダービー競走(JpnI),,5,10,ダ2000,ダ,2000,不,13.0,8,300.5,40.6,5.7,57,6-6-8-8,2:09.5,石川倭,497(-3),曇,6.0,6.0,8.0,8.0
2026-07-25-03-11,202601010111,2026-07-25,札幌,11,TVh賞,3,ウィルオレオール,https://db.netkeiba.com/horse/2022109024/,2022109024,牡,4,58.0,石川倭,,,6,2025/05/01,門別,北斗盃〔H3〕(重賞),,6,6,ダ1600,ダ,1600,稍,2.0,2,3.7,40.8,0.0,57,1-1-1-1,1:42.8,石川倭,500(+14),晴,1.0,1.0,1.0,1.0
2026-07-25-03-11,202601010111,2026-07-25,札幌,11,TVh賞,3,ウィルオレオール,https://db.netkeiba.com/horse/2022109024/,2022109024,牡,4,58.0,石川倭,,,7,2025/03/26,大井,京浜盃競走(JpnII),,7,12,ダ1700,ダ,1700,良,6.0,7,33.8,39.8,2.6,56,5-5-5-5,1:48.1,石川倭,486(-7),晴,5.0,5.0,5.0,5.0
2026-07-25-03-11,202601010111,2026-07-25,札幌,11,TVh賞,3,ウィルオレオール,https://db.netkeiba.com/horse/2022109024/,2022109024,牡,4,58.0,石川倭,,,8,2025/01/22,船橋,ブルーバードC(JpnIII),,2,2,ダ1800,ダ,1800,良,3.0,5,29.5,39.2,1.2,57,6-6-6-5,1:54.5,石川倭,493(+15),晴,6.0,6.0,6.0,5.0
2026-07-25-03-11,202601010111,2026-07-25,札幌,11,TVh賞,3,ウィルオレオール,https://db.netkeiba.com/horse/2022109024/,2022109024,牡,4,58.0,石川倭,,,9,2024/12/11,川崎,全日本2歳優駿【国際(JpnI),,3,3,ダ1600,ダ,1600,良,6.0,8,65.8,40.1,0.7,56,7-7-8-6,1:43.1,石川倭,478(+2),晴,7.0,7.0,8.0,6.0
2026-07-25-03-11,202601010111,2026-07-25,札幌,11,TVh賞,3,ウィルオレオール,https://db.netkeiba.com/horse/2022109024/,2022109024,牡,4,58.0,石川倭,,,10,2024/10/30,船橋,平和賞(重賞),,7,7,ダ1600,ダ,1600,重,1.0,1,1.7,39.9,-0.1,55,5-5-5-4,1:44.6,石川倭,476(+4),晴,5.0,5.0,5.0,4.0
2026-07-25-03-11,202601010111,2026-07-25,札幌,11,TVh賞,3,ウィルオレオール,https://db.netkeiba.com/horse/2022109024/,2022109024,牡,4,58.0,石川倭,,,11,2024/09/11,門別,ブルーサファイア特別(OP)(2歳),,7,8,ダ1700,ダ,1700,良,1.0,2,2.6,39.1,-0.1,56,3-4-3-1,1:51.1,石川倭,472(+12),晴,3.0,4.0,3.0,1.0
2026-07-25-03-11,202601010111,2026-07-25,札幌,11,TVh賞,3,ウィルオレオール,https://db.netkeiba.com/horse/2022109024/,2022109024,牡,4,58.0,石川倭,,,12,2024/08/18,2札幌4,クローバー賞(OP),,3,3,芝1500,芝,1500,良,5.0,4,16.8,35.9,1.1,55,2-2-2,1:29.7,石川倭,460(-2),晴,2.0,2.0,2.0,2.0
2026-07-25-03-11,202601010111,2026-07-25,札幌,11,TVh賞,3,ウィルオレオール,https://db.netkeiba.com/horse/2022109024/,2022109024,牡,4,58.0,石川倭,,,13,2024/06/19,門別,栄冠賞〔H2〕(重賞),,6,7,ダ1200,ダ,1200,良,2.0,2,3.9,38.3,0.2,55,5-4,1:14.8,石川倭,462(-2),晴,5.0,4.0,,4.0
2026-07-25-03-11,202601010111,2026-07-25,札幌,11,TVh賞,3,ウィルオレオール,https://db.netkeiba.com/horse/2022109024/,2022109024,牡,4,58.0,石川倭,,,14,2024/05/30,門別,JRA認定競走ウィナ(OP)(2歳),,5,5,ダ1200,ダ,1200,良,2.0,3,6.9,37.0,0.1,55,3-3,1:14.6,石川倭,464(+12),曇,3.0,3.0,,3.0
2026-07-25-03-11,202601010111,2026-07-25,札幌,11,TVh賞,3,ウィルオレオール,https://db.netkeiba.com/horse/2022109024/,2022109024,牡,4,58.0,石川倭,,,15,2024/05/01,門別,JRA認定競走フレッ(新馬)(2歳),,6,6,ダ1000,ダ,1000,良,1.0,6,13.0,36.9,0.0,55,5-4,1:02.1,石川倭,452(0),晴,5.0,4.0,,4.0
2026-07-25-03-11,202601010111,2026-07-25,札幌,11,TVh賞,4,エヴァンスウィート,https://db.netkeiba.com/horse/2021105689/,2021105689,牝,5,56.0,吉田隼,,,0,2026/07/04,1函館7,TVh杯(3勝クラス),,6,11,芝1200,芝,1200,良,7.0,8,17.0,33.9,0.4,56,11-10,1:08.2,吉田隼人,460(+2),晴,11.0,10.0,,10.0
2026-07-25-03-11,202601010111,2026-07-25,札幌,11,TVh賞,4,エヴァンスウィート,https://db.netkeiba.com/horse/2021105689/,2021105689,牝,5,56.0,吉田隼,,,1,2026/06/21,1函館4,UHB杯(3勝クラス),,2,3,芝1200,芝,1200,良,4.0,4,8.0,34.5,0.3,52,8-8,1:08.2,吉田隼人,458(+20),小雨,8.0,8.0,,8.0
2026-07-25-03-11,202601010111,2026-07-25,札幌,11,TVh賞,4,エヴァンスウィート,https://db.netkeiba.com/horse/2021105689/,2021105689,牝,5,56.0,吉田隼,,,2,2026/05/03,3京都4,朱雀S(3勝クラス),,7,14,芝1200,芝,1200,良,14.0,12,55.9,33.5,1.5,56,16-18,1:08.3,武豊,438(-4),曇,16.0,18.0,,18.0
2026-07-25-03-11,202601010111,2026-07-25,札幌,11,TVh賞,4,エヴァンスウィート,https://db.netkeiba.com/horse/2021105689/,2021105689,牝,5,56.0,吉田隼,,,3,2025/12/21,5阪神6,六甲アイランドS(3勝クラス),,5,7,芝1400,芝,1400,重,14.0,7,19.5,35.0,0.9,56,7-7,1:22.5,ルメール,442(-4),小雨,7.0,7.0,,7.0
2026-07-25-03-11,202601010111,2026-07-25,札幌,11,TVh賞,4,エヴァンスウィート,https://db.netkeiba.com/horse/2021105689/,2021105689,牝,5,56.0,吉田隼,,,4,2025/11/29,4京都7,東山S(3勝クラス),,5,6,芝1400,芝,1400,良,10.0,6,8.8,34.3,0.6,53,1-1,1:22.9,鮫島克駿,446(-2),晴,1.0,1.0,,1.0
2026-07-25-03-11,202601010111,2026-07-25,札幌,11,TVh賞,4,エヴァンスウィート,https://db.netkeiba.com/horse/2021105689/,2021105689,牝,5,56.0,吉田隼,,,5,2025/08/03,1札幌4,苫小牧特別(2勝クラス),,7,11,芝1200,芝,1200,良,1.0,1,3.9,34.1,0.0,56,8-8,1:08.4,鮫島克駿,448(-8),晴,8.0,8.0,,8.0
2026-07-25-03-11,202601010111,2026-07-25,札幌,11,TVh賞,4,エヴァンスウィート,https://db.netkeiba.com/horse/2021105689/,2021105689,牝,5,56.0,吉田隼,,,6,2025/07/12,1函館9,HTB杯(2勝クラス),,3,3,芝1200,芝,1200,良,2.0,5,8.6,34.1,0.5,56,8-7,1:07.7,鮫島克駿,456(-4),晴,8.0,7.0,,7.0
2026-07-25-03-11,202601010111,2026-07-25,札幌,11,TVh賞,4,エヴァンスウィート,https://db.netkeiba.com/horse/2021105689/,2021105689,牝,5,56.0,吉田隼,,,7,2025/06/21,1函館3,STV杯(2勝クラス),,4,7,芝1200,芝,1200,良,3.0,3,7.3,34.3,0.2,56,7-7,1:09.1,鮫島克駿,460(+22),曇,7.0,7.0,,7.0
2026-07-25-03-11,202601010111,2026-07-25,札幌,11,TVh賞,4,エヴァンスウィート,https://db.netkeiba.com/horse/2021105689/,2021105689,牝,5,56.0,吉田隼,,,8,2024/11/17,6京都6,壬生特別(2勝クラス),,5,6,芝1600,芝,1600,良,12.0,10,32.5,35.5,2.0,55,5-7,1:35.1,戸崎圭太,438(-6),曇,5.0,7.0,,7.0
2026-07-25-03-11,202601010111,2026-07-25,札幌,11,TVh賞,4,エヴァンスウィート,https://db.netkeiba.com/horse/2021105689/,2021105689,牝,5,56.0,吉田隼,,,9,2024/10/27,4東京8,3歳以上1勝クラス,,5,10,芝1400,芝,1400,良,1.0,5,7.9,33.5,0.0,54,8-7,1:21.1,Ｃ．デム,444(+6),曇,8.0,7.0,,7.0
2026-07-25-03-11,202601010111,2026-07-25,札幌,11,TVh賞,4,エヴァンスウィート,https://db.netkeiba.com/horse/2021105689/,2021105689,牝,5,56.0,吉田隼,,,10,2024/07/14,1函館12,3歳未勝利,,4,7,芝1200,芝,1200,良,1.0,3,8.4,35.5,-0.2,55,4-5,1:09.5,鮫島克駿,438(+16),晴,4.0,5.0,,5.0
2026-07-25-03-11,202601010111,2026-07-25,札幌,11,TVh賞,4,エヴァンスウィート,https://db.netkeiba.com/horse/2021105689/,2021105689,牝,5,56.0,吉田隼,,,11,2024/05/12,3京都8,3歳未勝利,,3,4,芝1800,芝,1800,良,7.0,2,2.6,35.5,0.8,55,4-4,1:47.6,和田竜二,422(-2),曇,4.0,4.0,,4.0
2026-07-25-03-11,202601010111,2026-07-25,札幌,11,TVh賞,4,エヴァンスウィート,https://db.netkeiba.com/horse/2021105689/,2021105689,牝,5,56.0,吉田隼,,,12,2024/01/13,1京都4,3歳未勝利,,4,7,芝1600,芝,1600,良,5.0,1,3.8,36.5,0.9,55,9-8,1:35.6,坂井瑠星,424(+2),曇,9.0,8.0,,8.0
2026-07-25-03-11,202601010111,2026-07-25,札幌,11,TVh賞,4,エヴァンスウィート,https://db.netkeiba.com/horse/2021105689/,2021105689,牝,5,56.0,吉田隼,,,13,2023/10/08,2京都2,2歳未勝利,,5,6,芝1600,芝,1600,良,4.0,3,5.7,36.1,0.3,55,4-5,1:35.1,坂井瑠星,422(-10),曇,4.0,5.0,,5.0
2026-07-25-03-11,202601010111,2026-07-25,札幌,11,TVh賞,4,エヴァンスウィート,https://db.netkeiba.com/horse/2021105689/,2021105689,牝,5,56.0,吉田隼,,,14,2023/09/24,4阪神7,2歳未勝利,,8,10,芝1600,芝,1600,良,2.0,1,2.0,33.9,0.6,55,8-6,1:35.3,坂井瑠星,432(+4),晴,8.0,6.0,,6.0
2026-07-25-03-11,202601010111,2026-07-25,札幌,11,TVh賞,4,エヴァンスウィート,https://db.netkeiba.com/horse/2021105689/,2021105689,牝,5,56.0,吉田隼,,,15,2023/07/22,3中京7,2歳新馬,,1,1,芝1600,芝,1600,良,3.0,1,2.6,36.0,0.9,55,4-4-3,1:37.9,坂井瑠星,428(0),晴,4.0,4.0,3.0,3.0
2026-07-25-03-11,202601010111,2026-07-25,札幌,11,TVh賞,5,クリエープキー,https://db.netkeiba.com/horse/2023103355/,2023103355,牝,3,53.0,吉田豊,,,0,2026/07/11,2福島5,安達太良S(OP),,6,6,芝1200,芝,1200,良,7.0,3,4.7,35.1,0.9,52,1-1,1:08.4,吉田豊,438(+2),曇,1.0,1.0,,1.0
2026-07-25-03-11,202601010111,2026-07-25,札幌,11,TVh賞,5,クリエープキー,https://db.netkeiba.com/horse/2023103355/,2023103355,牝,3,53.0,吉田豊,,,1,2026/06/28,1函館6,湯の川温泉特別(2勝クラス),,7,12,芝1200,芝,1200,良,1.0,8,16.0,34.6,0.0,53,4-3,1:09.1,古川吉洋,436(+2),晴,4.0,3.0,,3.0
2026-07-25-03-11,202601010111,2026-07-25,札幌,11,TVh賞,5,クリエープキー,https://db.netkeiba.com/horse/2023103355/,2023103355,牝,3,53.0,吉田豊,,,2,2026/05/30,3京都11,葵S(GIII),,7,14,芝1200,芝,1200,良,13.0,16,137.4,32.9,1.0,55,15-14,1:08.6,幸英明,434(0),晴,15.0,14.0,,14.0
2026-07-25-03-11,202601010111,2026-07-25,札幌,11,TVh賞,5,クリエープキー,https://db.netkeiba.com/horse/2023103355/,2023103355,牝,3,53.0,吉田豊,,,3,2026/03/07,1阪神5,フィリーズレビュー(GII),,6,11,芝1400,芝,1400,良,18.0,15,38.9,37.0,2.4,55,3-3,1:23.0,松山弘平,434(-14),晴,3.0,3.0,,3.0
2026-07-25-03-11,202601010111,2026-07-25,札幌,11,TVh賞,5,クリエープキー,https://db.netkeiba.com/horse/2023103355/,2023103355,牝,3,53.0,吉田豊,,,4,2026/02/08,1小倉6,かささぎ賞(1勝クラス),,8,15,芝1200,芝,1200,良,1.0,10,21.8,34.7,-0.4,55,4-2,1:09.2,富田暁,448(+2),曇,4.0,2.0,,2.0
2026-07-25-03-11,202601010111,2026-07-25,札幌,11,TVh賞,5,クリエープキー,https://db.netkeiba.com/horse/2023103355/,2023103355,牝,3,53.0,吉田豊,,,5,2026/01/24,1小倉1,萌黄賞(1勝クラス),,8,11,芝1200,芝,1200,良,5.0,4,11.8,34.6,0.4,55,4-4,1:08.1,富田暁,446(+2),晴,4.0,4.0,,4.0
2026-07-25-03-11,202601010111,2026-07-25,札幌,11,TVh賞,5,クリエープキー,https://db.netkeiba.com/horse/2023103355/,2023103355,牝,3,53.0,吉田豊,,,6,2025/12/13,5中山3,黒松賞(1勝クラス),,7,10,芝1200,芝,1200,良,8.0,5,9.4,34.2,0.7,55,6-6,1:08.9,木幡巧也,444(-4),曇,6.0,6.0,,6.0
2026-07-25-03-11,202601010111,2026-07-25,札幌,11,TVh賞,5,クリエープキー,https://db.netkeiba.com/horse/2023103355/,2023103355,牝,3,53.0,吉田豊,,,7,2025/11/16,3福島4,福島2歳S(OP),,1,2,芝1200,芝,1200,良,3.0,13,37.2,35.4,0.1,55,4-3,1:09.3,富田暁,448(+4),晴,4.0,3.0,,3.0
2026-07-25-03-11,202601010111,2026-07-25,札幌,11,TVh賞,5,クリエープキー,https://db.netkeiba.com/horse/2023103355/,2023103355,牝,3,53.0,吉田豊,,,8,2025/09/20,4中山6,カンナS(OP),,8,13,芝1200,芝,1200,良,9.0,6,8.3,34.9,1.1,55,7-7,1:09.3,木幡巧也,444(+4),曇,7.0,7.0,,7.0
2026-07-25-03-11,202601010111,2026-07-25,札幌,11,TVh賞,5,クリエープキー,https://db.netkeiba.com/horse/2023103355/,2023103355,牝,3,53.0,吉田豊,,,9,2025/07/20,2福島8,2歳未勝利,,1,1,芝1200,芝,1200,良,1.0,2,2.1,35.5,-0.3,55,2-2,1:11.0,木幡巧也,440(+6),晴,2.0,2.0,,2.0
2026-07-25-03-11,202601010111,2026-07-25,札幌,11,TVh賞,5,クリエープキー,https://db.netkeiba.com/horse/2023103355/,2023103355,牝,3,53.0,吉田豊,,,10,2025/06/14,3東京3,2歳新馬,,6,6,芝1400,芝,1400,良,4.0,4,6.8,35.9,0.9,55,1-1,1:23.5,木幡巧也,434(0),曇,1.0,1.0,,1.0
2026-07-25-03-11,202601010111,2026-07-25,札幌,11,TVh賞,6,ゴールドサーベル,https://db.netkeiba.com/horse/2021105039/,2021105039,牡,5,58.0,小沢,,,0,2026/07/04,1函館7,TVh杯(3勝クラス),,8,16,芝1200,芝,1200,良,15.0,15,122.6,33.6,0.9,58,16-15,1:08.7,小沢大仁,476(-2),晴,16.0,15.0,,15.0
2026-07-25-03-11,202601010111,2026-07-25,札幌,11,TVh賞,6,ゴールドサーベル,https://db.netkeiba.com/horse/2021105039/,2021105039,牡,5,58.0,小沢,,,1,2026/06/21,1函館4,UHB杯(3勝クラス),,8,15,芝1200,芝,1200,良,12.0,12,21.6,35.0,0.8,54,8-8,1:08.7,小沢大仁,478(+4),小雨,8.0,8.0,,8.0
2026-07-25-03-11,202601010111,2026-07-25,札幌,11,TVh賞,6,ゴールドサーベル,https://db.netkeiba.com/horse/2021105039/,2021105039,牡,5,58.0,小沢,,,2,2026/04/19,2阪神8,陽春S(3勝クラス),,5,6,ダ1200,ダ,1200,良,13.0,9,51.0,36.6,2.2,54,8-9,1:12.5,酒井学,474(0),曇,8.0,9.0,,9.0
2026-07-25-03-11,202601010111,2026-07-25,札幌,11,TVh賞,6,ゴールドサーベル,https://db.netkeiba.com/horse/2021105039/,2021105039,牡,5,58.0,小沢,,,3,2026/01/31,1小倉3,巌流島S(3勝クラス),,8,17,芝1200,芝,1200,良,10.0,17,43.8,33.6,1.1,55,15-14,1:07.9,荻野琢真,474(+4),晴,15.0,14.0,,14.0
2026-07-25-03-11,202601010111,2026-07-25,札幌,11,TVh賞,6,ゴールドサーベル,https://db.netkeiba.com/horse/2021105039/,2021105039,牡,5,58.0,小沢,,,4,2025/11/08,3福島1,キビタキS(3勝クラス),,8,16,芝1200,芝,1200,良,8.0,11,23.1,33.6,0.3,55,16-16,1:08.6,荻野琢真,470(-4),晴,16.0,16.0,,16.0
2026-07-25-03-11,202601010111,2026-07-25,札幌,11,TVh賞,6,ゴールドサーベル,https://db.netkeiba.com/horse/2021105039/,2021105039,牡,5,58.0,小沢,,,5,2025/08/31,2札幌4,日高S(3勝クラス),,4,5,芝1500,芝,1500,稍,5.0,8,22.0,35.5,0.7,58,13-11-7,1:30.2,荻野琢真,474(+6),曇,13.0,11.0,7.0,7.0
2026-07-25-03-11,202601010111,2026-07-25,札幌,11,TVh賞,6,ゴールドサーベル,https://db.netkeiba.com/horse/2021105039/,2021105039,牡,5,58.0,小沢,,,6,2025/07/26,1札幌1,TVh賞(3勝クラス),,5,6,芝1200,芝,1200,良,4.0,9,28.8,32.9,0.6,55,12-12,1:08.0,藤岡佑介,468(-2),小雨,12.0,12.0,,12.0
2026-07-25-03-11,202601010111,2026-07-25,札幌,11,TVh賞,6,ゴールドサーベル,https://db.netkeiba.com/horse/2021105039/,2021105039,牡,5,58.0,小沢,,,7,2025/07/05,1函館7,TVh杯(3勝クラス),,7,11,芝1200,芝,1200,稍,6.0,6,12.3,34.0,0.4,58,13-12,1:09.7,武豊,470(-2),晴,13.0,12.0,,12.0
2026-07-25-03-11,202601010111,2026-07-25,札幌,11,TVh賞,6,ゴールドサーベル,https://db.netkeiba.com/horse/2021105039/,2021105039,牡,5,58.0,小沢,,,8,2025/06/21,1函館3,STV杯(2勝クラス),,3,5,芝1200,芝,1200,良,1.0,8,20.0,33.8,-0.1,58,9-9,1:08.9,武豊,472(-2),曇,9.0,9.0,,9.0
2026-07-25-03-11,202601010111,2026-07-25,札幌,11,TVh賞,6,ゴールドサーベル,https://db.netkeiba.com/horse/2021105039/,2021105039,牡,5,58.0,小沢,,,9,2025/04/19,2阪神7,丹波特別(2勝クラス),,8,14,芝1400,芝,1400,良,13.0,12,90.4,34.0,1.2,54,13-12,1:21.2,菱田裕二,474(+4),晴,13.0,12.0,,12.0
2026-07-25-03-11,202601010111,2026-07-25,札幌,11,TVh賞,6,ゴールドサーベル,https://db.netkeiba.com/horse/2021105039/,2021105039,牡,5,58.0,小沢,,,10,2025/03/01,1阪神1,4歳以上2勝クラス,,7,12,芝1400,芝,1400,良,10.0,12,108.7,34.9,0.8,58,14-14,1:21.0,和田竜二,470(+2),晴,14.0,14.0,,14.0
2026-07-25-03-11,202601010111,2026-07-25,札幌,11,TVh賞,6,ゴールドサーベル,https://db.netkeiba.com/horse/2021105039/,2021105039,牡,5,58.0,小沢,,,11,2025/02/02,1小倉4,周防灘特別(2勝クラス),,3,6,芝1200,芝,1200,稍,11.0,11,30.7,34.9,0.8,58,16-14,1:10.3,角田大和,468(0),曇,16.0,14.0,,14.0
2026-07-25-03-11,202601010111,2026-07-25,札幌,11,TVh賞,6,ゴールドサーベル,https://db.netkeiba.com/horse/2021105039/,2021105039,牡,5,58.0,小沢,,,12,2024/11/10,6京都4,ドンカスターC(2勝クラス),,6,10,芝1400,芝,1400,良,11.0,4,8.0,34.5,0.8,57,9-9,1:21.5,ムーア,468(+6),曇,9.0,9.0,,9.0
2026-07-25-03-11,202601010111,2026-07-25,札幌,11,TVh賞,6,ゴールドサーベル,https://db.netkeiba.com/horse/2021105039/,2021105039,牡,5,58.0,小沢,,,13,2024/09/21,3中京6,賢島特別(2勝クラス),,2,4,芝1200,芝,1200,良,7.0,10,40.8,33.7,0.6,54,12-10,1:09.0,Ｍ．デム,462(-6),晴,12.0,10.0,,10.0
2026-07-25-03-11,202601010111,2026-07-25,札幌,11,TVh賞,6,ゴールドサーベル,https://db.netkeiba.com/horse/2021105039/,2021105039,牡,5,58.0,小沢,,,14,2024/06/22,1函館5,3歳以上1勝クラス,,5,5,芝1200,芝,1200,良,1.0,2,3.3,34.4,0.0,55,6-5,1:09.2,武豊,468(+4),曇,6.0,5.0,,5.0
2026-07-25-03-11,202601010111,2026-07-25,札幌,11,TVh賞,6,ゴールドサーベル,https://db.netkeiba.com/horse/2021105039/,2021105039,牡,5,58.0,小沢,,,15,2024/06/09,1函館2,3歳以上1勝クラス,,1,1,芝1200,芝,1200,良,7.0,6,14.7,34.6,0.3,55,8-10,1:09.1,武豊,464(-4),小雨,8.0,10.0,,10.0
2026-07-25-03-11,202601010111,2026-07-25,札幌,11,TVh賞,6,ゴールドサーベル,https://db.netkeiba.com/horse/2021105039/,2021105039,牡,5,58.0,小沢,,,16,2024/05/18,3京都9,3歳1勝クラス,,4,7,ダ1400,ダ,1400,良,12.0,6,25.4,38.4,2.1,57,11-12,1:26.5,岩田望来,468(-2),晴,11.0,12.0,,12.0
2026-07-25-03-11,202601010111,2026-07-25,札幌,11,TVh賞,6,ゴールドサーベル,https://db.netkeiba.com/horse/2021105039/,2021105039,牡,5,58.0,小沢,,,17,2024/03/10,1阪神6,3歳1勝クラス,,6,7,芝1600,芝,1600,良,9.0,4,7.8,33.9,0.6,57,10-9,1:34.0,武豊,470(0),晴,10.0,9.0,,9.0
2026-07-25-03-11,202601010111,2026-07-25,札幌,11,TVh賞,6,ゴールドサーベル,https://db.netkeiba.com/horse/2021105039/,2021105039,牡,5,58.0,小沢,,,18,2024/01/20,1京都6,3歳未勝利,,6,8,芝1600,芝,1600,重,1.0,2,3.1,35.9,0.0,57,7-8,1:37.3,武豊,470(-4),小雨,7.0,8.0,,8.0
2026-07-25-03-11,202601010111,2026-07-25,札幌,11,TVh賞,6,ゴールドサーベル,https://db.netkeiba.com/horse/2021105039/,2021105039,牡,5,58.0,小沢,,,19,2023/12/24,5阪神8,2歳未勝利,,2,4,芝1600,芝,1600,良,3.0,4,8.0,33.3,0.1,53,11-13,1:34.9,永島まな,474(+6),晴,11.0,13.0,,13.0
2026-07-25-03-11,202601010111,2026-07-25,札幌,11,TVh賞,6,ゴールドサーベル,https://db.netkeiba.com/horse/2021105039/,2021105039,牡,5,58.0,小沢,,,20,2023/10/15,2京都5,2歳未勝利,,5,5,ダ1400,ダ,1400,重,7.0,2,3.6,40.9,2.9,56,3-4,1:29.3,和田竜二,468(-2),晴,3.0,4.0,,4.0
2026-07-25-03-11,202601010111,2026-07-25,札幌,11,TVh賞,6,ゴールドサーベル,https://db.netkeiba.com/horse/2021105039/,2021105039,牡,5,58.0,小沢,,,21,2023/09/30,4阪神8,2歳新馬,,7,9,芝1800,芝,1800,良,6.0,6,9.9,35.4,0.6,55,3-2,1:47.8,和田竜二,470(0),晴,3.0,2.0,,2.0
2026-07-25-03-11,202601010111,2026-07-25,札幌,11,TVh賞,7,サウスバンク,https://db.netkeiba.com/horse/2022101443/,2022101443,牝,4,56.0,丹内,,,0,2026/07/04,1函館7,TVh杯(3勝クラス),,3,5,芝1200,芝,1200,良,10.0,1,2.8,35.3,0.5,56,1-1,1:08.3,丹内祐次,490(+4),晴,1.0,1.0,,1.0
2026-07-25-03-11,202601010111,2026-07-25,札幌,11,TVh賞,7,サウスバンク,https://db.netkeiba.com/horse/2022101443/,2022101443,牝,4,56.0,丹内,,,1,2026/05/03,3京都4,朱雀S(3勝クラス),,1,2,芝1200,芝,1200,良,2.0,4,11.6,33.9,0.2,56,1-1,1:07.0,酒井学,486(-6),曇,1.0,1.0,,1.0
2026-07-25-03-11,202601010111,2026-07-25,札幌,11,TVh賞,7,サウスバンク,https://db.netkeiba.com/horse/2022101443/,2022101443,牝,4,56.0,丹内,,,2,2026/03/21,1阪神9,淀屋橋S(3勝クラス),,3,6,芝1200,芝,1200,良,3.0,1,4.6,34.5,0.4,55,1-1,1:08.3,酒井学,492(0),晴,1.0,1.0,,1.0
2026-07-25-03-11,202601010111,2026-07-25,札幌,11,TVh賞,7,サウスバンク,https://db.netkeiba.com/horse/2022101443/,2022101443,牝,4,56.0,丹内,,,3,2026/03/01,2中山2,アクアマリンS(3勝クラス),,6,10,芝1200,芝,1200,良,8.0,4,8.7,34.8,0.7,56,3-3,1:07.6,佐々木大,492(-2),晴,3.0,3.0,,3.0
2026-07-25-03-11,202601010111,2026-07-25,札幌,11,TVh賞,7,サウスバンク,https://db.netkeiba.com/horse/2022101443/,2022101443,牝,4,56.0,丹内,,,4,2025/12/14,5中京4,知立S(3勝クラス),,7,8,芝1200,芝,1200,稍,6.0,1,1.9,35.4,0.5,55,1-1,1:09.2,小崎綾也,494(+2),晴,1.0,1.0,,1.0
2026-07-25-03-11,202601010111,2026-07-25,札幌,11,TVh賞,7,サウスバンク,https://db.netkeiba.com/horse/2022101443/,2022101443,牝,4,56.0,丹内,,,5,2025/11/23,4京都6,醍醐S(3勝クラス),,2,3,芝1200,芝,1200,良,2.0,2,4.1,33.7,0.0,55,1-1,1:08.0,川田将雅,492(+8),晴,1.0,1.0,,1.0
2026-07-25-03-11,202601010111,2026-07-25,札幌,11,TVh賞,7,サウスバンク,https://db.netkeiba.com/horse/2022101443/,2022101443,牝,4,56.0,丹内,,,6,2025/08/16,3中京7,知多特別(2勝クラス),,5,6,芝1200,芝,1200,良,1.0,1,1.7,33.5,-0.2,54,1-1,1:07.1,川田将雅,484(-2),晴,1.0,1.0,,1.0
2026-07-25-03-11,202601010111,2026-07-25,札幌,11,TVh賞,7,サウスバンク,https://db.netkeiba.com/horse/2022101443/,2022101443,牝,4,56.0,丹内,,,7,2025/05/31,2京都11,葵S(GIII),,5,10,芝1200,芝,1200,良,4.0,9,15.0,34.9,0.2,55,2-2,1:08.5,西塚洸二,486(0),曇,2.0,2.0,,2.0
2026-07-25-03-11,202601010111,2026-07-25,札幌,11,TVh賞,7,サウスバンク,https://db.netkeiba.com/horse/2022101443/,2022101443,牝,4,56.0,丹内,,,8,2025/05/11,2京都6,橘S(L),,5,5,芝1400,芝,1400,良,7.0,5,13.4,34.4,0.4,55,2-2,1:22.2,西塚洸二,486(-8),曇,2.0,2.0,,2.0
2026-07-25-03-11,202601010111,2026-07-25,札幌,11,TVh賞,7,サウスバンク,https://db.netkeiba.com/horse/2022101443/,2022101443,牝,4,56.0,丹内,,,9,2025/02/23,1京都8,マーガレットS(L),,8,8,芝1200,芝,1200,良,,1,2.7,,,55,,,北村宏司,494(+4),曇,,,,
2026-07-25-03-11,202601010111,2026-07-25,札幌,11,TVh賞,7,サウスバンク,https://db.netkeiba.com/horse/2022101443/,2022101443,牝,4,56.0,丹内,,,10,2024/12/07,5中山3,黒松賞(1勝クラス),,5,7,芝1200,芝,1200,良,1.0,5,9.0,34.3,-0.1,55,4-4,1:07.7,北村宏司,490(-8),晴,4.0,4.0,,4.0
2026-07-25-03-11,202601010111,2026-07-25,札幌,11,TVh賞,7,サウスバンク,https://db.netkeiba.com/horse/2022101443/,2022101443,牝,4,56.0,丹内,,,11,2024/10/20,4新潟6,2歳新馬,,8,17,芝1200,芝,1200,良,1.0,1,2.6,35.7,-0.2,54,1-1,1:10.2,西塚洸二,498(0),晴,1.0,1.0,,1.0
2026-07-25-03-11,202601010111,2026-07-25,札幌,11,TVh賞,8,シカゴスティング,https://db.netkeiba.com/horse/2021105242/,2021105242,牝,5,56.0,武豊,,,0,2026/07/04,1函館7,TVh杯(3勝クラス),,3,6,芝1200,芝,1200,良,4.0,4,10.3,34.1,0.2,56,8-7,1:08.0,武豊,454(0),晴,8.0,7.0,,7.0
2026-07-25-03-11,202601010111,2026-07-25,札幌,11,TVh賞,8,シカゴスティング,https://db.netkeiba.com/horse/2021105242/,2021105242,牝,5,56.0,武豊,,,1,2026/06/21,1函館4,UHB杯(3勝クラス),,4,6,芝1200,芝,1200,良,6.0,3,7.3,34.3,0.4,53,12-12,1:08.3,武豊,454(+4),小雨,12.0,12.0,,12.0
2026-07-25-03-11,202601010111,2026-07-25,札幌,11,TVh賞,8,シカゴスティング,https://db.netkeiba.com/horse/2021105242/,2021105242,牝,5,56.0,武豊,,,2,2026/03/21,1阪神9,淀屋橋S(3勝クラス),,7,13,芝1200,芝,1200,良,7.0,9,15.9,34.1,0.7,54,7-7,1:08.6,菱田裕二,450(-4),晴,7.0,7.0,,7.0
2026-07-25-03-11,202601010111,2026-07-25,札幌,11,TVh賞,8,シカゴスティング,https://db.netkeiba.com/horse/2021105242/,2021105242,牝,5,56.0,武豊,,,3,2025/11/23,4京都6,醍醐S(3勝クラス),,5,10,芝1200,芝,1200,良,5.0,11,36.1,33.0,0.3,56,9-8,1:08.3,西村淳也,454(-4),晴,9.0,8.0,,8.0
2026-07-25-03-11,202601010111,2026-07-25,札幌,11,TVh賞,8,シカゴスティング,https://db.netkeiba.com/horse/2021105242/,2021105242,牝,5,56.0,武豊,,,4,2025/10/18,4新潟1,北陸S(3勝クラス),,7,15,芝1200,芝,1200,良,10.0,6,17.8,34.1,1.2,54,11-10,1:09.2,荻野極,458(+8),曇,11.0,10.0,,10.0
2026-07-25-03-11,202601010111,2026-07-25,札幌,11,TVh賞,8,シカゴスティング,https://db.netkeiba.com/horse/2021105242/,2021105242,牝,5,56.0,武豊,,,5,2025/09/07,4中山2,セプテンバーS(3勝クラス),,5,7,芝1200,芝,1200,良,4.0,4,14.5,33.5,0.3,54,7-7,1:07.3,石川裕紀,450(+2),晴,7.0,7.0,,7.0
2026-07-25-03-11,202601010111,2026-07-25,札幌,11,TVh賞,8,シカゴスティング,https://db.netkeiba.com/horse/2021105242/,2021105242,牝,5,56.0,武豊,,,6,2025/05/04,2京都4,淀S(3勝クラス),,3,3,芝1200,芝,1200,良,6.0,3,6.5,34.2,0.5,56,2-3,1:08.7,川田将雅,448(+2),晴,2.0,3.0,,3.0
2026-07-25-03-11,202601010111,2026-07-25,札幌,11,TVh賞,8,シカゴスティング,https://db.netkeiba.com/horse/2021105242/,2021105242,牝,5,56.0,武豊,,,7,2025/02/01,1小倉3,巌流島S(3勝クラス),,2,3,芝1200,芝,1200,重,7.0,4,6.5,36.2,0.4,54,11-11,1:10.4,菱田裕二,446(0),雨,11.0,11.0,,11.0
2026-07-25-03-11,202601010111,2026-07-25,札幌,11,TVh賞,8,シカゴスティング,https://db.netkeiba.com/horse/2021105242/,2021105242,牝,5,56.0,武豊,,,8,2024/12/28,7京都9,カウントダウンS(3勝クラス),,3,6,芝1200,芝,1200,良,5.0,3,9.1,34.1,0.3,55,6-7,1:08.8,Ｍ．デム,446(+18),晴,6.0,7.0,,7.0
2026-07-25-03-11,202601010111,2026-07-25,札幌,11,TVh賞,8,シカゴスティング,https://db.netkeiba.com/horse/2021105242/,2021105242,牝,5,56.0,武豊,,,9,2024/11/16,3福島5,キビタキS(3勝クラス),,5,10,芝1200,芝,1200,良,9.0,1,4.3,35.6,0.7,54,6-6,1:09.7,荻野極,428(-6),曇,6.0,6.0,,6.0
2026-07-25-03-11,202601010111,2026-07-25,札幌,11,TVh賞,8,シカゴスティング,https://db.netkeiba.com/horse/2021105242/,2021105242,牝,5,56.0,武豊,,,10,2024/08/18,2札幌4,知床特別(2勝クラス),,1,1,芝1200,芝,1200,良,1.0,1,2.8,34.6,-0.1,54,5-5,1:08.3,川田将雅,434(+8),晴,5.0,5.0,,5.0
2026-07-25-03-11,202601010111,2026-07-25,札幌,11,TVh賞,8,シカゴスティング,https://db.netkeiba.com/horse/2021105242/,2021105242,牝,5,56.0,武豊,,,11,2024/07/21,1札幌2,HBC賞(2勝クラス),,8,12,芝1200,芝,1200,良,3.0,2,2.6,34.2,0.0,53,6-5,1:08.8,鮫島克駿,426(-2),晴,6.0,5.0,,5.0
2026-07-25-03-11,202601010111,2026-07-25,札幌,11,TVh賞,8,シカゴスティング,https://db.netkeiba.com/horse/2021105242/,2021105242,牝,5,56.0,武豊,,,12,2024/05/25,3京都11,葵S(GIII),,6,12,芝1200,芝,1200,良,5.0,12,36.5,33.6,0.4,55,8-8,1:07.5,西村淳也,428(-6),晴,8.0,8.0,,8.0
2026-07-25-03-11,202601010111,2026-07-25,札幌,11,TVh賞,8,シカゴスティング,https://db.netkeiba.com/horse/2021105242/,2021105242,牝,5,56.0,武豊,,,13,2024/04/07,2阪神6,桜花賞(GI),,3,5,芝1600,芝,1600,良,12.0,17,215.2,34.6,1.0,55,6-5,1:33.2,浜中俊,434(-6),晴,6.0,5.0,,5.0
2026-07-25-03-11,202601010111,2026-07-25,札幌,11,TVh賞,8,シカゴスティング,https://db.netkeiba.com/horse/2021105242/,2021105242,牝,5,56.0,武豊,,,14,2024/03/10,1阪神6,フィリーズレビュー(GII),,4,6,芝1400,芝,1400,良,12.0,3,8.2,35.9,0.9,55,2-2,1:21.0,鮫島克駿,440(+12),晴,2.0,2.0,,2.0
2026-07-25-03-11,202601010111,2026-07-25,札幌,11,TVh賞,8,シカゴスティング,https://db.netkeiba.com/horse/2021105242/,2021105242,牝,5,56.0,武豊,,,15,2023/12/10,5阪神4,阪神ジュベナイルF(GI),,6,12,芝1600,芝,1600,良,5.0,12,67.0,35.2,0.8,55,1-1,1:33.4,鮫島克駿,428(0),晴,1.0,1.0,,1.0
2026-07-25-03-11,202601010111,2026-07-25,札幌,11,TVh賞,8,シカゴスティング,https://db.netkeiba.com/horse/2021105242/,2021105242,牝,5,56.0,武豊,,,16,2023/11/04,3京都1,KBSファンタジーS(GIII),,6,11,芝1400,芝,1400,良,3.0,12,34.5,33.9,0.1,55,7-7,1:20.5,鮫島克駿,428(0),曇,7.0,7.0,,7.0
2026-07-25-03-11,202601010111,2026-07-25,札幌,11,TVh賞,8,シカゴスティング,https://db.netkeiba.com/horse/2021105242/,2021105242,牝,5,56.0,武豊,,,17,2023/08/13,3小倉2,フェニックス賞(OP),,7,9,芝1200,芝,1200,良,1.0,1,1.1,34.6,-0.5,55,2-2,1:10.3,川田将雅,428(-2),晴,2.0,2.0,,2.0
2026-07-25-03-11,202601010111,2026-07-25,札幌,11,TVh賞,8,シカゴスティング,https://db.netkeiba.com/horse/2021105242/,2021105242,牝,5,56.0,武豊,,,18,2023/07/29,2新潟1,2歳未勝利,,7,8,芝1400,芝,1400,良,1.0,2,3.0,35.0,-0.1,55,2-2,1:22.3,戸崎圭太,430(+6),晴,2.0,2.0,,2.0
2026-07-25-03-11,202601010111,2026-07-25,札幌,11,TVh賞,8,シカゴスティング,https://db.netkeiba.com/horse/2021105242/,2021105242,牝,5,56.0,武豊,,,19,2023/07/09,3中京4,2歳新馬,,8,10,芝1600,芝,1600,稍,3.0,6,9.3,35.1,0.2,55,2-2-2,1:38.1,藤岡佑介,424(0),小雨,2.0,2.0,2.0,2.0
2026-07-25-03-11,202601010111,2026-07-25,札幌,11,TVh賞,9,パクスロマーナ,https://db.netkeiba.com/horse/2020104616/,2020104616,牝,6,56.0,舟山,,,0,2026/07/04,1函館7,TVh杯(3勝クラス),,5,9,芝1200,芝,1200,良,6.0,6,16.0,35.0,0.3,56,2-2,1:08.1,舟山瑠泉,438(-4),晴,2.0,2.0,,2.0
2026-07-25-03-11,202601010111,2026-07-25,札幌,11,TVh賞,9,パクスロマーナ,https://db.netkeiba.com/horse/2020104616/,2020104616,牝,6,56.0,舟山,,,1,2026/06/21,1函館4,UHB杯(3勝クラス),,3,4,芝1200,芝,1200,良,2.0,9,17.3,35.1,0.1,53,2-2,1:08.0,杉原誠人,442(+2),小雨,2.0,2.0,,2.0
2026-07-25-03-11,202601010111,2026-07-25,札幌,11,TVh賞,9,パクスロマーナ,https://db.netkeiba.com/horse/2020104616/,2020104616,牝,6,56.0,舟山,,,2,2026/05/03,3京都4,朱雀S(3勝クラス),,6,12,芝1200,芝,1200,良,15.0,13,76.5,34.4,1.7,56,10-11,1:08.5,池添謙一,440(0),曇,10.0,11.0,,11.0
2026-07-25-03-11,202601010111,2026-07-25,札幌,11,TVh賞,9,パクスロマーナ,https://db.netkeiba.com/horse/2020104616/,2020104616,牝,6,56.0,舟山,,,3,2026/03/29,3中山2,船橋S(3勝クラス),,4,7,芝1200,芝,1200,良,7.0,8,22.3,34.3,0.5,56,4-4,1:08.3,杉原誠人,440(-8),晴,4.0,4.0,,4.0
2026-07-25-03-11,202601010111,2026-07-25,札幌,11,TVh賞,9,パクスロマーナ,https://db.netkeiba.com/horse/2020104616/,2020104616,牝,6,56.0,舟山,,,4,2026/01/31,1小倉3,巌流島S(3勝クラス),,7,13,芝1200,芝,1200,良,17.0,13,22.1,34.7,1.6,55,9-11,1:08.4,小沢大仁,448(+4),晴,9.0,11.0,,11.0
2026-07-25-03-11,202601010111,2026-07-25,札幌,11,TVh賞,9,パクスロマーナ,https://db.netkeiba.com/horse/2020104616/,2020104616,牝,6,56.0,舟山,,,5,2025/12/07,5中山2,南総S(3勝クラス),,3,3,芝1200,芝,1200,良,7.0,6,12.6,34.8,0.6,56,2-3,1:07.8,杉原誠人,444(-4),晴,2.0,3.0,,3.0
2026-07-25-03-11,202601010111,2026-07-25,札幌,11,TVh賞,9,パクスロマーナ,https://db.netkeiba.com/horse/2020104616/,2020104616,牝,6,56.0,舟山,,,6,2025/11/23,4京都6,醍醐S(3勝クラス),,8,15,芝1200,芝,1200,良,3.0,13,85.2,33.6,0.0,56,2-2,1:08.0,池添謙一,448(0),晴,2.0,2.0,,2.0
2026-07-25-03-11,202601010111,2026-07-25,札幌,11,TVh賞,9,パクスロマーナ,https://db.netkeiba.com/horse/2020104616/,2020104616,牝,6,56.0,舟山,,,7,2025/10/18,4新潟1,北陸S(3勝クラス),,2,3,芝1200,芝,1200,良,14.0,10,34.4,34.3,1.5,55,13-12,1:09.5,杉原誠人,448(+12),曇,13.0,12.0,,12.0
2026-07-25-03-11,202601010111,2026-07-25,札幌,11,TVh賞,9,パクスロマーナ,https://db.netkeiba.com/horse/2020104616/,2020104616,牝,6,56.0,舟山,,,8,2025/07/19,2小倉7,テレQ杯(3勝クラス),,7,13,芝1200,芝,1200,良,3.0,9,23.2,34.7,0.1,56,5-5,1:08.7,川須栄彦,436(0),曇,5.0,5.0,,5.0
2026-07-25-03-11,202601010111,2026-07-25,札幌,11,TVh賞,9,パクスロマーナ,https://db.netkeiba.com/horse/2020104616/,2020104616,牝,6,56.0,舟山,,,9,2025/06/29,2小倉2,佐世保S(3勝クラス),,6,9,芝1200,芝,1200,良,4.0,7,13.7,34.9,0.3,54,2-2,1:08.1,川須栄彦,436(0),晴,2.0,2.0,,2.0
2026-07-25-03-11,202601010111,2026-07-25,札幌,11,TVh賞,9,パクスロマーナ,https://db.netkeiba.com/horse/2020104616/,2020104616,牝,6,56.0,舟山,,,10,2025/05/04,2京都4,淀S(3勝クラス),,4,5,芝1200,芝,1200,良,4.0,12,53.0,33.8,0.5,56,6-6,1:08.7,川須栄彦,436(+8),晴,6.0,6.0,,6.0
2026-07-25-03-11,202601010111,2026-07-25,札幌,11,TVh賞,9,パクスロマーナ,https://db.netkeiba.com/horse/2020104616/,2020104616,牝,6,56.0,舟山,,,11,2025/03/30,3中山2,4歳以上2勝クラス,,5,7,芝1200,芝,1200,良,1.0,7,16.0,34.8,-0.2,56,1-1,1:08.7,杉原誠人,428(-12),晴,1.0,1.0,,1.0
2026-07-25-03-11,202601010111,2026-07-25,札幌,11,TVh賞,9,パクスロマーナ,https://db.netkeiba.com/horse/2020104616/,2020104616,牝,6,56.0,舟山,,,12,2025/03/02,1小倉12,4歳以上1勝クラス,,5,9,芝1200,芝,1200,重,1.0,14,61.3,36.1,-0.1,56,2-2,1:10.4,川須栄彦,440(+4),雨,2.0,2.0,,2.0
2026-07-25-03-11,202601010111,2026-07-25,札幌,11,TVh賞,9,パクスロマーナ,https://db.netkeiba.com/horse/2020104616/,2020104616,牝,6,56.0,舟山,,,13,2025/01/26,1小倉2,八幡特別(1勝クラス),,8,17,芝1200,芝,1200,良,10.0,18,378.1,35.8,0.6,56,2-2,1:09.1,荻野琢真,436(+14),晴,2.0,2.0,,2.0
2026-07-25-03-11,202601010111,2026-07-25,札幌,11,TVh賞,9,パクスロマーナ,https://db.netkeiba.com/horse/2020104616/,2020104616,牝,6,56.0,舟山,,,14,2024/09/07,3中京1,3歳以上1勝クラス,,7,12,ダ1200,ダ,1200,良,13.0,10,98.8,38.2,2.6,56,8-8,1:14.5,荻野琢真,422(-4),晴,8.0,8.0,,8.0
2026-07-25-03-11,202601010111,2026-07-25,札幌,11,TVh賞,9,パクスロマーナ,https://db.netkeiba.com/horse/2020104616/,2020104616,牝,6,56.0,舟山,,,15,2024/08/25,2札幌6,小樽特別(1勝クラス),,5,8,芝1200,芝,1200,良,14.0,11,58.1,35.5,1.4,56,3-3,1:09.6,荻野琢真,426(+4),晴,3.0,3.0,,3.0
2026-07-25-03-11,202601010111,2026-07-25,札幌,11,TVh賞,9,パクスロマーナ,https://db.netkeiba.com/horse/2020104616/,2020104616,牝,6,56.0,舟山,,,16,2024/07/28,1札幌4,3歳以上1勝クラス,,6,10,芝1200,芝,1200,稍,6.0,10,45.4,35.1,0.2,56,6-5,1:09.8,荻野琢真,422(-2),曇,6.0,5.0,,5.0
2026-07-25-03-11,202601010111,2026-07-25,札幌,11,TVh賞,9,パクスロマーナ,https://db.netkeiba.com/horse/2020104616/,2020104616,牝,6,56.0,舟山,,,17,2024/07/07,1函館10,3歳以上1勝クラス,,2,2,芝1200,芝,1200,稍,3.0,9,82.4,35.9,0.2,56,1-1,1:11.6,荻野琢真,424(-4),曇,1.0,1.0,,1.0
2026-07-25-03-11,202601010111,2026-07-25,札幌,11,TVh賞,9,パクスロマーナ,https://db.netkeiba.com/horse/2020104616/,2020104616,牝,6,56.0,舟山,,,18,2024/06/23,1函館6,3歳以上1勝クラス,,6,6,芝1200,芝,1200,良,6.0,8,101.5,35.8,0.9,56,3-3,1:09.6,荻野琢真,428(+8),晴,3.0,3.0,,3.0
2026-07-25-03-11,202601010111,2026-07-25,札幌,11,TVh賞,9,パクスロマーナ,https://db.netkeiba.com/horse/2020104616/,2020104616,牝,6,56.0,舟山,,,19,2024/06/15,1函館3,3歳以上1勝クラス,,4,4,ダ1000,ダ,1000,良,8.0,10,89.7,36.2,1.4,56,9-10,1:00.4,荻野琢真,420(-8),晴,9.0,10.0,,10.0
2026-07-25-03-11,202601010111,2026-07-25,札幌,11,TVh賞,9,パクスロマーナ,https://db.netkeiba.com/horse/2020104616/,2020104616,牝,6,56.0,舟山,,,20,2024/03/03,2小倉8,4歳以上1勝クラス,,8,13,ダ1000,ダ,1000,稍,11.0,14,141.8,36.7,1.1,56,6-7,0:59.5,幸英明,428(+4),曇,6.0,7.0,,7.0
2026-07-25-03-11,202601010111,2026-07-25,札幌,11,TVh賞,9,パクスロマーナ,https://db.netkeiba.com/horse/2020104616/,2020104616,牝,6,56.0,舟山,,,21,2023/08/27,3小倉6,3歳以上1勝クラス,,8,13,ダ1000,ダ,1000,良,8.0,8,27.0,35.8,0.7,54,5-6,0:58.6,国分優作,424(-2),晴,5.0,6.0,,6.0
2026-07-25-03-11,202601010111,2026-07-25,札幌,11,TVh賞,9,パクスロマーナ,https://db.netkeiba.com/horse/2020104616/,2020104616,牝,6,56.0,舟山,,,22,2023/07/05,川崎,疾風賞(C1),,8,9,ダ900,ダ,900,良,2.0,3,4.6,37.6,0.1,49,1-2,0:54.5,小林捺花,426(-3),曇,1.0,2.0,,2.0
2026-07-25-03-11,202601010111,2026-07-25,札幌,11,TVh賞,9,パクスロマーナ,https://db.netkeiba.com/horse/2020104616/,2020104616,牝,6,56.0,舟山,,,23,2023/06/27,大井,優駿スプリント競走(重賞),,5,10,ダ1200,ダ,1200,良,15.0,14,286.3,40.2,4.5,54,11-15,1:16.2,池谷匠翔,429(+2),曇,11.0,15.0,,15.0
2026-07-25-03-11,202601010111,2026-07-25,札幌,11,TVh賞,9,パクスロマーナ,https://db.netkeiba.com/horse/2020104616/,2020104616,牝,6,56.0,舟山,,,24,2023/06/15,川崎,ヴィントシュトース賞(3歳),,5,6,ダ900,ダ,900,稍,2.0,1,3.1,38.1,0.1,50,5-3,0:55.3,小林捺花,427(0),雨,5.0,3.0,,3.0
2026-07-25-03-11,202601010111,2026-07-25,札幌,11,TVh賞,9,パクスロマーナ,https://db.netkeiba.com/horse/2020104616/,2020104616,牝,6,56.0,舟山,,,25,2023/05/17,川崎,ブレッザ賞(3歳),,8,10,ダ900,ダ,900,稍,1.0,5,17.8,38.4,-0.2,52,3-4,0:56.0,池谷匠翔,427(+1),晴,3.0,4.0,,4.0
2026-07-25-03-11,202601010111,2026-07-25,札幌,11,TVh賞,9,パクスロマーナ,https://db.netkeiba.com/horse/2020104616/,2020104616,牝,6,56.0,舟山,,,26,2023/04/25,浦和,ランチタイムチャレン(3歳),,3,3,ダ1400,ダ,1400,良,1.0,6,15.6,39.4,-0.2,53,2-1-1-1,1:31.2,新原周馬,426(-1),曇,2.0,1.0,1.0,1.0
2026-07-25-03-11,202601010111,2026-07-25,札幌,11,TVh賞,9,パクスロマーナ,https://db.netkeiba.com/horse/2020104616/,2020104616,牝,6,56.0,舟山,,,27,2023/04/03,川崎,アルコンスィエル賞(3歳),,4,4,ダ900,ダ,900,良,2.0,1,2.8,39.1,0.1,50,3-2,0:56.8,小林捺花,427(+2),晴,3.0,2.0,,2.0
2026-07-25-03-11,202601010111,2026-07-25,札幌,11,TVh賞,9,パクスロマーナ,https://db.netkeiba.com/horse/2020104616/,2020104616,牝,6,56.0,舟山,,,28,2023/03/03,川崎,シュトゥルムヴィント(3歳),,1,1,ダ900,ダ,900,良,2.0,4,10.0,38.8,0.1,50,1-1,0:56.8,小林捺花,425(+1),晴,1.0,1.0,,1.0
2026-07-25-03-11,202601010111,2026-07-25,札幌,11,TVh賞,9,パクスロマーナ,https://db.netkeiba.com/horse/2020104616/,2020104616,牝,6,56.0,舟山,,,29,2023/01/31,川崎,3歳6,,5,5,ダ1400,ダ,1400,良,9.0,6,17.2,44.0,3.7,54,5-5-7-8,1:37.5,本田紀忠,424(+11),晴,5.0,5.0,7.0,8.0
2026-07-25-03-11,202601010111,2026-07-25,札幌,11,TVh賞,9,パクスロマーナ,https://db.netkeiba.com/horse/2020104616/,2020104616,牝,6,56.0,舟山,,,30,2022/12/14,笠松,寒椿特別(2歳),,4,4,ダ1400,ダ,1400,良,6.0,2,3.1,42.9,2.7,54,2-2-4,1:33.6,岡部誠,413(-3),晴,2.0,2.0,4.0,4.0
2026-07-25-03-11,202601010111,2026-07-25,札幌,11,TVh賞,9,パクスロマーナ,https://db.netkeiba.com/horse/2020104616/,2020104616,牝,6,56.0,舟山,,,31,2022/11/10,門別,トパーズ特別(OP)(2歳),,3,3,ダ1200,ダ,1200,稍,5.0,9,82.1,39.7,1.9,54,3-2,1:16.0,高野誠毅,416(-2),晴,3.0,2.0,,2.0
2026-07-25-03-11,202601010111,2026-07-25,札幌,11,TVh賞,9,パクスロマーナ,https://db.netkeiba.com/horse/2020104616/,2020104616,牝,6,56.0,舟山,,,32,2022/10/27,門別,2歳3組,,6,8,ダ1000,ダ,1000,良,3.0,5,25.0,37.3,0.9,54,6-7,1:01.7,高野誠毅,418(-4),晴,6.0,7.0,,7.0
2026-07-25-03-11,202601010111,2026-07-25,札幌,11,TVh賞,9,パクスロマーナ,https://db.netkeiba.com/horse/2020104616/,2020104616,牝,6,56.0,舟山,,,33,2022/10/12,門別,新ひだか町静内地酒・(2歳),,1,1,ダ1200,ダ,1200,重,8.0,9,83.8,38.2,1.0,54,9-9,1:14.7,高野誠毅,422(+4),晴,9.0,9.0,,9.0
2026-07-25-03-11,202601010111,2026-07-25,札幌,11,TVh賞,9,パクスロマーナ,https://db.netkeiba.com/horse/2020104616/,2020104616,牝,6,56.0,舟山,,,34,2022/09/27,門別,2歳3組,,6,6,ダ1200,ダ,1200,稍,4.0,7,30.3,40.5,1.4,54,2-3,1:16.4,石堂響,418(0),晴,2.0,3.0,,3.0
2026-07-25-03-11,202601010111,2026-07-25,札幌,11,TVh賞,9,パクスロマーナ,https://db.netkeiba.com/horse/2020104616/,2020104616,牝,6,56.0,舟山,,,35,2022/09/14,門別,JRA認定ウィナーズ(2歳),,8,11,ダ1200,ダ,1200,良,9.0,11,73.9,42.1,2.0,54,1-2,1:18.2,石堂響,418(+2),晴,1.0,2.0,,2.0
2026-07-25-03-11,202601010111,2026-07-25,札幌,11,TVh賞,9,パクスロマーナ,https://db.netkeiba.com/horse/2020104616/,2020104616,牝,6,56.0,舟山,,,36,2022/09/01,門別,2歳3組,,7,9,ダ1000,ダ,1000,重,6.0,8,29.9,38.1,1.3,54,3-3,1:01.1,石堂響,416(-10),曇,3.0,3.0,,3.0
2026-07-25-03-11,202601010111,2026-07-25,札幌,11,TVh賞,9,パクスロマーナ,https://db.netkeiba.com/horse/2020104616/,2020104616,牝,6,56.0,舟山,,,37,2022/08/16,門別,JRA認定アタックチ(未勝利)(2歳),,3,3,ダ1000,ダ,1000,不,11.0,10,21.5,39.6,2.3,54,2-4,1:02.8,石堂響,426(+10),曇,2.0,4.0,,4.0
2026-07-25-03-11,202601010111,2026-07-25,札幌,11,TVh賞,9,パクスロマーナ,https://db.netkeiba.com/horse/2020104616/,2020104616,牝,6,56.0,舟山,,,38,2022/07/19,門別,2歳未勝利(未勝利),,8,9,ダ1000,ダ,1000,稍,1.0,1,2.8,37.2,-2.0,54,1-1,1:00.8,石堂響,416(-2),晴,1.0,1.0,,1.0
2026-07-25-03-11,202601010111,2026-07-25,札幌,11,TVh賞,9,パクスロマーナ,https://db.netkeiba.com/horse/2020104616/,2020104616,牝,6,56.0,舟山,,,39,2022/07/05,門別,2歳牝馬未勝利(未勝利),,4,4,ダ1000,ダ,1000,稍,5.0,8,106.6,36.9,1.2,54,8-6,1:02.0,石堂響,418(-4),晴,8.0,6.0,,6.0
2026-07-25-03-11,202601010111,2026-07-25,札幌,11,TVh賞,9,パクスロマーナ,https://db.netkeiba.com/horse/2020104616/,2020104616,牝,6,56.0,舟山,,,40,2022/06/09,門別,JRA認定アタックチ(未勝利)(2歳),,8,11,ダ1000,ダ,1000,良,6.0,9,138.2,39.8,1.3,54,3-3,1:03.9,黒澤愛斗,422(+2),晴,3.0,3.0,,3.0
2026-07-25-03-11,202601010111,2026-07-25,札幌,11,TVh賞,9,パクスロマーナ,https://db.netkeiba.com/horse/2020104616/,2020104616,牝,6,56.0,舟山,,,41,2022/05/19,門別,JRA認定フレッシュ(新馬)(2歳),,3,3,ダ1100,ダ,1100,良,6.0,5,23.7,42.7,2.4,54,2-2,1:12.6,黒澤愛斗,420(0),雨,2.0,2.0,,2.0
2026-07-25-03-11,202601010111,2026-07-25,札幌,11,TVh賞,9,パクスロマーナ,https://db.netkeiba.com/horse/2020104616/,2020104616,牝,6,56.0,舟山,,,42,2022/04/21,門別,JRA認定フレッシュ(新馬)(2歳),,4,4,ダ1000,ダ,1000,良,,,,,,54,,,石川倭,計不,晴,,,,
2026-07-25-03-11,202601010111,2026-07-25,札幌,11,TVh賞,10,メルトユアハート,https://db.netkeiba.com/horse/2021100143/,2021100143,牝,5,56.0,横山和,,,0,2026/07/04,1函館7,TVh杯(3勝クラス),,6,12,芝1200,芝,1200,良,2.0,5,11.3,34.2,0.1,56,6-5,1:07.9,横山和生,506(+2),晴,6.0,5.0,,5.0
2026-07-25-03-11,202601010111,2026-07-25,札幌,11,TVh賞,10,メルトユアハート,https://db.netkeiba.com/horse/2021100143/,2021100143,牝,5,56.0,横山和,,,1,2026/06/21,1函館4,UHB杯(3勝クラス),,2,2,芝1200,芝,1200,良,13.0,6,9.4,35.2,0.8,52,5-6,1:08.7,横山琉人,504(0),小雨,5.0,6.0,,6.0
2026-07-25-03-11,202601010111,2026-07-25,札幌,11,TVh賞,10,メルトユアハート,https://db.netkeiba.com/horse/2021100143/,2021100143,牝,5,56.0,横山和,,,2,2026/04/05,2阪神4,心斎橋S(3勝クラス),,7,15,芝1400,芝,1400,良,9.0,9,22.6,36.1,1.1,53,4-3,1:20.8,松若風馬,504(-4),晴,4.0,3.0,,3.0
2026-07-25-03-11,202601010111,2026-07-25,札幌,11,TVh賞,10,メルトユアハート,https://db.netkeiba.com/horse/2021100143/,2021100143,牝,5,56.0,横山和,,,3,2025/10/12,3京都4,三年坂S(3勝クラス),,8,13,芝1600,芝,1600,良,11.0,10,23.7,34.5,0.7,53,5-4,1:32.8,吉村誠之,508(+4),曇,5.0,4.0,,4.0
2026-07-25-03-11,202601010111,2026-07-25,札幌,11,TVh賞,10,メルトユアハート,https://db.netkeiba.com/horse/2021100143/,2021100143,牝,5,56.0,横山和,,,4,2025/09/14,4阪神4,仲秋S(3勝クラス),,5,5,芝1600,芝,1600,良,9.0,9,46.5,34.0,0.8,56,4-4,1:33.0,西村淳也,504(0),曇,4.0,4.0,,4.0
2026-07-25-03-11,202601010111,2026-07-25,札幌,11,TVh賞,10,メルトユアハート,https://db.netkeiba.com/horse/2021100143/,2021100143,牝,5,56.0,横山和,,,5,2025/07/05,2小倉3,マレーシアC(3勝クラス),,8,10,芝1800,芝,1800,良,10.0,4,9.0,36.8,1.2,54,4-4-5-5,1:48.2,吉村誠之,504(+2),晴,4.0,4.0,5.0,5.0
2026-07-25-03-11,202601010111,2026-07-25,札幌,11,TVh賞,10,メルトユアハート,https://db.netkeiba.com/horse/2021100143/,2021100143,牝,5,56.0,横山和,,,6,2025/05/10,2東京5,分倍河原S(3勝クラス),,8,14,芝1600,芝,1600,稍,10.0,10,24.3,33.0,0.3,56,15-13,1:35.0,横山和生,502(+4),曇,15.0,13.0,,13.0
2026-07-25-03-11,202601010111,2026-07-25,札幌,11,TVh賞,10,メルトユアハート,https://db.netkeiba.com/horse/2021100143/,2021100143,牝,5,56.0,横山和,,,7,2025/03/29,2中京5,豊橋S(3勝クラス),,2,2,芝1600,芝,1600,稍,2.0,2,3.8,34.8,0.0,56,1-1-1,1:35.2,荻野極,498(+4),晴,1.0,1.0,1.0,1.0
2026-07-25-03-11,202601010111,2026-07-25,札幌,11,TVh賞,10,メルトユアハート,https://db.netkeiba.com/horse/2021100143/,2021100143,牝,5,56.0,横山和,,,8,2025/02/16,1東京6,雲雀S(3勝クラス),,7,13,芝1600,芝,1600,良,6.0,12,33.1,34.2,0.1,56,2-2,1:34.1,横山和生,494(-6),曇,2.0,2.0,,2.0
2026-07-25-03-11,202601010111,2026-07-25,札幌,11,TVh賞,10,メルトユアハート,https://db.netkeiba.com/horse/2021100143/,2021100143,牝,5,56.0,横山和,,,9,2024/11/30,4中京1,中京日経賞(2勝クラス),,4,5,芝1600,芝,1600,良,1.0,5,6.8,34.6,-0.1,53,2-2-2,1:33.9,横山和生,500(0),晴,2.0,2.0,2.0,2.0
2026-07-25-03-11,202601010111,2026-07-25,札幌,11,TVh賞,10,メルトユアハート,https://db.netkeiba.com/horse/2021100143/,2021100143,牝,5,56.0,横山和,,,10,2024/09/16,4中山5,習志野特別(2勝クラス),,8,9,芝2000,芝,2000,良,8.0,3,8.1,36.2,1.8,53,3-4-3-4,2:01.1,横山和生,500(+8),曇,3.0,4.0,3.0,4.0
2026-07-25-03-11,202601010111,2026-07-25,札幌,11,TVh賞,10,メルトユアハート,https://db.netkeiba.com/horse/2021100143/,2021100143,牝,5,56.0,横山和,,,11,2024/08/25,2中京6,長久手特別(2勝クラス),,4,4,芝2000,芝,2000,良,5.0,2,3.7,35.6,1.3,53,1-1-1-1,2:00.5,鮫島克駿,492(-2),曇,1.0,1.0,1.0,1.0
2026-07-25-03-11,202601010111,2026-07-25,札幌,11,TVh賞,10,メルトユアハート,https://db.netkeiba.com/horse/2021100143/,2021100143,牝,5,56.0,横山和,,,12,2024/06/08,4京都3,一乗寺特別(1勝クラス),,8,9,芝2000,芝,2000,良,1.0,1,1.4,34.4,-0.1,53,3-2-2-2,1:59.5,川田将雅,494(-4),曇,3.0,2.0,2.0,2.0
2026-07-25-03-11,202601010111,2026-07-25,札幌,11,TVh賞,10,メルトユアハート,https://db.netkeiba.com/horse/2021100143/,2021100143,牝,5,56.0,横山和,,,13,2024/05/18,2東京9,カーネーションC(1勝クラス),,2,2,芝1800,芝,1800,良,3.0,3,8.1,34.5,0.3,55,1-3-3,1:47.1,横山和生,498(+10),晴,1.0,3.0,3.0,3.0
2026-07-25-03-11,202601010111,2026-07-25,札幌,11,TVh賞,10,メルトユアハート,https://db.netkeiba.com/horse/2021100143/,2021100143,牝,5,56.0,横山和,,,14,2024/03/17,1中京4,3歳未勝利,,5,10,芝2000,芝,2000,良,1.0,1,2.3,34.4,-0.1,55,3-3-3-3,2:03.6,鮫島克駿,488(-4),曇,3.0,3.0,3.0,3.0
2026-07-25-03-11,202601010111,2026-07-25,札幌,11,TVh賞,10,メルトユアハート,https://db.netkeiba.com/horse/2021100143/,2021100143,牝,5,56.0,横山和,,,15,2024/02/11,2京都6,3歳未勝利,,2,2,芝2000,芝,2000,良,3.0,2,3.7,35.5,0.6,55,8-6-4-3,2:03.1,西村淳也,492(-4),曇,8.0,6.0,4.0,3.0
2026-07-25-03-11,202601010111,2026-07-25,札幌,11,TVh賞,10,メルトユアハート,https://db.netkeiba.com/horse/2021100143/,2021100143,牝,5,56.0,横山和,,,16,2024/01/14,1小倉2,3歳新馬,,8,14,芝2000,芝,2000,良,3.0,1,3.3,35.6,0.5,55,10-9-9-7,2:02.1,鮫島克駿,496(0),晴,10.0,9.0,9.0,7.0
2026-07-25-03-11,202601010111,2026-07-25,札幌,11,TVh賞,11,ルーフ,https://db.netkeiba.com/horse/2020104194/,2020104194,牝,6,56.0,佐々木,,,0,2026/07/04,1函館7,TVh杯(3勝クラス),,7,14,芝1200,芝,1200,良,3.0,10,25.0,33.7,0.2,56,11-12,1:08.0,佐々木大,508(+6),晴,11.0,12.0,,12.0
2026-07-25-03-11,202601010111,2026-07-25,札幌,11,TVh賞,11,ルーフ,https://db.netkeiba.com/horse/2020104194/,2020104194,牝,6,56.0,佐々木,,,1,2026/06/21,1函館4,UHB杯(3勝クラス),,5,9,芝1200,芝,1200,良,5.0,11,18.4,34.4,0.3,53,11-11,1:08.2,佐々木大,502(0),小雨,11.0,11.0,,11.0
2026-07-25-03-11,202601010111,2026-07-25,札幌,11,TVh賞,11,ルーフ,https://db.netkeiba.com/horse/2020104194/,2020104194,牝,6,56.0,佐々木,,,2,2026/03/21,1阪神9,淀屋橋S(3勝クラス),,4,7,芝1200,芝,1200,良,9.0,5,10.9,33.6,0.8,54,11-14,1:08.7,北村友一,502(+6),晴,11.0,14.0,,14.0
2026-07-25-03-11,202601010111,2026-07-25,札幌,11,TVh賞,11,ルーフ,https://db.netkeiba.com/horse/2020104194/,2020104194,牝,6,56.0,佐々木,,,3,2026/02/14,1小倉7,下関S(3勝クラス),,3,6,芝1200,芝,1200,良,7.0,9,20.4,34.8,1.1,56,12-14,1:08.3,松若風馬,496(-4),曇,12.0,14.0,,14.0
2026-07-25-03-11,202601010111,2026-07-25,札幌,11,TVh賞,11,ルーフ,https://db.netkeiba.com/horse/2020104194/,2020104194,牝,6,56.0,佐々木,,,4,2026/01/31,1小倉3,巌流島S(3勝クラス),,7,15,芝1200,芝,1200,良,11.0,4,8.5,34.7,1.1,54,3-4,1:07.9,松若風馬,500(-4),晴,3.0,4.0,,4.0
2026-07-25-03-11,202601010111,2026-07-25,札幌,11,TVh賞,11,ルーフ,https://db.netkeiba.com/horse/2020104194/,2020104194,牝,6,56.0,佐々木,,,5,2025/12/07,5中山2,南総S(3勝クラス),,5,6,芝1200,芝,1200,良,5.0,9,25.2,33.8,0.3,56,9-11,1:07.5,石橋脩,504(-2),晴,9.0,11.0,,11.0
2026-07-25-03-11,202601010111,2026-07-25,札幌,11,TVh賞,11,ルーフ,https://db.netkeiba.com/horse/2020104194/,2020104194,牝,6,56.0,佐々木,,,6,2025/11/23,4京都6,醍醐S(3勝クラス),,6,12,芝1200,芝,1200,良,7.0,9,24.4,33.3,0.5,56,7-10,1:08.5,坂井瑠星,506(0),晴,7.0,10.0,,10.0
2026-07-25-03-11,202601010111,2026-07-25,札幌,11,TVh賞,11,ルーフ,https://db.netkeiba.com/horse/2020104194/,2020104194,牝,6,56.0,佐々木,,,7,2025/10/18,4新潟1,北陸S(3勝クラス),,7,13,芝1200,芝,1200,良,3.0,7,19.1,34.1,0.7,54,6-6,1:08.7,丹内祐次,506(+4),曇,6.0,6.0,,6.0
2026-07-25-03-11,202601010111,2026-07-25,札幌,11,TVh賞,11,ルーフ,https://db.netkeiba.com/horse/2020104194/,2020104194,牝,6,56.0,佐々木,,,8,2025/09/27,4阪神8,道頓堀S(3勝クラス),,1,1,芝1200,芝,1200,良,2.0,7,12.2,33.6,0.0,56,3-3,1:08.3,松若風馬,502(0),晴,3.0,3.0,,3.0
2026-07-25-03-11,202601010111,2026-07-25,札幌,11,TVh賞,11,ルーフ,https://db.netkeiba.com/horse/2020104194/,2020104194,牝,6,56.0,佐々木,,,9,2025/09/07,4中山2,セプテンバーS(3勝クラス),,6,9,芝1200,芝,1200,良,,,,,,53,,,戸崎圭太,498(-4),晴,,,,
2026-07-25-03-11,202601010111,2026-07-25,札幌,11,TVh賞,11,ルーフ,https://db.netkeiba.com/horse/2020104194/,2020104194,牝,6,56.0,佐々木,,,10,2025/07/26,1札幌1,TVh賞(3勝クラス),,1,1,芝1200,芝,1200,良,2.0,6,16.5,33.6,0.2,52,3-3,1:07.6,北村友一,502(-8),小雨,3.0,3.0,,3.0
2026-07-25-03-11,202601010111,2026-07-25,札幌,11,TVh賞,11,ルーフ,https://db.netkeiba.com/horse/2020104194/,2020104194,牝,6,56.0,佐々木,,,11,2025/07/05,1函館7,TVh杯(3勝クラス),,6,10,芝1200,芝,1200,稍,10.0,11,40.0,34.5,0.6,56,8-9,1:09.9,藤岡佑介,510(+6),晴,8.0,9.0,,9.0
2026-07-25-03-11,202601010111,2026-07-25,札幌,11,TVh賞,11,ルーフ,https://db.netkeiba.com/horse/2020104194/,2020104194,牝,6,56.0,佐々木,,,12,2025/06/22,1函館4,UHB杯(3勝クラス),,7,12,芝1200,芝,1200,重,8.0,10,31.9,34.6,0.4,53,6-5,1:09.1,北村友一,504(+22),小雨,6.0,5.0,,5.0
2026-07-25-03-11,202601010111,2026-07-25,札幌,11,TVh賞,11,ルーフ,https://db.netkeiba.com/horse/2020104194/,2020104194,牝,6,56.0,佐々木,,,13,2025/03/29,3中山1,ブラッドストーンS(3勝クラス),,4,7,ダ1200,ダ,1200,稍,11.0,13,106.8,37.8,1.0,56,2-2,1:11.5,田辺裕信,482(0),雨,2.0,2.0,,2.0
2026-07-25-03-11,202601010111,2026-07-25,札幌,11,TVh賞,11,ルーフ,https://db.netkeiba.com/horse/2020104194/,2020104194,牝,6,56.0,佐々木,,,14,2025/03/02,2中山2,アクアマリンS(3勝クラス),,5,9,芝1200,芝,1200,良,11.0,7,23.3,34.7,0.9,56,6-6,1:08.3,キング,482(0),晴,6.0,6.0,,6.0
2026-07-25-03-11,202601010111,2026-07-25,札幌,11,TVh賞,11,ルーフ,https://db.netkeiba.com/horse/2020104194/,2020104194,牝,6,56.0,佐々木,,,15,2025/02/15,1小倉7,下関S(3勝クラス),,6,11,芝1200,芝,1200,良,7.0,10,20.4,34.8,0.6,56,9-8,1:08.4,藤岡佑介,482(-6),曇,9.0,8.0,,8.0
2026-07-25-03-11,202601010111,2026-07-25,札幌,11,TVh賞,11,ルーフ,https://db.netkeiba.com/horse/2020104194/,2020104194,牝,6,56.0,佐々木,,,16,2025/01/06,1中山2,サンライズS(3勝クラス),,1,2,芝1200,芝,1200,良,15.0,4,12.9,35.5,1.2,54,4-4,1:09.4,横山武史,488(0),曇,4.0,4.0,,4.0
2026-07-25-03-11,202601010111,2026-07-25,札幌,11,TVh賞,11,ルーフ,https://db.netkeiba.com/horse/2020104194/,2020104194,牝,6,56.0,佐々木,,,17,2024/04/28,3京都4,ライスシャワーC(3勝クラス),,3,5,芝1200,芝,1200,良,10.0,5,7.8,32.9,0.6,56,16-15,1:08.4,鮫島克駿,488(+8),晴,16.0,15.0,,15.0
2026-07-25-03-11,202601010111,2026-07-25,札幌,11,TVh賞,11,ルーフ,https://db.netkeiba.com/horse/2020104194/,2020104194,牝,6,56.0,佐々木,,,18,2024/03/24,3中山2,4歳以上2勝クラス,,3,3,芝1200,芝,1200,良,1.0,2,3.7,33.8,0.0,56,3-3,1:07.7,岩田望来,480(-4),曇,3.0,3.0,,3.0
2026-07-25-03-11,202601010111,2026-07-25,札幌,11,TVh賞,11,ルーフ,https://db.netkeiba.com/horse/2020104194/,2020104194,牝,6,56.0,佐々木,,,19,2024/02/24,1阪神1,4歳以上2勝クラス,,2,2,芝1200,芝,1200,良,3.0,2,3.5,34.4,0.4,56,4-4,1:08.6,ムルザバ,484(-4),晴,4.0,4.0,,4.0
2026-07-25-03-11,202601010111,2026-07-25,札幌,11,TVh賞,11,ルーフ,https://db.netkeiba.com/horse/2020104194/,2020104194,牝,6,56.0,佐々木,,,20,2024/02/03,2京都3,4歳以上2勝クラス,,2,2,芝1200,芝,1200,良,9.0,2,6.0,36.3,1.2,56,2-3,1:09.9,松山弘平,488(+12),晴,2.0,3.0,,3.0
2026-07-25-03-11,202601010111,2026-07-25,札幌,11,TVh賞,11,ルーフ,https://db.netkeiba.com/horse/2020104194/,2020104194,牝,6,56.0,佐々木,,,21,2023/03/12,1阪神10,フィリーズレビュー(GII),,6,11,芝1400,芝,1400,良,4.0,4,7.4,35.2,0.2,54,7-7,1:20.9,藤岡康太,476(-4),晴,7.0,7.0,,7.0
2026-07-25-03-11,202601010111,2026-07-25,札幌,11,TVh賞,11,ルーフ,https://db.netkeiba.com/horse/2020104194/,2020104194,牝,6,56.0,佐々木,,,22,2023/01/21,1小倉3,萌黄賞(1勝クラス),,7,7,芝1200,芝,1200,稍,1.0,2,3.3,34.9,-0.1,54,3-3,1:08.7,藤岡康太,480(-6),晴,3.0,3.0,,3.0
2026-07-25-03-11,202601010111,2026-07-25,札幌,11,TVh賞,11,ルーフ,https://db.netkeiba.com/horse/2020104194/,2020104194,牝,6,56.0,佐々木,,,23,2022/10/22,4阪神6,2歳未勝利,,3,3,芝1200,芝,1200,良,1.0,1,1.4,33.7,-0.7,54,1-1,1:09.5,坂井瑠星,486(-4),曇,1.0,1.0,,1.0
2026-07-25-03-11,202601010111,2026-07-25,札幌,11,TVh賞,11,ルーフ,https://db.netkeiba.com/horse/2020104194/,2020104194,牝,6,56.0,佐々木,,,24,2022/10/08,4東京1,2歳未勝利,,1,2,芝1400,芝,1400,稍,3.0,1,2.6,34.6,0.1,54,2-2,1:21.0,田辺裕信,490(+4),曇,2.0,2.0,,2.0
2026-07-25-03-11,202601010111,2026-07-25,札幌,11,TVh賞,11,ルーフ,https://db.netkeiba.com/horse/2020104194/,2020104194,牝,6,56.0,佐々木,,,25,2022/09/18,4中山4,2歳新馬,,1,2,芝1200,芝,1200,良,3.0,2,4.2,33.3,0.3,54,12-10,1:10.5,田辺裕信,486(0),雨,12.0,10.0,,10.0
2026-07-25-03-11,202601010111,2026-07-25,札幌,11,TVh賞,12,ロジケープ,https://db.netkeiba.com/horse/2023104015/,2023104015,牡,3,55.0,丹内,,,0,2026/06/06,3東京1,テレビ山梨杯(2勝クラス),,3,6,芝1400,芝,1400,良,1.0,3,11.2,33.5,0.0,54,7-6,1:20.1,丹内祐次,500(+10),晴,7.0,6.0,,6.0
2026-07-25-03-11,202601010111,2026-07-25,札幌,11,TVh賞,12,ロジケープ,https://db.netkeiba.com/horse/2023104015/,2023104015,牡,3,55.0,丹内,,,1,2026/04/25,1福島5,雪うさぎ賞(1勝クラス),,1,2,芝1200,芝,1200,良,1.0,1,2.1,34.5,-0.2,57,6-5,1:07.8,丹内祐次,490(-16),晴,6.0,5.0,,5.0
2026-07-25-03-11,202601010111,2026-07-25,札幌,11,TVh賞,12,ロジケープ,https://db.netkeiba.com/horse/2023104015/,2023104015,牡,3,55.0,丹内,,,2,2026/03/15,2中山6,3歳1勝クラス,,4,7,芝1200,芝,1200,良,3.0,1,2.3,34.7,0.4,57,2-2,1:07.7,丹内祐次,506(+6),晴,2.0,2.0,,2.0
2026-07-25-03-11,202601010111,2026-07-25,札幌,11,TVh賞,12,ロジケープ,https://db.netkeiba.com/horse/2023104015/,2023104015,牡,3,55.0,丹内,,,3,2026/02/22,1小倉10,3歳未勝利,,5,10,芝1200,芝,1200,良,1.0,2,3.9,34.7,-0.6,57,2-2,1:07.9,丹内祐次,500(+4),晴,2.0,2.0,,2.0
2026-07-25-03-11,202601010111,2026-07-25,札幌,11,TVh賞,12,ロジケープ,https://db.netkeiba.com/horse/2023104015/,2023104015,牡,3,55.0,丹内,,,4,2025/11/09,5東京2,2歳未勝利,,8,16,芝1400,芝,1400,良,3.0,1,1.9,35.2,0.5,56,3-3,1:22.0,横山武史,496(0),小雨,3.0,3.0,,3.0
2026-07-25-03-11,202601010111,2026-07-25,札幌,11,TVh賞,12,ロジケープ,https://db.netkeiba.com/horse/2023104015/,2023104015,牡,3,55.0,丹内,,,5,2025/10/18,4新潟1,2歳未勝利,,4,5,芝1600,芝,1600,良,3.0,6,8.8,33.7,0.2,56,4-5,1:34.1,吉田隼人,496(-6),曇,4.0,5.0,,5.0
2026-07-25-03-11,202601010111,2026-07-25,札幌,11,TVh賞,12,ロジケープ,https://db.netkeiba.com/horse/2023104015/,2023104015,牡,3,55.0,丹内,,,6,2025/10/04,4東京1,2歳新馬,,7,14,芝1800,芝,1800,良,3.0,4,8.2,34.5,0.4,56,4-3-3,1:48.7,吉田隼人,502(0),曇,4.0,3.0,3.0,3.0
2026-07-25-03-12,202601010112,2026-07-25,札幌,12,桑園特別,1,エンプレスフレーム,https://db.netkeiba.com/horse/2022107254/,2022107254,牝,4,56.0,原田和,,,0,2026/07/04,1函館7,竜飛崎特別(2勝クラス),,7,12,ダ1700,ダ,1700,良,7.0,14,289.3,38.5,0.5,56,7-7-6-8,1:46.0,原田和真,454(-2),晴,7.0,7.0,6.0,8.0
2026-07-25-03-12,202601010112,2026-07-25,札幌,12,桑園特別,1,エンプレスフレーム,https://db.netkeiba.com/horse/2022107254/,2022107254,牝,4,56.0,原田和,,,1,2026/05/23,2東京9,4歳以上2勝クラス,,7,13,ダ1600,ダ,1600,稍,10.0,16,297.7,36.4,1.4,56,4-4,1:38.1,原田和真,456(-2),曇,4.0,4.0,,4.0
2026-07-25-03-12,202601010112,2026-07-25,札幌,12,桑園特別,1,エンプレスフレーム,https://db.netkeiba.com/horse/2022107254/,2022107254,牝,4,56.0,原田和,,,2,2026/04/04,3中山3,千葉日報杯(2勝クラス),,3,4,ダ1800,ダ,1800,重,13.0,10,107.7,39.5,2.3,56,4-4-6-8,1:55.7,原田和真,458(+4),雨,4.0,4.0,6.0,8.0
2026-07-25-03-12,202601010112,2026-07-25,札幌,12,桑園特別,1,エンプレスフレーム,https://db.netkeiba.com/horse/2022107254/,2022107254,牝,4,56.0,原田和,,,3,2025/12/28,5中山8,ハッピーエンドC(2勝クラス),,3,3,ダ1800,ダ,1800,良,13.0,12,160.7,43.5,5.5,55,2-2-4-7,1:58.4,原田和真,454(0),晴,2.0,2.0,4.0,7.0
2026-07-25-03-12,202601010112,2026-07-25,札幌,12,桑園特別,1,エンプレスフレーム,https://db.netkeiba.com/horse/2022107254/,2022107254,牝,4,56.0,原田和,,,4,2025/11/09,3福島2,河北新報杯(2勝クラス),,5,9,ダ1700,ダ,1700,良,9.0,5,11.5,38.8,1.4,54,6-6-5-4,1:46.9,原田和真,454(+4),小雨,6.0,6.0,5.0,4.0
2026-07-25-03-12,202601010112,2026-07-25,札幌,12,桑園特別,1,エンプレスフレーム,https://db.netkeiba.com/horse/2022107254/,2022107254,牝,4,56.0,原田和,,,5,2025/09/07,2札幌6,旭川特別(2勝クラス),,6,10,ダ1700,ダ,1700,稍,4.0,2,4.0,38.0,0.8,53,6-6-6-3,1:46.1,原田和真,450(+4),晴,6.0,6.0,6.0,3.0
2026-07-25-03-12,202601010112,2026-07-25,札幌,12,桑園特別,1,エンプレスフレーム,https://db.netkeiba.com/horse/2022107254/,2022107254,牝,4,56.0,原田和,,,6,2025/08/24,2札幌2,3歳以上1勝クラス,,8,10,ダ1700,ダ,1700,良,1.0,3,5.4,38.2,-0.7,53,5-4-3-3,1:45.6,原田和真,446(+6),晴,5.0,4.0,3.0,3.0
2026-07-25-03-12,202601010112,2026-07-25,札幌,12,桑園特別,1,エンプレスフレーム,https://db.netkeiba.com/horse/2022107254/,2022107254,牝,4,56.0,原田和,,,7,2025/08/09,1札幌5,3歳以上1勝クラス,,1,1,ダ1700,ダ,1700,重,2.0,9,29.4,36.9,0.2,53,5-6-5-5,1:45.7,原田和真,440(-6),晴,5.0,6.0,5.0,5.0
2026-07-25-03-12,202601010112,2026-07-25,札幌,12,桑園特別,1,エンプレスフレーム,https://db.netkeiba.com/horse/2022107254/,2022107254,牝,4,56.0,原田和,,,8,2025/07/19,1函館11,3歳以上1勝クラス,,8,15,芝1200,芝,1200,良,12.0,16,194.4,35.1,1.3,53,9-10,1:09.5,原田和真,446(0),晴,9.0,10.0,,10.0
2026-07-25-03-12,202601010112,2026-07-25,札幌,12,桑園特別,1,エンプレスフレーム,https://db.netkeiba.com/horse/2022107254/,2022107254,牝,4,56.0,原田和,,,9,2025/06/14,3東京3,3歳以上1勝クラス,,4,7,ダ1400,ダ,1400,良,7.0,7,26.2,37.1,1.6,53,5-5,1:25.3,原優介,446(+2),小雨,5.0,5.0,,5.0
2026-07-25-03-12,202601010112,2026-07-25,札幌,12,桑園特別,1,エンプレスフレーム,https://db.netkeiba.com/horse/2022107254/,2022107254,牝,4,56.0,原田和,,,10,2025/04/26,2東京1,3歳1勝クラス,,4,8,ダ1600,ダ,1600,稍,14.0,16,288.3,37.6,1.4,55,3-3,1:38.6,石橋脩,444(-4),曇,3.0,3.0,,3.0
2026-07-25-03-12,202601010112,2026-07-25,札幌,12,桑園特別,1,エンプレスフレーム,https://db.netkeiba.com/horse/2022107254/,2022107254,牝,4,56.0,原田和,,,11,2025/02/16,1東京6,3歳1勝クラス,,1,1,ダ1600,ダ,1600,良,7.0,6,21.1,38.7,1.4,55,1-1,1:39.5,田辺裕信,448(+2),晴,1.0,1.0,,1.0
2026-07-25-03-12,202601010112,2026-07-25,札幌,12,桑園特別,1,エンプレスフレーム,https://db.netkeiba.com/horse/2022107254/,2022107254,牝,4,56.0,原田和,,,12,2025/01/11,1中山3,黒竹賞(1勝クラス),,3,4,ダ1800,ダ,1800,稍,12.0,10,68.1,42.0,3.9,55,5-6-7-7,1:56.7,原優介,446(-6),晴,5.0,6.0,7.0,7.0
2026-07-25-03-12,202601010112,2026-07-25,札幌,12,桑園特別,1,エンプレスフレーム,https://db.netkeiba.com/horse/2022107254/,2022107254,牝,4,56.0,原田和,,,13,2024/11/16,5東京5,2歳未勝利,,2,3,ダ1600,ダ,1600,良,1.0,1,1.8,37.3,-0.2,55,6-6,1:39.2,マーカン,452(+10),曇,6.0,6.0,,6.0
2026-07-25-03-12,202601010112,2026-07-25,札幌,12,桑園特別,1,エンプレスフレーム,https://db.netkeiba.com/horse/2022107254/,2022107254,牝,4,56.0,原田和,,,14,2024/10/26,4東京7,2歳未勝利,,8,11,ダ1600,ダ,1600,良,2.0,1,2.7,38.1,0.1,54,3-3,1:39.1,原優介,442(0),曇,3.0,3.0,,3.0
2026-07-25-03-12,202601010112,2026-07-25,札幌,12,桑園特別,1,エンプレスフレーム,https://db.netkeiba.com/horse/2022107254/,2022107254,牝,4,56.0,原田和,,,15,2024/10/06,4東京2,2歳未勝利,,7,9,ダ1600,ダ,1600,重,2.0,5,16.9,36.3,0.1,54,2-3,1:36.8,原優介,442(+8),曇,2.0,3.0,,3.0
2026-07-25-03-12,202601010112,2026-07-25,札幌,12,桑園特別,1,エンプレスフレーム,https://db.netkeiba.com/horse/2022107254/,2022107254,牝,4,56.0,原田和,,,16,2024/08/11,3新潟2,2歳未勝利,,5,8,芝1400,芝,1400,良,13.0,8,20.8,38.7,2.6,54,3-3,1:24.8,原優介,434(+2),晴,3.0,3.0,,3.0
2026-07-25-03-12,202601010112,2026-07-25,札幌,12,桑園特別,1,エンプレスフレーム,https://db.netkeiba.com/horse/2022107254/,2022107254,牝,4,56.0,原田和,,,17,2024/07/14,2福島6,2歳新馬,,8,11,芝1800,芝,1800,良,8.0,10,51.7,38.2,1.8,54,1-1-1-1,1:52.2,原優介,432(0),晴,1.0,1.0,1.0,1.0
2026-07-25-03-12,202601010112,2026-07-25,札幌,12,桑園特別,2,ギマール,https://db.netkeiba.com/horse/2021105931/,2021105931,牡,5,58.0,国分恭,,,0,2026/07/04,1函館7,竜飛崎特別(2勝クラス),,8,13,ダ1700,ダ,1700,良,10.0,11,84.1,37.9,0.8,58,14-13-14-13,1:46.3,国分恭介,452(0),晴,14.0,13.0,14.0,13.0
2026-07-25-03-12,202601010112,2026-07-25,札幌,12,桑園特別,2,ギマール,https://db.netkeiba.com/horse/2021105931/,2021105931,牡,5,58.0,国分恭,,,1,2026/06/21,1函館4,檜山特別(2勝クラス),,1,1,ダ1700,ダ,1700,良,5.0,4,10.9,37.8,1.5,58,4-3-4-4,1:45.8,国分恭介,452(0),小雨,4.0,3.0,4.0,4.0
2026-07-25-03-12,202601010112,2026-07-25,札幌,12,桑園特別,2,ギマール,https://db.netkeiba.com/horse/2021105931/,2021105931,牡,5,58.0,国分恭,,,2,2026/04/26,1福島6,尾瀬特別(2勝クラス),,1,1,ダ1700,ダ,1700,良,4.0,2,6.2,38.2,0.1,58,3-3-3-3,1:45.7,国分恭介,452(-4),晴,3.0,3.0,3.0,3.0
2026-07-25-03-12,202601010112,2026-07-25,札幌,12,桑園特別,2,ギマール,https://db.netkeiba.com/horse/2021105931/,2021105931,牡,5,58.0,国分恭,,,3,2026/02/08,1小倉6,由布院特別(2勝クラス),,3,6,ダ1700,ダ,1700,良,,4,5.7,,,58,7-7-16,,国分恭介,456(-2),曇,7.0,7.0,16.0,16.0
2026-07-25-03-12,202601010112,2026-07-25,札幌,12,桑園特別,2,ギマール,https://db.netkeiba.com/horse/2021105931/,2021105931,牡,5,58.0,国分恭,,,4,2026/01/25,1小倉2,響灘特別(2勝クラス),,2,4,ダ1700,ダ,1700,良,2.0,8,16.4,36.3,0.0,58,7-7-8-5,1:45.8,国分恭介,458(+2),晴,7.0,7.0,8.0,5.0
2026-07-25-03-12,202601010112,2026-07-25,札幌,12,桑園特別,2,ギマール,https://db.netkeiba.com/horse/2021105931/,2021105931,牡,5,58.0,国分恭,,,5,2025/12/07,5阪神2,豊中特別(2勝クラス),,8,13,ダ1800,ダ,1800,良,6.0,5,15.1,38.1,0.4,58,8-8-7-6,1:52.5,北村友一,456(+2),晴,8.0,8.0,7.0,6.0
2026-07-25-03-12,202601010112,2026-07-25,札幌,12,桑園特別,2,ギマール,https://db.netkeiba.com/horse/2021105931/,2021105931,牡,5,58.0,国分恭,,,6,2025/11/15,3福島3,西郷特別(2勝クラス),,2,3,ダ1700,ダ,1700,良,4.0,7,17.1,37.5,0.8,56,4-4-4-4,1:46.7,斎藤新,454(+4),晴,4.0,4.0,4.0,4.0
2026-07-25-03-12,202601010112,2026-07-25,札幌,12,桑園特別,2,ギマール,https://db.netkeiba.com/horse/2021105931/,2021105931,牡,5,58.0,国分恭,,,7,2025/07/05,2小倉3,TAインディア賞(2勝クラス),,6,6,ダ1700,ダ,1700,良,3.0,3,14.5,37.5,0.6,58,7-7-4-4,1:47.2,岩田康誠,450(-6),晴,7.0,7.0,4.0,4.0
2026-07-25-03-12,202601010112,2026-07-25,札幌,12,桑園特別,2,ギマール,https://db.netkeiba.com/horse/2021105931/,2021105931,牡,5,58.0,国分恭,,,8,2025/06/01,2京都12,與杼特別(2勝クラス),,3,4,ダ1800,ダ,1800,良,6.0,5,12.0,38.1,0.5,58,11-10-7-8,1:52.3,岩田康誠,456(0),晴,11.0,10.0,7.0,8.0
2026-07-25-03-12,202601010112,2026-07-25,札幌,12,桑園特別,2,ギマール,https://db.netkeiba.com/horse/2021105931/,2021105931,牡,5,58.0,国分恭,,,9,2025/03/09,1阪神4,4歳以上2勝クラス,,5,5,ダ1800,ダ,1800,良,11.0,6,9.2,38.8,1.2,58,3-4-5-6,1:57.3,岩田康誠,456(0),晴,3.0,4.0,5.0,6.0
2026-07-25-03-12,202601010112,2026-07-25,札幌,12,桑園特別,2,ギマール,https://db.netkeiba.com/horse/2021105931/,2021105931,牡,5,58.0,国分恭,,,10,2025/02/09,1京都4,4歳以上1勝クラス,,6,7,ダ1800,ダ,1800,稍,1.0,1,1.8,37.7,0.0,57,2-2-2-2,1:54.6,岩田康誠,456(+4),晴,2.0,2.0,2.0,2.0
2026-07-25-03-12,202601010112,2026-07-25,札幌,12,桑園特別,2,ギマール,https://db.netkeiba.com/horse/2021105931/,2021105931,牡,5,58.0,国分恭,,,11,2024/06/09,4京都4,3歳以上1勝クラス,,5,10,ダ1800,ダ,1800,稍,2.0,2,5.4,37.9,0.2,55,3-3-3-2,1:53.2,岩田康誠,452(0),曇,3.0,3.0,3.0,2.0
2026-07-25-03-12,202601010112,2026-07-25,札幌,12,桑園特別,2,ギマール,https://db.netkeiba.com/horse/2021105931/,2021105931,牡,5,58.0,国分恭,,,12,2024/05/19,3京都10,3歳1勝クラス,,2,2,ダ1800,ダ,1800,良,3.0,11,56.3,37.4,0.5,57,9-9-7-4,1:53.1,菱田裕二,452(-6),小雨,9.0,9.0,7.0,4.0
2026-07-25-03-12,202601010112,2026-07-25,札幌,12,桑園特別,2,ギマール,https://db.netkeiba.com/horse/2021105931/,2021105931,牡,5,58.0,国分恭,,,13,2024/02/24,1阪神1,3歳未勝利,,6,7,ダ1800,ダ,1800,稍,1.0,4,5.3,39.3,-0.2,57,4-4-4-4,1:55.5,岩田康誠,458(-6),曇,4.0,4.0,4.0,4.0
2026-07-25-03-12,202601010112,2026-07-25,札幌,12,桑園特別,2,ギマール,https://db.netkeiba.com/horse/2021105931/,2021105931,牡,5,58.0,国分恭,,,14,2024/01/06,1京都1,3歳新馬,,5,10,ダ1800,ダ,1800,良,6.0,6,11.5,37.7,0.7,57,9-9-11-8,1:57.8,岩田康誠,464(0),晴,9.0,9.0,11.0,8.0
2026-07-25-03-12,202601010112,2026-07-25,札幌,12,桑園特別,3,ジュンラトゥール,https://db.netkeiba.com/horse/2021104039/,2021104039,牡,5,58.0,浜中,,,0,2026/07/19,1函館12,駒場特別(2勝クラス),,5,7,ダ1700,ダ,1700,不,9.0,6,26.2,38.5,2.4,58,12-11-8-9,1:44.8,浜中俊,446(-12),晴,12.0,11.0,8.0,9.0
2026-07-25-03-12,202601010112,2026-07-25,札幌,12,桑園特別,3,ジュンラトゥール,https://db.netkeiba.com/horse/2021104039/,2021104039,牡,5,58.0,浜中,,,1,2026/06/21,1函館4,檜山特別(2勝クラス),,3,3,ダ1700,ダ,1700,良,4.0,5,12.1,37.3,1.2,58,6-6-5-4,1:45.5,佐々木大,458(-2),小雨,6.0,6.0,5.0,4.0
2026-07-25-03-12,202601010112,2026-07-25,札幌,12,桑園特別,3,ジュンラトゥール,https://db.netkeiba.com/horse/2021104039/,2021104039,牡,5,58.0,浜中,,,2,2026/06/14,1函館2,津軽海峡特別(2勝クラス),,8,12,ダ1700,ダ,1700,良,4.0,6,8.8,37.2,0.5,56,8-8-6-5,1:44.7,富田暁,460(+2),晴,8.0,8.0,6.0,5.0
2026-07-25-03-12,202601010112,2026-07-25,札幌,12,桑園特別,3,ジュンラトゥール,https://db.netkeiba.com/horse/2021104039/,2021104039,牡,5,58.0,浜中,,,3,2026/04/26,1福島6,尾瀬特別(2勝クラス),,8,14,ダ1700,ダ,1700,良,3.0,7,12.1,38.0,0.1,58,10-10-7-4,1:45.7,富田暁,458(-10),晴,10.0,10.0,7.0,4.0
2026-07-25-03-12,202601010112,2026-07-25,札幌,12,桑園特別,3,ジュンラトゥール,https://db.netkeiba.com/horse/2021104039/,2021104039,牡,5,58.0,浜中,,,4,2026/03/21,1阪神9,4歳以上2勝クラス,,7,10,ダ1800,ダ,1800,良,7.0,9,28.6,37.9,0.7,58,9-10-9-9,1:52.6,酒井学,468(0),晴,9.0,10.0,9.0,9.0
2026-07-25-03-12,202601010112,2026-07-25,札幌,12,桑園特別,3,ジュンラトゥール,https://db.netkeiba.com/horse/2021104039/,2021104039,牡,5,58.0,浜中,,,5,2026/03/14,1中京1,中京スポーツ杯(2勝クラス),,4,6,ダ1800,ダ,1800,良,9.0,4,11.6,37.3,1.1,55,10-11-6-6,1:55.2,浜中俊,468(+12),晴,10.0,11.0,6.0,6.0
2026-07-25-03-12,202601010112,2026-07-25,札幌,12,桑園特別,3,ジュンラトゥール,https://db.netkeiba.com/horse/2021104039/,2021104039,牡,5,58.0,浜中,,,6,2026/02/28,1小倉11,早鞆特別(2勝クラス),,5,9,ダ1700,ダ,1700,重,4.0,13,48.6,37.4,0.4,55,11-10-8-6,1:42.9,菊沢一樹,456(-4),晴,11.0,10.0,8.0,6.0
2026-07-25-03-12,202601010112,2026-07-25,札幌,12,桑園特別,3,ジュンラトゥール,https://db.netkeiba.com/horse/2021104039/,2021104039,牡,5,58.0,浜中,,,7,2026/01/04,1京都1,天ケ瀬特別(2勝クラス),,2,2,ダ1800,ダ,1800,良,10.0,9,66.2,37.4,2.1,58,10-11-11-12,1:54.5,斎藤新,460(-2),曇,10.0,11.0,11.0,12.0
2026-07-25-03-12,202601010112,2026-07-25,札幌,12,桑園特別,3,ジュンラトゥール,https://db.netkeiba.com/horse/2021104039/,2021104039,牡,5,58.0,浜中,,,8,2025/12/13,5中京3,鳴海特別(2勝クラス),,4,8,ダ1800,ダ,1800,良,5.0,11,59.6,36.7,0.4,58,9-11-9-9,1:53.7,斎藤新,462(-2),曇,9.0,11.0,9.0,9.0
2026-07-25-03-12,202601010112,2026-07-25,札幌,12,桑園特別,3,ジュンラトゥール,https://db.netkeiba.com/horse/2021104039/,2021104039,牡,5,58.0,浜中,,,9,2025/09/07,2札幌6,3歳以上1勝クラス,,2,2,ダ1700,ダ,1700,稍,1.0,5,11.6,37.5,-0.5,58,11-14-14-8,1:45.7,斎藤新,464(+2),晴,11.0,14.0,14.0,8.0
2026-07-25-03-12,202601010112,2026-07-25,札幌,12,桑園特別,3,ジュンラトゥール,https://db.netkeiba.com/horse/2021104039/,2021104039,牡,5,58.0,浜中,,,10,2025/08/31,2札幌4,3歳以上1勝クラス,,5,6,ダ1700,ダ,1700,稍,6.0,5,9.4,37.9,0.7,55,5-5-5-7,1:46.1,舟山瑠泉,462(0),曇,5.0,5.0,5.0,7.0
2026-07-25-03-12,202601010112,2026-07-25,札幌,12,桑園特別,3,ジュンラトゥール,https://db.netkeiba.com/horse/2021104039/,2021104039,牡,5,58.0,浜中,,,11,2025/08/16,1札幌7,3歳以上1勝クラス,,7,12,ダ1700,ダ,1700,良,3.0,8,23.4,39.0,0.4,55,5-5-2-1,1:46.2,舟山瑠泉,462(+2),晴,5.0,5.0,2.0,1.0
2026-07-25-03-12,202601010112,2026-07-25,札幌,12,桑園特別,3,ジュンラトゥール,https://db.netkeiba.com/horse/2021104039/,2021104039,牡,5,58.0,浜中,,,12,2025/05/11,1新潟4,4歳以上1勝クラス,,7,12,ダ1800,ダ,1800,稍,10.0,4,6.6,40.6,1.0,58,6-7-5-5,1:55.8,丸山元気,460(-4),曇,6.0,7.0,5.0,5.0
2026-07-25-03-12,202601010112,2026-07-25,札幌,12,桑園特別,3,ジュンラトゥール,https://db.netkeiba.com/horse/2021104039/,2021104039,牡,5,58.0,浜中,,,13,2025/04/13,2阪神6,4歳以上1勝クラス,,8,10,ダ1800,ダ,1800,稍,4.0,2,4.3,38.2,0.9,58,5-5-4-5,1:54.8,松山弘平,464(-4),小雨,5.0,5.0,4.0,5.0
2026-07-25-03-12,202601010112,2026-07-25,札幌,12,桑園特別,3,ジュンラトゥール,https://db.netkeiba.com/horse/2021104039/,2021104039,牡,5,58.0,浜中,,,14,2025/03/23,2中京4,4歳以上1勝クラス,,2,4,ダ1800,ダ,1800,良,8.0,3,6.5,37.4,0.4,58,7-5-7-7,1:55.3,和田竜二,468(-2),晴,7.0,5.0,7.0,7.0
2026-07-25-03-12,202601010112,2026-07-25,札幌,12,桑園特別,3,ジュンラトゥール,https://db.netkeiba.com/horse/2021104039/,2021104039,牡,5,58.0,浜中,,,15,2025/03/08,1阪神3,4歳以上1勝クラス,,7,7,ダ2000,ダ,2000,良,5.0,2,3.5,40.3,0.5,58,4-5-3-3,2:09.3,和田竜二,470(+6),曇,4.0,5.0,3.0,3.0
2026-07-25-03-12,202601010112,2026-07-25,札幌,12,桑園特別,3,ジュンラトゥール,https://db.netkeiba.com/horse/2021104039/,2021104039,牡,5,58.0,浜中,,,16,2024/12/08,7京都4,3歳以上1勝クラス,,7,7,ダ1800,ダ,1800,良,2.0,2,3.8,38.8,0.1,57,2-2-4-4,1:54.2,松山弘平,464(-2),曇,2.0,2.0,4.0,4.0
2026-07-25-03-12,202601010112,2026-07-25,札幌,12,桑園特別,3,ジュンラトゥール,https://db.netkeiba.com/horse/2021104039/,2021104039,牡,5,58.0,浜中,,,17,2024/11/23,6京都7,3歳以上1勝クラス,,8,9,ダ1900,ダ,1900,良,2.0,3,3.3,38.3,0.4,56,4-4-2-2,2:01.0,松山弘平,466(+4),曇,4.0,4.0,2.0,2.0
2026-07-25-03-12,202601010112,2026-07-25,札幌,12,桑園特別,3,ジュンラトゥール,https://db.netkeiba.com/horse/2021104039/,2021104039,牡,5,58.0,浜中,,,18,2024/10/27,5京都8,3歳以上1勝クラス,,6,6,ダ1900,ダ,1900,良,3.0,1,3.0,38.6,0.3,55,3-3-6-6,2:01.1,田口貫太,462(0),曇,3.0,3.0,6.0,6.0
2026-07-25-03-12,202601010112,2026-07-25,札幌,12,桑園特別,3,ジュンラトゥール,https://db.netkeiba.com/horse/2021104039/,2021104039,牡,5,58.0,浜中,,,19,2024/09/29,3中京9,3歳以上1勝クラス,,3,3,ダ1900,ダ,1900,重,3.0,1,2.1,37.9,0.6,55,2-2-2-2,1:59.7,和田竜二,462(-6),曇,2.0,2.0,2.0,2.0
2026-07-25-03-12,202601010112,2026-07-25,札幌,12,桑園特別,3,ジュンラトゥール,https://db.netkeiba.com/horse/2021104039/,2021104039,牡,5,58.0,浜中,,,20,2024/09/14,3中京3,3歳以上1勝クラス,,5,7,ダ1900,ダ,1900,良,2.0,3,5.5,37.9,0.2,55,2-2-2-4,2:00.4,和田竜二,468(+12),晴,2.0,2.0,2.0,4.0
2026-07-25-03-12,202601010112,2026-07-25,札幌,12,桑園特別,3,ジュンラトゥール,https://db.netkeiba.com/horse/2021104039/,2021104039,牡,5,58.0,浜中,,,21,2024/05/26,3京都12,3歳未勝利,,7,13,ダ1900,ダ,1900,良,1.0,1,2.3,37.9,-0.4,57,4-6-5-4,2:00.6,和田竜二,456(+2),晴,4.0,6.0,5.0,4.0
2026-07-25-03-12,202601010112,2026-07-25,札幌,12,桑園特別,3,ジュンラトゥール,https://db.netkeiba.com/horse/2021104039/,2021104039,牡,5,58.0,浜中,,,22,2024/05/04,3京都5,3歳未勝利,,1,1,ダ1900,ダ,1900,良,2.0,3,5.3,38.5,0.2,57,3-3-3-3,2:01.9,和田竜二,454(-2),晴,3.0,3.0,3.0,3.0
2026-07-25-03-12,202601010112,2026-07-25,札幌,12,桑園特別,3,ジュンラトゥール,https://db.netkeiba.com/horse/2021104039/,2021104039,牡,5,58.0,浜中,,,23,2024/04/21,3京都2,3歳未勝利,,1,1,ダ1900,ダ,1900,良,2.0,3,5.4,39.2,0.9,57,8-8-6-4,2:02.6,和田竜二,456(+2),曇,8.0,8.0,6.0,4.0
2026-07-25-03-12,202601010112,2026-07-25,札幌,12,桑園特別,3,ジュンラトゥール,https://db.netkeiba.com/horse/2021104039/,2021104039,牡,5,58.0,浜中,,,24,2024/03/02,1阪神3,3歳未勝利,,7,11,ダ1800,ダ,1800,重,4.0,7,16.0,38.6,0.3,57,8-8-8-7,1:56.0,和田竜二,454(+2),曇,8.0,8.0,8.0,7.0
2026-07-25-03-12,202601010112,2026-07-25,札幌,12,桑園特別,3,ジュンラトゥール,https://db.netkeiba.com/horse/2021104039/,2021104039,牡,5,58.0,浜中,,,25,2024/02/10,2京都5,3歳未勝利,,3,3,ダ1900,ダ,1900,良,3.0,6,31.4,39.0,0.5,57,3-3-3-5,2:01.5,和田竜二,452(+6),曇,3.0,3.0,3.0,5.0
2026-07-25-03-12,202601010112,2026-07-25,札幌,12,桑園特別,3,ジュンラトゥール,https://db.netkeiba.com/horse/2021104039/,2021104039,牡,5,58.0,浜中,,,26,2024/01/14,1京都5,3歳未勝利,,5,6,ダ1900,ダ,1900,良,4.0,12,310.2,39.6,1.1,57,9-9-7-9,2:02.9,和田竜二,446(-2),晴,9.0,9.0,7.0,9.0
2026-07-25-03-12,202601010112,2026-07-25,札幌,12,桑園特別,3,ジュンラトゥール,https://db.netkeiba.com/horse/2021104039/,2021104039,牡,5,58.0,浜中,,,27,2023/12/28,5阪神9,2歳未勝利,,8,15,ダ1800,ダ,1800,良,9.0,14,286.8,39.0,1.2,56,11-11-12-11,1:57.2,和田竜二,448(+4),晴,11.0,11.0,12.0,11.0
2026-07-25-03-12,202601010112,2026-07-25,札幌,12,桑園特別,3,ジュンラトゥール,https://db.netkeiba.com/horse/2021104039/,2021104039,牡,5,58.0,浜中,,,28,2023/12/10,4中京4,2歳未勝利,,2,2,ダ1800,ダ,1800,良,6.0,6,24.8,41.6,1.3,53,9-9-7-8,1:58.4,今村聖奈,444(+10),晴,9.0,9.0,7.0,8.0
2026-07-25-03-12,202601010112,2026-07-25,札幌,12,桑園特別,3,ジュンラトゥール,https://db.netkeiba.com/horse/2021104039/,2021104039,牡,5,58.0,浜中,,,29,2023/09/02,2札幌7,2歳未勝利,,1,1,ダ1700,ダ,1700,稍,11.0,9,32.7,40.5,2.5,55,14-14-12-11,1:50.8,池添謙一,434(+2),晴,14.0,14.0,12.0,11.0
2026-07-25-03-12,202601010112,2026-07-25,札幌,12,桑園特別,3,ジュンラトゥール,https://db.netkeiba.com/horse/2021104039/,2021104039,牡,5,58.0,浜中,,,30,2023/08/05,1札幌5,2歳未勝利,,5,7,ダ1700,ダ,1700,不,6.0,7,44.0,39.2,2.2,52,13-13-12-9,1:48.7,今村聖奈,432(+10),曇,13.0,13.0,12.0,9.0
2026-07-25-03-12,202601010112,2026-07-25,札幌,12,桑園特別,3,ジュンラトゥール,https://db.netkeiba.com/horse/2021104039/,2021104039,牡,5,58.0,浜中,,,31,2023/06/17,1函館3,2歳新馬,,5,5,ダ1000,ダ,1000,良,9.0,11,101.4,35.6,1.8,55,11-11,1:01.7,池添謙一,422(0),曇,11.0,11.0,,11.0
2026-07-25-03-12,202601010112,2026-07-25,札幌,12,桑園特別,4,ショウナンヤッホー,https://db.netkeiba.com/horse/2022104605/,2022104605,牡,4,58.0,津村,,,0,2026/06/27,2福島1,いわき特別(2勝クラス),,5,5,ダ1700,ダ,1700,稍,6.0,9,60.0,37.5,1.1,58,5-5-4-4,1:45.4,津村明秀,486(-10),晴,5.0,5.0,4.0,4.0
2026-07-25-03-12,202601010112,2026-07-25,札幌,12,桑園特別,4,ショウナンヤッホー,https://db.netkeiba.com/horse/2022104605/,2022104605,牡,4,58.0,津村,,,1,2026/05/17,2東京8,青梅特別(2勝クラス),,6,10,ダ1600,ダ,1600,良,14.0,12,63.7,37.5,2.0,54,8-9,1:39.1,池添謙一,496(+8),晴,8.0,9.0,,9.0
2026-07-25-03-12,202601010112,2026-07-25,札幌,12,桑園特別,4,ショウナンヤッホー,https://db.netkeiba.com/horse/2022104605/,2022104605,牡,4,58.0,津村,,,2,2025/11/30,5東京8,アプローズ賞(2勝クラス),,8,15,ダ1400,ダ,1400,良,11.0,12,56.0,37.7,1.9,57,7-7,1:26.0,池添謙一,488(+2),晴,7.0,7.0,,7.0
2026-07-25-03-12,202601010112,2026-07-25,札幌,12,桑園特別,4,ショウナンヤッホー,https://db.netkeiba.com/horse/2022104605/,2022104605,牡,4,58.0,津村,,,3,2025/10/05,4東京2,3歳以上2勝クラス,,4,7,ダ1600,ダ,1600,良,9.0,6,18.1,36.4,0.9,56,15-13,1:38.4,菅原明良,486(-4),曇,15.0,13.0,,13.0
2026-07-25-03-12,202601010112,2026-07-25,札幌,12,桑園特別,4,ショウナンヤッホー,https://db.netkeiba.com/horse/2022104605/,2022104605,牡,4,58.0,津村,,,4,2025/08/10,1札幌6,Fビレッジ特別(2勝クラス),,5,7,ダ1700,ダ,1700,良,10.0,7,18.0,39.2,2.2,54,6-5-6-6,1:46.1,池添謙一,490(+6),曇,6.0,5.0,6.0,6.0
2026-07-25-03-12,202601010112,2026-07-25,札幌,12,桑園特別,4,ショウナンヤッホー,https://db.netkeiba.com/horse/2022104605/,2022104605,牡,4,58.0,津村,,,5,2025/07/26,1札幌1,3歳以上1勝クラス,,7,11,ダ1700,ダ,1700,良,1.0,1,3.3,37.6,-0.1,55,8-8-6-5,1:45.5,池添謙一,484(+2),小雨,8.0,8.0,6.0,5.0
2026-07-25-03-12,202601010112,2026-07-25,札幌,12,桑園特別,4,ショウナンヤッホー,https://db.netkeiba.com/horse/2022104605/,2022104605,牡,4,58.0,津村,,,6,2025/06/21,3東京5,3歳以上1勝クラス,,8,15,ダ1600,ダ,1600,良,4.0,3,5.8,36.5,0.4,55,6-7,1:37.0,菅原明良,482(0),晴,6.0,7.0,,7.0
2026-07-25-03-12,202601010112,2026-07-25,札幌,12,桑園特別,4,ショウナンヤッホー,https://db.netkeiba.com/horse/2022104605/,2022104605,牡,4,58.0,津村,,,7,2025/06/08,3東京2,3歳以上1勝クラス,,3,5,ダ1400,ダ,1400,良,3.0,4,10.1,36.2,0.4,55,9-7,1:24.1,菅原明良,482(0),晴,9.0,7.0,,7.0
2026-07-25-03-12,202601010112,2026-07-25,札幌,12,桑園特別,4,ショウナンヤッホー,https://db.netkeiba.com/horse/2022104605/,2022104605,牡,4,58.0,津村,,,8,2025/02/22,1東京7,3歳1勝クラス,,1,2,ダ1400,ダ,1400,良,8.0,3,13.6,37.4,1.0,57,7-6,1:26.5,大野拓弥,482(0),晴,7.0,6.0,,6.0
2026-07-25-03-12,202601010112,2026-07-25,札幌,12,桑園特別,4,ショウナンヤッホー,https://db.netkeiba.com/horse/2022104605/,2022104605,牡,4,58.0,津村,,,9,2025/02/09,1東京4,3歳未勝利,,2,3,ダ1400,ダ,1400,良,1.0,1,3.0,36.4,-0.6,57,8-8,1:26.1,菅原明良,482(+2),晴,8.0,8.0,,8.0
2026-07-25-03-12,202601010112,2026-07-25,札幌,12,桑園特別,4,ショウナンヤッホー,https://db.netkeiba.com/horse/2022104605/,2022104605,牡,4,58.0,津村,,,10,2024/12/14,4中京5,2歳未勝利,,8,15,ダ1400,ダ,1400,良,3.0,2,3.3,38.6,0.3,55,2-2,1:26.4,田口貫太,480(0),晴,2.0,2.0,,2.0
2026-07-25-03-12,202601010112,2026-07-25,札幌,12,桑園特別,4,ショウナンヤッホー,https://db.netkeiba.com/horse/2022104605/,2022104605,牡,4,58.0,津村,,,11,2024/11/24,5東京8,2歳未勝利,,1,2,ダ1600,ダ,1600,良,5.0,5,6.0,37.3,1.0,56,4-2,1:39.2,坂井瑠星,480(-6),晴,4.0,2.0,,2.0
2026-07-25-03-12,202601010112,2026-07-25,札幌,12,桑園特別,4,ショウナンヤッホー,https://db.netkeiba.com/horse/2022104605/,2022104605,牡,4,58.0,津村,,,12,2024/11/03,5東京2,2歳新馬,,5,10,芝1400,芝,1400,良,4.0,2,3.8,34.1,0.5,56,5-5,1:24.2,池添謙一,486(0),晴,5.0,5.0,,5.0
2026-07-25-03-12,202601010112,2026-07-25,札幌,12,桑園特別,5,セボンサデッセ,https://db.netkeiba.com/horse/2022104903/,2022104903,牡,4,58.0,武豊,,,0,2026/07/04,1函館7,竜飛崎特別(2勝クラス),,1,1,ダ1700,ダ,1700,良,2.0,4,7.5,38.1,0.1,58,8-7-6-4,1:45.6,武豊,504(+18),晴,8.0,7.0,6.0,4.0
2026-07-25-03-12,202601010112,2026-07-25,札幌,12,桑園特別,5,セボンサデッセ,https://db.netkeiba.com/horse/2022104903/,2022104903,牡,4,58.0,武豊,,,1,2026/04/26,1福島6,尾瀬特別(2勝クラス),,2,3,ダ1700,ダ,1700,良,2.0,1,2.8,37.6,0.1,58,14-14-11-8,1:45.7,菱田裕二,486(0),晴,14.0,14.0,11.0,8.0
2026-07-25-03-12,202601010112,2026-07-25,札幌,12,桑園特別,5,セボンサデッセ,https://db.netkeiba.com/horse/2022104903/,2022104903,牡,4,58.0,武豊,,,2,2026/03/01,1小倉12,4歳以上1勝クラス,,2,3,ダ1700,ダ,1700,稍,1.0,1,2.4,37.4,-0.2,57,1-1-1-1,1:44.5,菱田裕二,486(-14),晴,1.0,1.0,1.0,1.0
2026-07-25-03-12,202601010112,2026-07-25,札幌,12,桑園特別,5,セボンサデッセ,https://db.netkeiba.com/horse/2022104903/,2022104903,牡,4,58.0,武豊,,,3,2026/01/12,1京都5,4歳以上1勝クラス,,8,16,ダ1400,ダ,1400,良,4.0,1,3.0,37.0,0.3,57,2-2,1:25.4,菱田裕二,500(0),晴,2.0,2.0,,2.0
2026-07-25-03-12,202601010112,2026-07-25,札幌,12,桑園特別,5,セボンサデッセ,https://db.netkeiba.com/horse/2022104903/,2022104903,牡,4,58.0,武豊,,,4,2025/12/13,5阪神3,3歳以上1勝クラス,,2,4,ダ1400,ダ,1400,良,2.0,2,3.1,37.4,0.6,57,3-3,1:24.6,菱田裕二,500(+4),晴,3.0,3.0,,3.0
2026-07-25-03-12,202601010112,2026-07-25,札幌,12,桑園特別,5,セボンサデッセ,https://db.netkeiba.com/horse/2022104903/,2022104903,牡,4,58.0,武豊,,,5,2025/11/30,4京都8,3歳以上1勝クラス,,8,15,ダ1800,ダ,1800,良,4.0,1,2.1,38.0,0.8,56,6-5-3-2,1:52.6,菱田裕二,496(+2),晴,6.0,5.0,3.0,2.0
2026-07-25-03-12,202601010112,2026-07-25,札幌,12,桑園特別,5,セボンサデッセ,https://db.netkeiba.com/horse/2022104903/,2022104903,牡,4,58.0,武豊,,,6,2025/05/25,2京都10,3歳1勝クラス,,1,2,ダ1800,ダ,1800,重,2.0,4,6.5,36.6,0.3,57,6-5-3-3,1:49.9,菱田裕二,494(+8),曇,6.0,5.0,3.0,3.0
2026-07-25-03-12,202601010112,2026-07-25,札幌,12,桑園特別,5,セボンサデッセ,https://db.netkeiba.com/horse/2022104903/,2022104903,牡,4,58.0,武豊,,,7,2025/03/23,1阪神8,3歳1勝クラス,,1,1,ダ1800,ダ,1800,良,3.0,7,14.0,39.0,1.1,57,3-4-4-4,1:54.5,菱田裕二,486(-4),晴,3.0,4.0,4.0,4.0
2026-07-25-03-12,202601010112,2026-07-25,札幌,12,桑園特別,5,セボンサデッセ,https://db.netkeiba.com/horse/2022104903/,2022104903,牡,4,58.0,武豊,,,8,2025/02/02,1小倉4,3歳1勝クラス,,4,4,ダ1700,ダ,1700,重,2.0,4,5.1,35.8,0.1,57,2-2-2-2,1:44.8,菱田裕二,490(-4),晴,2.0,2.0,2.0,2.0
2026-07-25-03-12,202601010112,2026-07-25,札幌,12,桑園特別,5,セボンサデッセ,https://db.netkeiba.com/horse/2022104903/,2022104903,牡,4,58.0,武豊,,,9,2024/11/24,6京都8,2歳新馬,,6,10,ダ1400,ダ,1400,良,1.0,2,4.1,37.7,-0.6,56,4-2,1:26.4,幸英明,494(0),曇,4.0,2.0,,2.0
2026-07-25-03-12,202601010112,2026-07-25,札幌,12,桑園特別,6,ハイクオリティ,https://db.netkeiba.com/horse/2022106924/,2022106924,牡,4,58.0,ゴンサルベ,,,0,2026/06/27,2福島1,いわき特別(2勝クラス),,1,1,ダ1700,ダ,1700,稍,2.0,2,4.0,37.0,0.1,58,2-2-1-2,1:44.4,ゴンサル,474(-2),晴,2.0,2.0,1.0,2.0
2026-07-25-03-12,202601010112,2026-07-25,札幌,12,桑園特別,6,ハイクオリティ,https://db.netkeiba.com/horse/2022106924/,2022106924,牡,4,58.0,ゴンサルベ,,,1,2026/05/09,1新潟3,4歳以上1勝クラス,,8,11,ダ1800,ダ,1800,稍,1.0,1,1.7,40.9,-0.4,58,1-1-1-1,1:54.8,ゴンサル,476(+2),晴,1.0,1.0,1.0,1.0
2026-07-25-03-12,202601010112,2026-07-25,札幌,12,桑園特別,6,ハイクオリティ,https://db.netkeiba.com/horse/2022106924/,2022106924,牡,4,58.0,ゴンサルベ,,,2,2026/04/18,1福島3,4歳以上1勝クラス,,5,8,ダ1700,ダ,1700,良,2.0,1,2.4,38.4,0.1,58,1-1-1-1,1:46.1,荻野極,474(-12),晴,1.0,1.0,1.0,1.0
2026-07-25-03-12,202601010112,2026-07-25,札幌,12,桑園特別,6,ハイクオリティ,https://db.netkeiba.com/horse/2022106924/,2022106924,牡,4,58.0,ゴンサルベ,,,3,2026/02/28,1阪神3,4歳以上1勝クラス,,6,8,ダ1800,ダ,1800,良,4.0,2,3.4,38.6,0.5,57,2-2-2-2,1:54.3,荻野極,486(0),晴,2.0,2.0,2.0,2.0
2026-07-25-03-12,202601010112,2026-07-25,札幌,12,桑園特別,6,ハイクオリティ,https://db.netkeiba.com/horse/2022106924/,2022106924,牡,4,58.0,ゴンサルベ,,,4,2026/02/10,2京都4,4歳以上1勝クラス,,8,9,ダ1800,ダ,1800,良,3.0,2,3.6,38.4,1.2,57,2-2-4-5,1:56.0,荻野極,486(+8),晴,2.0,2.0,4.0,5.0
2026-07-25-03-12,202601010112,2026-07-25,札幌,12,桑園特別,6,ハイクオリティ,https://db.netkeiba.com/horse/2022106924/,2022106924,牡,4,58.0,ゴンサルベ,,,5,2026/01/05,1京都2,4歳以上1勝クラス,,6,10,ダ1800,ダ,1800,良,2.0,4,6.7,38.5,0.4,57,1-1-1-1,1:52.4,荻野極,478(-6),晴,1.0,1.0,1.0,1.0
2026-07-25-03-12,202601010112,2026-07-25,札幌,12,桑園特別,6,ハイクオリティ,https://db.netkeiba.com/horse/2022106924/,2022106924,牡,4,58.0,ゴンサルベ,,,6,2025/11/09,4京都2,3歳以上1勝クラス,,8,15,ダ1800,ダ,1800,重,7.0,7,23.5,38.2,1.0,55,7-7-5-4,1:50.6,吉村誠之,484(+6),雨,7.0,7.0,5.0,4.0
2026-07-25-03-12,202601010112,2026-07-25,札幌,12,桑園特別,6,ハイクオリティ,https://db.netkeiba.com/horse/2022106924/,2022106924,牡,4,58.0,ゴンサルベ,,,7,2025/10/18,4新潟1,3歳以上1勝クラス,,7,13,ダ1800,ダ,1800,良,7.0,2,6.5,40.3,1.9,56,5-5-1-1,1:55.1,斎藤新,478(+2),曇,5.0,5.0,1.0,1.0
2026-07-25-03-12,202601010112,2026-07-25,札幌,12,桑園特別,6,ハイクオリティ,https://db.netkeiba.com/horse/2022106924/,2022106924,牡,4,58.0,ゴンサルベ,,,8,2025/08/23,2札幌1,3歳未勝利,,5,8,ダ1700,ダ,1700,重,1.0,4,8.0,36.8,-1.0,57,3-4-3-2,1:44.5,ゴンサル,476(-4),晴,3.0,4.0,3.0,2.0
2026-07-25-03-12,202601010112,2026-07-25,札幌,12,桑園特別,6,ハイクオリティ,https://db.netkeiba.com/horse/2022106924/,2022106924,牡,4,58.0,ゴンサルベ,,,9,2025/06/28,1函館5,3歳未勝利,,7,10,ダ2400,ダ,2400,稍,7.0,4,10.2,39.5,3.0,57,11-11-5-6,2:37.2,佐々木大,480(+2),晴,11.0,11.0,5.0,6.0
2026-07-25-03-12,202601010112,2026-07-25,札幌,12,桑園特別,6,ハイクオリティ,https://db.netkeiba.com/horse/2022106924/,2022106924,牡,4,58.0,ゴンサルベ,,,10,2025/06/22,1函館4,3歳未勝利,,1,1,ダ1700,ダ,1700,重,4.0,5,7.2,38.0,1.0,57,10-10-5-5,1:46.1,佐々木大,478(+4),曇,10.0,10.0,5.0,5.0
2026-07-25-03-12,202601010112,2026-07-25,札幌,12,桑園特別,6,ハイクオリティ,https://db.netkeiba.com/horse/2022106924/,2022106924,牡,4,58.0,ゴンサルベ,,,11,2025/05/25,2京都10,3歳未勝利,,7,12,ダ1900,ダ,1900,不,4.0,4,9.0,38.4,1.2,57,6-6-4-4,1:59.7,和田竜二,474(-6),曇,6.0,6.0,4.0,4.0
2026-07-25-03-12,202601010112,2026-07-25,札幌,12,桑園特別,6,ハイクオリティ,https://db.netkeiba.com/horse/2022106924/,2022106924,牡,4,58.0,ゴンサルベ,,,12,2025/05/17,2京都7,3歳未勝利,,8,11,ダ1800,ダ,1800,不,10.0,1,2.4,38.1,2.3,57,8-9-7-7,1:54.5,松若風馬,480(0),雨,8.0,9.0,7.0,7.0
2026-07-25-03-12,202601010112,2026-07-25,札幌,12,桑園特別,6,ハイクオリティ,https://db.netkeiba.com/horse/2022106924/,2022106924,牡,4,58.0,ゴンサルベ,,,13,2025/04/26,2京都1,3歳未勝利,,4,8,ダ1800,ダ,1800,良,4.0,4,9.3,39.3,0.5,57,3-3-2-2,1:54.2,松若風馬,480(0),晴,3.0,3.0,2.0,2.0
2026-07-25-03-12,202601010112,2026-07-25,札幌,12,桑園特別,6,ハイクオリティ,https://db.netkeiba.com/horse/2022106924/,2022106924,牡,4,58.0,ゴンサルベ,,,14,2025/04/13,2阪神6,3歳未勝利,,3,4,ダ1800,ダ,1800,良,4.0,3,5.2,38.2,0.9,57,14-15-13-13,1:55.8,松若風馬,480(0),曇,14.0,15.0,13.0,13.0
2026-07-25-03-12,202601010112,2026-07-25,札幌,12,桑園特別,6,ハイクオリティ,https://db.netkeiba.com/horse/2022106924/,2022106924,牡,4,58.0,ゴンサルベ,,,15,2025/03/01,1小倉11,3歳未勝利,,6,12,芝2000,芝,2000,良,10.0,8,20.1,35.7,0.8,57,14-13-16-14,2:03.5,長岡禎仁,480(-12),曇,14.0,13.0,16.0,14.0
2026-07-25-03-12,202601010112,2026-07-25,札幌,12,桑園特別,6,ハイクオリティ,https://db.netkeiba.com/horse/2022106924/,2022106924,牡,4,58.0,ゴンサルベ,,,16,2025/02/09,1小倉6,3歳新馬,,5,5,芝2000,芝,2000,稍,5.0,2,4.8,37.0,2.6,57,8-8-8-8,2:06.7,長岡禎仁,492(0),晴,8.0,8.0,8.0,8.0
2026-07-25-03-12,202601010112,2026-07-25,札幌,12,桑園特別,7,ヒルノピレネー,https://db.netkeiba.com/horse/2020100673/,2020100673,牡,6,58.0,亀田,,,0,2026/04/12,1福島2,喜多方特別(2勝クラス),,2,4,ダ1150,ダ,1150,良,12.0,7,13.5,37.4,1.6,58,15-14,1:10.3,亀田温心,450(-2),晴,15.0,14.0,,14.0
2026-07-25-03-12,202601010112,2026-07-25,札幌,12,桑園特別,7,ヒルノピレネー,https://db.netkeiba.com/horse/2020100673/,2020100673,牡,6,58.0,亀田,,,1,2025/10/12,3京都4,円山特別(2勝クラス),,6,10,ダ1200,ダ,1200,良,10.0,8,27.2,35.1,1.3,58,13-12,1:11.4,秋山稔樹,452(+8),小雨,13.0,12.0,,12.0
2026-07-25-03-12,202601010112,2026-07-25,札幌,12,桑園特別,7,ヒルノピレネー,https://db.netkeiba.com/horse/2020100673/,2020100673,牡,6,58.0,亀田,,,2,2025/09/27,4阪神8,3歳以上2勝クラス,,6,12,ダ1200,ダ,1200,良,5.0,10,45.8,35.9,1.4,58,13-13,1:12.0,亀田温心,444(-12),晴,13.0,13.0,,13.0
2026-07-25-03-12,202601010112,2026-07-25,札幌,12,桑園特別,7,ヒルノピレネー,https://db.netkeiba.com/horse/2020100673/,2020100673,牡,6,58.0,亀田,,,3,2025/05/24,2京都9,オーストラリアT(2勝クラス),,4,4,ダ1400,ダ,1400,稍,10.0,12,111.4,35.2,1.3,58,12-12,1:23.1,菱田裕二,456(-2),雨,12.0,12.0,,12.0
2026-07-25-03-12,202601010112,2026-07-25,札幌,12,桑園特別,7,ヒルノピレネー,https://db.netkeiba.com/horse/2020100673/,2020100673,牡,6,58.0,亀田,,,4,2025/05/11,2京都6,4歳以上2勝クラス,,1,1,ダ1400,ダ,1400,稍,9.0,11,37.5,37.1,0.9,58,4-5,1:24.8,秋山稔樹,458(-4),曇,4.0,5.0,,5.0
2026-07-25-03-12,202601010112,2026-07-25,札幌,12,桑園特別,7,ヒルノピレネー,https://db.netkeiba.com/horse/2020100673/,2020100673,牡,6,58.0,亀田,,,5,2025/03/15,2中京1,伊良湖特別(2勝クラス),,4,7,ダ1200,ダ,1200,良,7.0,5,15.2,35.9,0.5,58,12-11,1:12.8,秋山稔樹,462(-2),小雨,12.0,11.0,,11.0
2026-07-25-03-12,202601010112,2026-07-25,札幌,12,桑園特別,7,ヒルノピレネー,https://db.netkeiba.com/horse/2020100673/,2020100673,牡,6,58.0,亀田,,,6,2024/12/22,7京都8,3歳以上2勝クラス,,7,14,ダ1400,ダ,1400,良,9.0,6,14.8,38.0,0.8,58,4-5,1:26.2,秋山稔樹,464(+4),晴,4.0,5.0,,5.0
2026-07-25-03-12,202601010112,2026-07-25,札幌,12,桑園特別,7,ヒルノピレネー,https://db.netkeiba.com/horse/2020100673/,2020100673,牡,6,58.0,亀田,,,7,2024/12/01,4中京2,クロフネC(2勝クラス),,6,11,ダ1200,ダ,1200,良,6.0,6,17.9,35.3,0.7,58,15-14,1:11.6,浜中俊,460(+4),晴,15.0,14.0,,14.0
2026-07-25-03-12,202601010112,2026-07-25,札幌,12,桑園特別,7,ヒルノピレネー,https://db.netkeiba.com/horse/2020100673/,2020100673,牡,6,58.0,亀田,,,8,2024/11/16,3福島5,西郷特別(2勝クラス),,3,5,ダ1150,ダ,1150,良,2.0,8,21.8,36.3,0.2,58,10-9,1:08.5,亀田温心,456(+10),曇,10.0,9.0,,9.0
2026-07-25-03-12,202601010112,2026-07-25,札幌,12,桑園特別,7,ヒルノピレネー,https://db.netkeiba.com/horse/2020100673/,2020100673,牡,6,58.0,亀田,,,9,2024/05/19,1新潟8,火打山特別(2勝クラス),,8,14,ダ1200,ダ,1200,良,6.0,2,5.4,36.9,0.6,58,9-7,1:11.7,小林勝太,446(-2),晴,9.0,7.0,,7.0
2026-07-25-03-12,202601010112,2026-07-25,札幌,12,桑園特別,7,ヒルノピレネー,https://db.netkeiba.com/horse/2020100673/,2020100673,牡,6,58.0,亀田,,,10,2024/04/28,1新潟2,4歳以上1勝クラス,,7,8,ダ1200,ダ,1200,良,1.0,2,4.5,36.9,-0.7,55,4-3,1:11.6,小林勝太,448(0),晴,4.0,3.0,,3.0
2026-07-25-03-12,202601010112,2026-07-25,札幌,12,桑園特別,7,ヒルノピレネー,https://db.netkeiba.com/horse/2020100673/,2020100673,牡,6,58.0,亀田,,,11,2024/04/14,1福島4,医王寺特別(1勝クラス),,7,11,芝1200,芝,1200,良,9.0,6,16.7,35.8,1.3,58,2-3,1:09.6,秋山稔樹,448(-6),晴,2.0,3.0,,3.0
2026-07-25-03-12,202601010112,2026-07-25,札幌,12,桑園特別,7,ヒルノピレネー,https://db.netkeiba.com/horse/2020100673/,2020100673,牡,6,58.0,亀田,,,12,2024/02/11,2小倉2,4歳以上1勝クラス,,6,8,ダ1700,ダ,1700,良,6.0,10,39.7,37.8,1.4,54,4-3-8-9,1:46.1,永島まな,454(0),晴,4.0,3.0,8.0,9.0
2026-07-25-03-12,202601010112,2026-07-25,札幌,12,桑園特別,7,ヒルノピレネー,https://db.netkeiba.com/horse/2020100673/,2020100673,牡,6,58.0,亀田,,,13,2024/01/27,1小倉5,4歳以上1勝クラス,,8,15,ダ1700,ダ,1700,良,4.0,9,26.6,38.0,2.4,54,5-6-6-6,1:46.7,永島まな,454(-2),晴,5.0,6.0,6.0,6.0
2026-07-25-03-12,202601010112,2026-07-25,札幌,12,桑園特別,7,ヒルノピレネー,https://db.netkeiba.com/horse/2020100673/,2020100673,牡,6,58.0,亀田,,,14,2024/01/13,1小倉1,4歳以上1勝クラス,,5,9,ダ1700,ダ,1700,良,9.0,3,6.3,38.9,1.1,54,3-4-7-8,1:48.5,永島まな,456(+20),晴,3.0,4.0,7.0,8.0
2026-07-25-03-12,202601010112,2026-07-25,札幌,12,桑園特別,7,ヒルノピレネー,https://db.netkeiba.com/horse/2020100673/,2020100673,牡,6,58.0,亀田,,,15,2023/07/29,1札幌3,3歳未勝利,,4,6,ダ1700,ダ,1700,良,1.0,5,8.6,37.9,-0.3,56,3-3-4-3,1:47.9,松田大作,436(-2),晴,3.0,3.0,4.0,3.0
2026-07-25-03-12,202601010112,2026-07-25,札幌,12,桑園特別,7,ヒルノピレネー,https://db.netkeiba.com/horse/2020100673/,2020100673,牡,6,58.0,亀田,,,16,2023/07/15,2函館5,3歳未勝利,,3,6,芝1200,芝,1200,重,10.0,5,14.3,37.2,0.7,56,7-6,1:12.3,松田大作,438(-14),雨,7.0,6.0,,6.0
2026-07-25-03-12,202601010112,2026-07-25,札幌,12,桑園特別,7,ヒルノピレネー,https://db.netkeiba.com/horse/2020100673/,2020100673,牡,6,58.0,亀田,,,17,2023/04/29,1京都3,3歳未勝利,,8,16,ダ1400,ダ,1400,良,6.0,4,7.4,39.5,2.1,56,2-2,1:26.7,松田大作,452(0),曇,2.0,2.0,,2.0
2026-07-25-03-12,202601010112,2026-07-25,札幌,12,桑園特別,7,ヒルノピレネー,https://db.netkeiba.com/horse/2020100673/,2020100673,牡,6,58.0,亀田,,,18,2023/04/16,2阪神8,3歳未勝利,,3,6,ダ1400,ダ,1400,不,3.0,3,8.1,37.8,0.3,56,2-2,1:24.4,松田大作,452(-2),晴,2.0,2.0,,2.0
2026-07-25-03-12,202601010112,2026-07-25,札幌,12,桑園特別,7,ヒルノピレネー,https://db.netkeiba.com/horse/2020100673/,2020100673,牡,6,58.0,亀田,,,19,2023/03/25,2阪神1,3歳未勝利,,6,11,芝1600,芝,1600,稍,7.0,7,36.1,35.5,1.2,56,4-4,1:35.5,松田大作,454(+10),曇,4.0,4.0,,4.0
2026-07-25-03-12,202601010112,2026-07-25,札幌,12,桑園特別,7,ヒルノピレネー,https://db.netkeiba.com/horse/2020100673/,2020100673,牡,6,58.0,亀田,,,20,2022/11/26,5阪神7,2歳未勝利,,6,12,芝1400,芝,1400,良,13.0,7,27.6,36.5,2.2,55,7-8,1:23.2,池添謙一,444(-2),曇,7.0,8.0,,8.0
2026-07-25-03-12,202601010112,2026-07-25,札幌,12,桑園特別,7,ヒルノピレネー,https://db.netkeiba.com/horse/2020100673/,2020100673,牡,6,58.0,亀田,,,21,2022/10/16,4新潟2,2歳未勝利,,1,1,芝1600,芝,1600,良,7.0,4,9.7,33.2,0.3,55,6-7,1:38.1,松田大作,446(-4),晴,6.0,7.0,,7.0
2026-07-25-03-12,202601010112,2026-07-25,札幌,12,桑園特別,7,ヒルノピレネー,https://db.netkeiba.com/horse/2020100673/,2020100673,牡,6,58.0,亀田,,,22,2022/10/02,5中京9,2歳未勝利,,4,5,芝1600,芝,1600,良,3.0,7,18.4,34.8,0.2,55,4-6-5,1:35.6,松田大作,450(-10),晴,4.0,6.0,5.0,5.0
2026-07-25-03-12,202601010112,2026-07-25,札幌,12,桑園特別,7,ヒルノピレネー,https://db.netkeiba.com/horse/2020100673/,2020100673,牡,6,58.0,亀田,,,23,2022/07/03,1函館8,2歳未勝利,,6,7,芝1200,芝,1200,稍,5.0,5,8.6,36.3,0.7,54,9-10,1:11.7,池添謙一,460(0),曇,9.0,10.0,,10.0
2026-07-25-03-12,202601010112,2026-07-25,札幌,12,桑園特別,7,ヒルノピレネー,https://db.netkeiba.com/horse/2020100673/,2020100673,牡,6,58.0,亀田,,,24,2022/06/19,1函館4,2歳新馬,,8,8,芝1200,芝,1200,良,6.0,3,6.8,35.3,0.9,54,2-2,1:10.8,池添謙一,460(0),曇,2.0,2.0,,2.0
2026-07-25-03-12,202601010112,2026-07-25,札幌,12,桑園特別,8,フェスタリア,https://db.netkeiba.com/horse/2022100028/,2022100028,牡,4,58.0,今村,,,0,2026/06/14,1函館2,津軽海峡特別(2勝クラス),,2,2,ダ1700,ダ,1700,良,9.0,10,32.1,37.2,1.3,55,12-12-12-11,1:45.5,今村聖奈,454(+8),晴,12.0,12.0,12.0,11.0
2026-07-25-03-12,202601010112,2026-07-25,札幌,12,桑園特別,8,フェスタリア,https://db.netkeiba.com/horse/2022100028/,2022100028,牡,4,58.0,今村,,,1,2026/04/19,3中山8,利根川特別(2勝クラス),,5,5,ダ1800,ダ,1800,良,9.0,7,29.4,38.8,1.1,58,11-10-3-4,1:54.1,原優介,446(-4),晴,11.0,10.0,3.0,4.0
2026-07-25-03-12,202601010112,2026-07-25,札幌,12,桑園特別,8,フェスタリア,https://db.netkeiba.com/horse/2022100028/,2022100028,牡,4,58.0,今村,,,2,2026/03/29,3中山2,4歳以上1勝クラス,,7,12,ダ1800,ダ,1800,稍,1.0,4,6.2,38.7,-0.1,58,10-9-7-4,1:53.8,原優介,450(-4),晴,10.0,9.0,7.0,4.0
2026-07-25-03-12,202601010112,2026-07-25,札幌,12,桑園特別,8,フェスタリア,https://db.netkeiba.com/horse/2022100028/,2022100028,牡,4,58.0,今村,,,3,2026/03/07,2中山3,4歳以上1勝クラス,,3,3,ダ1800,ダ,1800,重,3.0,5,17.4,38.1,1.3,58,10-10-9-6,1:55.0,原優介,454(0),晴,10.0,10.0,9.0,6.0
2026-07-25-03-12,202601010112,2026-07-25,札幌,12,桑園特別,8,フェスタリア,https://db.netkeiba.com/horse/2022100028/,2022100028,牡,4,58.0,今村,,,4,2025/12/13,5中山3,3歳以上1勝クラス,,3,5,ダ1200,ダ,1200,良,9.0,2,3.8,37.3,0.8,57,11-10,1:13.1,荻野極,454(+2),曇,11.0,10.0,,10.0
2026-07-25-03-12,202601010112,2026-07-25,札幌,12,桑園特別,8,フェスタリア,https://db.netkeiba.com/horse/2022100028/,2022100028,牡,4,58.0,今村,,,5,2025/09/06,4中山1,3歳以上1勝クラス,,2,4,ダ1200,ダ,1200,稍,4.0,2,3.9,36.0,0.9,56,14-13,1:12.3,荻野極,452(+6),晴,14.0,13.0,,13.0
2026-07-25-03-12,202601010112,2026-07-25,札幌,12,桑園特別,8,フェスタリア,https://db.netkeiba.com/horse/2022100028/,2022100028,牡,4,58.0,今村,,,6,2025/08/17,2新潟8,3歳以上1勝クラス,,7,13,ダ1200,ダ,1200,良,4.0,4,7.0,37.1,0.6,56,6-6,1:11.7,原優介,446(-6),晴,6.0,6.0,,6.0
2026-07-25-03-12,202601010112,2026-07-25,札幌,12,桑園特別,8,フェスタリア,https://db.netkeiba.com/horse/2022100028/,2022100028,牡,4,58.0,今村,,,7,2025/07/26,2新潟1,3歳以上1勝クラス,,7,12,ダ1200,ダ,1200,良,2.0,5,16.1,36.2,0.3,55,11-11,1:11.9,原優介,452(0),晴,11.0,11.0,,11.0
2026-07-25-03-12,202601010112,2026-07-25,札幌,12,桑園特別,8,フェスタリア,https://db.netkeiba.com/horse/2022100028/,2022100028,牡,4,58.0,今村,,,8,2025/05/04,2東京4,3歳1勝クラス,,4,7,ダ1400,ダ,1400,稍,15.0,7,30.3,41.2,9.2,57,16-16,1:33.2,荻野極,452(+4),晴,16.0,16.0,,16.0
2026-07-25-03-12,202601010112,2026-07-25,札幌,12,桑園特別,8,フェスタリア,https://db.netkeiba.com/horse/2022100028/,2022100028,牡,4,58.0,今村,,,9,2025/04/13,3中山6,3歳1勝クラス,,3,6,ダ1200,ダ,1200,良,5.0,4,11.9,36.8,0.8,57,12-12,1:12.0,菅原明良,448(+6),雨,12.0,12.0,,12.0
2026-07-25-03-12,202601010112,2026-07-25,札幌,12,桑園特別,8,フェスタリア,https://db.netkeiba.com/horse/2022100028/,2022100028,牡,4,58.0,今村,,,10,2025/01/12,1中京4,3歳1勝クラス,,7,14,ダ1400,ダ,1400,良,7.0,14,135.8,37.0,1.1,57,14-11,1:25.2,荻野極,442(-12),曇,14.0,11.0,,11.0
2026-07-25-03-12,202601010112,2026-07-25,札幌,12,桑園特別,8,フェスタリア,https://db.netkeiba.com/horse/2022100028/,2022100028,牡,4,58.0,今村,,,11,2024/12/15,5中山6,2歳未勝利,,1,2,ダ1200,ダ,1200,良,1.0,3,8.0,37.3,-0.2,56,8-8,1:13.0,荻野極,454(+4),晴,8.0,8.0,,8.0
2026-07-25-03-12,202601010112,2026-07-25,札幌,12,桑園特別,8,フェスタリア,https://db.netkeiba.com/horse/2022100028/,2022100028,牡,4,58.0,今村,,,12,2024/12/01,5中山2,2歳新馬,,7,12,ダ1200,ダ,1200,良,4.0,2,4.1,37.5,0.7,56,4-4,1:14.0,大野拓弥,450(0),晴,4.0,4.0,,4.0
2026-07-25-03-12,202601010112,2026-07-25,札幌,12,桑園特別,9,フォーワンセルフ,https://db.netkeiba.com/horse/2019102163/,2019102163,牡,7,58.0,荻野琢,,,0,2026/07/19,1函館12,駒場特別(2勝クラス),,8,13,ダ1700,ダ,1700,不,10.0,14,354.3,38.7,3.1,58,14-14-14-11,1:45.5,荻野琢真,526(-2),晴,14.0,14.0,14.0,11.0
2026-07-25-03-12,202601010112,2026-07-25,札幌,12,桑園特別,9,フォーワンセルフ,https://db.netkeiba.com/horse/2019102163/,2019102163,牡,7,58.0,荻野琢,,,1,2026/05/03,2東京4,4歳以上2勝クラス,,6,8,ダ1300,ダ,1300,稍,12.0,12,69.3,36.8,1.5,58,12-11,1:18.9,原優介,528(+4),曇,12.0,11.0,,11.0
2026-07-25-03-12,202601010112,2026-07-25,札幌,12,桑園特別,9,フォーワンセルフ,https://db.netkeiba.com/horse/2019102163/,2019102163,牡,7,58.0,荻野琢,,,2,2026/04/18,3中山7,葛飾特別(2勝クラス),,3,3,ダ1200,ダ,1200,良,8.0,11,179.9,35.4,1.0,58,11-11,1:11.8,柴田大知,524(-2),晴,11.0,11.0,,11.0
2026-07-25-03-12,202601010112,2026-07-25,札幌,12,桑園特別,9,フォーワンセルフ,https://db.netkeiba.com/horse/2019102163/,2019102163,牡,7,58.0,荻野琢,,,3,2026/03/29,1中京6,鈴鹿特別(2勝クラス),,8,15,ダ1400,ダ,1400,良,12.0,12,136.9,36.4,1.0,58,12-12,1:25.5,丸田恭介,526(+6),晴,12.0,12.0,,12.0
2026-07-25-03-12,202601010112,2026-07-25,札幌,12,桑園特別,9,フォーワンセルフ,https://db.netkeiba.com/horse/2019102163/,2019102163,牡,7,58.0,荻野琢,,,4,2026/01/25,1中山9,4歳以上2勝クラス,,3,4,ダ1200,ダ,1200,良,8.0,14,273.8,36.3,1.1,55,14-14,1:12.6,遠藤汰月,520(0),晴,14.0,14.0,,14.0
2026-07-25-03-12,202601010112,2026-07-25,札幌,12,桑園特別,9,フォーワンセルフ,https://db.netkeiba.com/horse/2019102163/,2019102163,牡,7,58.0,荻野琢,,,5,2025/12/20,5中京5,ヤングJSFR中京2(2勝クラス),,8,15,ダ1400,ダ,1400,稍,7.0,14,89.0,36.9,0.6,58,14-14,1:25.9,松本一心,520(+4),小雨,14.0,14.0,,14.0
2026-07-25-03-12,202601010112,2026-07-25,札幌,12,桑園特別,9,フォーワンセルフ,https://db.netkeiba.com/horse/2019102163/,2019102163,牡,7,58.0,荻野琢,,,6,2025/11/29,4京都7,栂尾特別(2勝クラス),,8,12,ダ1800,ダ,1800,良,10.0,12,148.4,36.0,0.5,51,12-12-13-13,1:53.8,酒井学,516(-6),晴,12.0,12.0,13.0,13.0
2026-07-25-03-12,202601010112,2026-07-25,札幌,12,桑園特別,9,フォーワンセルフ,https://db.netkeiba.com/horse/2019102163/,2019102163,牡,7,58.0,荻野琢,,,7,2025/11/15,5東京3,三浦特別(2勝クラス),,4,7,ダ1600,ダ,1600,良,13.0,16,325.2,36.5,1.5,58,15-14,1:38.8,原優介,522(+6),晴,15.0,14.0,,14.0
2026-07-25-03-12,202601010112,2026-07-25,札幌,12,桑園特別,9,フォーワンセルフ,https://db.netkeiba.com/horse/2019102163/,2019102163,牡,7,58.0,荻野琢,,,8,2025/09/28,4阪神9,3歳以上2勝クラス,,7,12,ダ2000,ダ,2000,良,10.0,12,177.0,37.9,2.2,58,14-14-13-13,2:07.9,古川吉洋,516(-4),曇,14.0,14.0,13.0,13.0
2026-07-25-03-12,202601010112,2026-07-25,札幌,12,桑園特別,9,フォーワンセルフ,https://db.netkeiba.com/horse/2019102163/,2019102163,牡,7,58.0,荻野琢,,,9,2025/09/13,4中山3,松戸特別(2勝クラス),,3,3,ダ2400,ダ,2400,不,9.0,8,55.7,38.1,2.6,52,10-10-9-9,2:38.7,木幡巧也,520(0),曇,10.0,10.0,9.0,9.0
2026-07-25-03-12,202601010112,2026-07-25,札幌,12,桑園特別,9,フォーワンセルフ,https://db.netkeiba.com/horse/2019102163/,2019102163,牡,7,58.0,荻野琢,,,10,2025/08/30,2札幌3,千歳特別(2勝クラス),,2,2,ダ1700,ダ,1700,重,7.0,14,236.8,37.0,1.9,58,14-14-14-11,1:44.8,服部茂史,520(-2),曇,14.0,14.0,14.0,11.0
2026-07-25-03-12,202601010112,2026-07-25,札幌,12,桑園特別,9,フォーワンセルフ,https://db.netkeiba.com/horse/2019102163/,2019102163,牡,7,58.0,荻野琢,,,11,2025/06/22,1函館4,檜山特別(2勝クラス),,2,2,ダ1700,ダ,1700,重,8.0,14,265.0,36.7,0.9,58,12-12-14-12,1:45.2,古川吉洋,522(+4),曇,12.0,12.0,14.0,12.0
2026-07-25-03-12,202601010112,2026-07-25,札幌,12,桑園特別,9,フォーワンセルフ,https://db.netkeiba.com/horse/2019102163/,2019102163,牡,7,58.0,荻野琢,,,12,2025/05/04,2京都4,須知特別(2勝クラス),,2,2,ダ1900,ダ,1900,良,9.0,9,81.4,39.6,3.6,58,8-8-9-8,2:03.1,丹内祐次,518(-6),晴,8.0,8.0,9.0,8.0
2026-07-25-03-12,202601010112,2026-07-25,札幌,12,桑園特別,9,フォーワンセルフ,https://db.netkeiba.com/horse/2019102163/,2019102163,牡,7,58.0,荻野琢,,,13,2025/04/19,1福島3,ラジオ福島賞(2勝クラス),,8,14,ダ1700,ダ,1700,良,9.0,11,39.6,38.2,1.0,53,15-15-12-10,1:47.6,藤懸貴志,524(-2),晴,15.0,15.0,12.0,10.0
2026-07-25-03-12,202601010112,2026-07-25,札幌,12,桑園特別,9,フォーワンセルフ,https://db.netkeiba.com/horse/2019102163/,2019102163,牡,7,58.0,荻野琢,,,14,2025/01/25,1中京8,刈谷特別(2勝クラス),,7,10,ダ1800,ダ,1800,良,8.0,11,105.8,37.4,1.2,58,13-13-12-12,1:54.7,荻野琢真,526(-4),晴,13.0,13.0,12.0,12.0
2026-07-25-03-12,202601010112,2026-07-25,札幌,12,桑園特別,9,フォーワンセルフ,https://db.netkeiba.com/horse/2019102163/,2019102163,牡,7,58.0,荻野琢,,,15,2025/01/06,1中京2,天竜川特別(2勝クラス),,1,2,ダ1800,ダ,1800,良,8.0,16,409.1,37.6,1.1,58,16-16-15-15,1:53.9,荻野琢真,530(+14),雨,16.0,16.0,15.0,15.0
2026-07-25-03-12,202601010112,2026-07-25,札幌,12,桑園特別,9,フォーワンセルフ,https://db.netkeiba.com/horse/2019102163/,2019102163,牡,7,58.0,荻野琢,,,16,2024/12/07,7京都3,花見小路特別(2勝クラス),,8,14,ダ1900,ダ,1900,良,8.0,14,273.6,37.4,1.9,53,10-11-8-8,2:00.7,荻野琢真,516(-14),晴,10.0,11.0,8.0,8.0
2026-07-25-03-12,202601010112,2026-07-25,札幌,12,桑園特別,9,フォーワンセルフ,https://db.netkeiba.com/horse/2019102163/,2019102163,牡,7,58.0,荻野琢,,,17,2024/11/16,5東京5,南武特別(2勝クラス),,8,11,芝2400,芝,2400,良,11.0,10,338.0,37.4,3.6,58,6-8-10-10,2:30.6,野中悠太,530(+10),曇,6.0,8.0,10.0,10.0
2026-07-25-03-12,202601010112,2026-07-25,札幌,12,桑園特別,9,フォーワンセルフ,https://db.netkeiba.com/horse/2019102163/,2019102163,牡,7,58.0,荻野琢,,,18,2024/11/02,5東京1,神奈川新聞杯(2勝クラス),,1,2,ダ2100,ダ,2100,重,13.0,16,330.3,36.1,1.5,58,11-11-14-14,2:11.3,野中悠太,520(+2),小雨,11.0,11.0,14.0,14.0
2026-07-25-03-12,202601010112,2026-07-25,札幌,12,桑園特別,9,フォーワンセルフ,https://db.netkeiba.com/horse/2019102163/,2019102163,牡,7,58.0,荻野琢,,,19,2024/09/14,4中山3,松戸特別(2勝クラス),,1,1,ダ2400,ダ,2400,良,8.0,13,171.5,39.4,1.8,58,15-15-8-5,2:38.7,原優介,518(0),晴,15.0,15.0,8.0,5.0
2026-07-25-03-12,202601010112,2026-07-25,札幌,12,桑園特別,9,フォーワンセルフ,https://db.netkeiba.com/horse/2019102163/,2019102163,牡,7,58.0,荻野琢,,,20,2024/08/25,2札幌6,オールスターJ第3戦(2勝クラス),,4,5,ダ1700,ダ,1700,良,11.0,12,102.1,39.8,2.0,58,5-3-5-10,1:48.6,サンチア,518(-24),晴,5.0,3.0,5.0,10.0
2026-07-25-03-12,202601010112,2026-07-25,札幌,12,桑園特別,9,フォーワンセルフ,https://db.netkeiba.com/horse/2019102163/,2019102163,牡,7,58.0,荻野琢,,,21,2024/03/30,3中山3,千葉日報杯(2勝クラス),,2,3,ダ1800,ダ,1800,重,13.0,14,128.2,37.3,1.4,58,14-14-14-14,1:52.6,横山和生,542(+6),晴,14.0,14.0,14.0,14.0
2026-07-25-03-12,202601010112,2026-07-25,札幌,12,桑園特別,9,フォーワンセルフ,https://db.netkeiba.com/horse/2019102163/,2019102163,牡,7,58.0,荻野琢,,,22,2024/01/06,1中山1,4歳以上2勝クラス,,8,16,ダ1800,ダ,1800,良,12.0,13,95.1,39.6,1.2,57,11-11-5-5,1:54.6,原優介,536(+12),晴,11.0,11.0,5.0,5.0
2026-07-25-03-12,202601010112,2026-07-25,札幌,12,桑園特別,9,フォーワンセルフ,https://db.netkeiba.com/horse/2019102163/,2019102163,牡,7,58.0,荻野琢,,,23,2023/11/18,3京都5,蹴上特別(2勝クラス),,7,13,ダ1800,ダ,1800,重,15.0,12,156.2,38.8,2.0,58,15-15-11-10,1:54.3,吉田豊,524(+6),晴,15.0,15.0,11.0,10.0
2026-07-25-03-12,202601010112,2026-07-25,札幌,12,桑園特別,9,フォーワンセルフ,https://db.netkeiba.com/horse/2019102163/,2019102163,牡,7,58.0,荻野琢,,,24,2023/10/22,4東京7,3歳以上2勝クラス,,3,5,ダ1600,ダ,1600,良,11.0,15,242.0,36.3,1.3,58,15-15,1:38.1,原田和真,518(+10),晴,15.0,15.0,,15.0
2026-07-25-03-12,202601010112,2026-07-25,札幌,12,桑園特別,9,フォーワンセルフ,https://db.netkeiba.com/horse/2019102163/,2019102163,牡,7,58.0,荻野琢,,,25,2023/09/16,4阪神3,鳥取特別(2勝クラス),,1,1,ダ1800,ダ,1800,良,14.0,7,23.5,40.0,2.3,58,16-16-14-12,1:55.7,武豊,508(-18),晴,16.0,16.0,14.0,12.0
2026-07-25-03-12,202601010112,2026-07-25,札幌,12,桑園特別,9,フォーワンセルフ,https://db.netkeiba.com/horse/2019102163/,2019102163,牡,7,58.0,荻野琢,,,26,2023/08/27,2札幌6,オールスターJ第3戦(2勝クラス),,6,10,ダ1700,ダ,1700,重,8.0,5,6.7,37.9,2.0,58,12-11-10-10,1:46.2,キング,526(0),小雨,12.0,11.0,10.0,10.0
2026-07-25-03-12,202601010112,2026-07-25,札幌,12,桑園特別,9,フォーワンセルフ,https://db.netkeiba.com/horse/2019102163/,2019102163,牡,7,58.0,荻野琢,,,27,2023/08/05,1札幌5,桑園特別(2勝クラス),,4,6,ダ1700,ダ,1700,重,13.0,3,7.5,36.1,0.8,56,12-12-12-12,1:45.2,武豊,526(-2),曇,12.0,12.0,12.0,12.0
2026-07-25-03-12,202601010112,2026-07-25,札幌,12,桑園特別,9,フォーワンセルフ,https://db.netkeiba.com/horse/2019102163/,2019102163,牡,7,58.0,荻野琢,,,28,2023/07/22,1札幌1,3歳以上1勝クラス,,8,13,ダ1700,ダ,1700,良,1.0,2,4.7,37.6,-0.3,58,12-12-12-4,1:46.3,武豊,528(+2),晴,12.0,12.0,12.0,4.0
2026-07-25-03-12,202601010112,2026-07-25,札幌,12,桑園特別,9,フォーワンセルフ,https://db.netkeiba.com/horse/2019102163/,2019102163,牡,7,58.0,荻野琢,,,29,2023/04/16,3中山8,4歳以上1勝クラス,,7,8,ダ1800,ダ,1800,重,2.0,4,6.2,36.6,0.0,58,10-10-10-9,1:52.7,横山和生,526(+2),晴,10.0,10.0,10.0,9.0
2026-07-25-03-12,202601010112,2026-07-25,札幌,12,桑園特別,9,フォーワンセルフ,https://db.netkeiba.com/horse/2019102163/,2019102163,牡,7,58.0,荻野琢,,,30,2023/04/08,3中山5,4歳以上1勝クラス,,7,10,ダ1800,ダ,1800,稍,3.0,1,4.5,38.1,0.7,58,9-8-4-2,1:55.2,横山和生,524(-2),曇,9.0,8.0,4.0,2.0
2026-07-25-03-12,202601010112,2026-07-25,札幌,12,桑園特別,9,フォーワンセルフ,https://db.netkeiba.com/horse/2019102163/,2019102163,牡,7,58.0,荻野琢,,,31,2023/03/18,2中山7,4歳以上1勝クラス,,8,15,ダ1800,ダ,1800,重,3.0,2,4.5,36.9,0.2,58,6-6-4-6,1:53.3,横山和生,526(+4),雨,6.0,6.0,4.0,6.0
2026-07-25-03-12,202601010112,2026-07-25,札幌,12,桑園特別,9,フォーワンセルフ,https://db.netkeiba.com/horse/2019102163/,2019102163,牡,7,58.0,荻野琢,,,32,2022/12/25,5中山8,3歳以上1勝クラス,,7,14,ダ1800,ダ,1800,稍,4.0,1,2.8,39.3,0.3,56,8-8-8-6,1:55.4,横山武史,522(+6),晴,8.0,8.0,8.0,6.0
2026-07-25-03-12,202601010112,2026-07-25,札幌,12,桑園特別,9,フォーワンセルフ,https://db.netkeiba.com/horse/2019102163/,2019102163,牡,7,58.0,荻野琢,,,33,2022/12/10,5中山3,3歳以上1勝クラス,,7,11,ダ1800,ダ,1800,良,2.0,5,7.4,38.2,0.1,56,6-6-6-6,1:54.2,横山和生,516(+12),晴,6.0,6.0,6.0,6.0
2026-07-25-03-12,202601010112,2026-07-25,札幌,12,桑園特別,9,フォーワンセルフ,https://db.netkeiba.com/horse/2019102163/,2019102163,牡,7,58.0,荻野琢,,,34,2022/11/13,5阪神4,3歳以上1勝クラス,,6,7,ダ1800,ダ,1800,稍,5.0,5,13.8,38.1,1.8,55,12-12-3-2,1:53.4,横山和生,504(-10),雨,12.0,12.0,3.0,2.0
2026-07-25-03-12,202601010112,2026-07-25,札幌,12,桑園特別,9,フォーワンセルフ,https://db.netkeiba.com/horse/2019102163/,2019102163,牡,7,58.0,荻野琢,,,35,2022/10/22,4東京6,3歳以上1勝クラス,,6,8,ダ1600,ダ,1600,良,3.0,1,4.0,37.1,0.8,55,9-10,1:39.0,横山和生,514(+6),曇,9.0,10.0,,10.0
2026-07-25-03-12,202601010112,2026-07-25,札幌,12,桑園特別,9,フォーワンセルフ,https://db.netkeiba.com/horse/2019102163/,2019102163,牡,7,58.0,荻野琢,,,36,2022/08/21,2札幌4,3歳以上1勝クラス,,8,12,ダ1700,ダ,1700,良,2.0,6,11.7,38.1,0.4,54,7-8-4-2,1:46.1,原田和真,508(-10),晴,7.0,8.0,4.0,2.0
2026-07-25-03-12,202601010112,2026-07-25,札幌,12,桑園特別,9,フォーワンセルフ,https://db.netkeiba.com/horse/2019102163/,2019102163,牡,7,58.0,荻野琢,,,37,2022/07/30,1札幌3,3歳以上1勝クラス,,7,11,ダ1700,ダ,1700,良,6.0,8,25.9,37.5,1.2,54,9-9-6-8,1:47.0,横山和生,518(+4),晴,9.0,9.0,6.0,8.0
2026-07-25-03-12,202601010112,2026-07-25,札幌,12,桑園特別,9,フォーワンセルフ,https://db.netkeiba.com/horse/2019102163/,2019102163,牡,7,58.0,荻野琢,,,38,2022/05/08,2東京6,3歳未勝利,,3,6,ダ1600,ダ,1600,良,1.0,1,1.6,38.0,-0.3,56,1-1,1:39.6,横山和生,514(+4),晴,1.0,1.0,,1.0
2026-07-25-03-12,202601010112,2026-07-25,札幌,12,桑園特別,9,フォーワンセルフ,https://db.netkeiba.com/horse/2019102163/,2019102163,牡,7,58.0,荻野琢,,,39,2022/04/16,3中山7,3歳未勝利,,3,3,ダ1800,ダ,1800,重,2.0,2,3.1,38.0,0.0,56,2-1-1-1,1:53.8,横山和生,510(-4),晴,2.0,1.0,1.0,1.0
2026-07-25-03-12,202601010112,2026-07-25,札幌,12,桑園特別,9,フォーワンセルフ,https://db.netkeiba.com/horse/2019102163/,2019102163,牡,7,58.0,荻野琢,,,40,2022/03/20,2中山7,3歳未勝利,,2,3,ダ1800,ダ,1800,不,2.0,4,12.5,38.8,0.1,56,9-8-8-7,1:54.2,横山和生,514(+2),晴,9.0,8.0,8.0,7.0
2026-07-25-03-12,202601010112,2026-07-25,札幌,12,桑園特別,9,フォーワンセルフ,https://db.netkeiba.com/horse/2019102163/,2019102163,牡,7,58.0,荻野琢,,,41,2022/02/26,2小倉5,3歳未勝利,,5,6,芝2000,芝,2000,良,4.0,9,80.7,36.9,0.8,56,8-8-7-4,2:02.9,原田和真,512(-4),晴,8.0,8.0,7.0,4.0
2026-07-25-03-12,202601010112,2026-07-25,札幌,12,桑園特別,9,フォーワンセルフ,https://db.netkeiba.com/horse/2019102163/,2019102163,牡,7,58.0,荻野琢,,,42,2022/02/12,1東京5,3歳未勝利,,1,2,ダ1600,ダ,1600,重,7.0,7,42.3,35.9,0.8,56,13-12,1:38.5,武士沢友,516(+8),晴,13.0,12.0,,12.0
2026-07-25-03-12,202601010112,2026-07-25,札幌,12,桑園特別,9,フォーワンセルフ,https://db.netkeiba.com/horse/2019102163/,2019102163,牡,7,58.0,荻野琢,,,43,2021/12/05,5中山2,2歳未勝利,,2,4,ダ1800,ダ,1800,良,6.0,7,16.2,39.2,1.2,55,15-15-14-13,1:56.6,横山和生,508(+8),晴,15.0,15.0,14.0,13.0
2026-07-25-03-12,202601010112,2026-07-25,札幌,12,桑園特別,9,フォーワンセルフ,https://db.netkeiba.com/horse/2019102163/,2019102163,牡,7,58.0,荻野琢,,,44,2021/11/14,2福島4,2歳未勝利,,1,1,ダ1700,ダ,1700,良,6.0,5,13.8,39.4,0.9,55,14-15-2-3,1:50.2,横山和生,500(0),晴,14.0,15.0,2.0,3.0
2026-07-25-03-12,202601010112,2026-07-25,札幌,12,桑園特別,9,フォーワンセルフ,https://db.netkeiba.com/horse/2019102163/,2019102163,牡,7,58.0,荻野琢,,,45,2021/10/23,5新潟5,2歳未勝利,,2,3,ダ1800,ダ,1800,重,7.0,10,29.7,37.7,1.5,55,15-15-14-14,1:54.7,横山和生,500(-2),曇,15.0,15.0,14.0,14.0
2026-07-25-03-12,202601010112,2026-07-25,札幌,12,桑園特別,9,フォーワンセルフ,https://db.netkeiba.com/horse/2019102163/,2019102163,牡,7,58.0,荻野琢,,,46,2021/10/09,4東京1,2歳新馬,,8,15,ダ1600,ダ,1600,良,8.0,8,29.7,40.2,3.3,55,10-9,1:42.3,野中悠太,502(0),曇,10.0,9.0,,9.0
2026-07-25-03-12,202601010112,2026-07-25,札幌,12,桑園特別,10,ベラジオワールド,https://db.netkeiba.com/horse/2022110130/,2022110130,牡,4,57.0,横山和,,,0,2026/06/07,3東京2,小金井特別(2勝クラス),,7,13,ダ1600,ダ,1600,良,3.0,4,8.9,35.3,0.1,57,11-11,1:36.4,横山和生,494(0),曇,11.0,11.0,,11.0
2026-07-25-03-12,202601010112,2026-07-25,札幌,12,桑園特別,10,ベラジオワールド,https://db.netkeiba.com/horse/2022110130/,2022110130,牡,4,57.0,横山和,,,1,2026/05/16,2東京7,立川特別(2勝クラス),,5,6,ダ1400,ダ,1400,良,2.0,4,6.2,35.6,0.1,57,3-3,1:24.0,横山和生,494(-2),晴,3.0,3.0,,3.0
2026-07-25-03-12,202601010112,2026-07-25,札幌,12,桑園特別,10,ベラジオワールド,https://db.netkeiba.com/horse/2022110130/,2022110130,牡,4,57.0,横山和,,,2,2026/04/26,2東京2,4歳以上2勝クラス,,6,11,ダ1400,ダ,1400,稍,4.0,2,6.4,35.7,0.4,57,6-6,1:24.1,横山和生,496(-8),晴,6.0,6.0,,6.0
2026-07-25-03-12,202601010112,2026-07-25,札幌,12,桑園特別,10,ベラジオワールド,https://db.netkeiba.com/horse/2022110130/,2022110130,牡,4,57.0,横山和,,,3,2026/02/22,1東京8,大島特別(2勝クラス),,2,4,ダ1400,ダ,1400,良,3.0,4,5.9,35.6,0.2,57,11-11,1:24.4,横山和生,504(-4),晴,11.0,11.0,,11.0
2026-07-25-03-12,202601010112,2026-07-25,札幌,12,桑園特別,10,ベラジオワールド,https://db.netkeiba.com/horse/2022110130/,2022110130,牡,4,57.0,横山和,,,4,2026/02/01,1東京2,4歳以上1勝クラス,,7,14,ダ1400,ダ,1400,良,1.0,2,3.6,37.3,-0.2,56,5-5,1:24.8,横山和生,508(+22),晴,5.0,5.0,,5.0
2026-07-25-03-12,202601010112,2026-07-25,札幌,12,桑園特別,10,ベラジオワールド,https://db.netkeiba.com/horse/2022110130/,2022110130,牡,4,57.0,横山和,,,5,2025/10/18,4東京6,3歳以上1勝クラス,,5,9,芝1400,芝,1400,良,6.0,1,4.1,34.1,0.9,55,7-7,1:21.0,横山武史,486(+2),晴,7.0,7.0,,7.0
2026-07-25-03-12,202601010112,2026-07-25,札幌,12,桑園特別,10,ベラジオワールド,https://db.netkeiba.com/horse/2022110130/,2022110130,牡,4,57.0,横山和,,,6,2025/09/28,4中山9,3歳以上1勝クラス,,3,6,芝1600,芝,1600,良,3.0,3,7.3,34.9,0.7,54,2-3-3,1:33.2,佐々木大,484(-12),晴,2.0,3.0,3.0,3.0
2026-07-25-03-12,202601010112,2026-07-25,札幌,12,桑園特別,10,ベラジオワールド,https://db.netkeiba.com/horse/2022110130/,2022110130,牡,4,57.0,横山和,,,7,2025/08/30,3新潟3,新発田城特別(1勝クラス),,7,14,芝1400,芝,1400,良,3.0,1,2.5,34.5,0.5,53,8-8,1:21.2,戸崎圭太,496(+18),晴,8.0,8.0,,8.0
2026-07-25-03-12,202601010112,2026-07-25,札幌,12,桑園特別,10,ベラジオワールド,https://db.netkeiba.com/horse/2022110130/,2022110130,牡,4,57.0,横山和,,,8,2025/05/17,2東京7,3歳未勝利,,1,1,芝1400,芝,1400,良,1.0,1,2.2,34.7,-0.2,55,6-6,1:22.4,ディー,478(-2),雨,6.0,6.0,,6.0
2026-07-25-03-12,202601010112,2026-07-25,札幌,12,桑園特別,10,ベラジオワールド,https://db.netkeiba.com/horse/2022110130/,2022110130,牡,4,57.0,横山和,,,9,2025/04/26,2東京1,3歳未勝利,,4,7,芝1400,芝,1400,良,3.0,2,3.3,34.9,0.2,55,4-5,1:21.2,戸崎圭太,480(-6),曇,4.0,5.0,,5.0
2026-07-25-03-12,202601010112,2026-07-25,札幌,12,桑園特別,10,ベラジオワールド,https://db.netkeiba.com/horse/2022110130/,2022110130,牡,4,57.0,横山和,,,10,2025/03/29,3中山1,3歳1勝クラス,,5,5,芝1800,芝,1800,稍,3.0,4,5.9,36.1,0.3,55,7-7-5-6,1:50.9,戸崎圭太,486(+4),雨,7.0,7.0,5.0,6.0
2026-07-25-03-12,202601010112,2026-07-25,札幌,12,桑園特別,10,ベラジオワールド,https://db.netkeiba.com/horse/2022110130/,2022110130,牡,4,57.0,横山和,,,11,2025/01/06,1中山2,3歳新馬,,5,10,芝1600,芝,1600,良,2.0,1,2.3,34.9,0.2,55,4-6-4,1:35.7,戸崎圭太,482(0),曇,4.0,6.0,4.0,4.0
2026-07-25-03-12,202601010112,2026-07-25,札幌,12,桑園特別,11,マッスルバック,https://db.netkeiba.com/horse/2021103809/,2021103809,牡,5,58.0,黛,,,0,2026/07/04,1函館7,竜飛崎特別(2勝クラス),,3,4,ダ1700,ダ,1700,良,8.0,13,235.8,38.4,0.7,58,10-10-10-10,1:46.2,黛弘人,484(+8),晴,10.0,10.0,10.0,10.0
2026-07-25-03-12,202601010112,2026-07-25,札幌,12,桑園特別,11,マッスルバック,https://db.netkeiba.com/horse/2021103809/,2021103809,牡,5,58.0,黛,,,1,2026/04/18,2阪神7,吹田特別(2勝クラス),,5,8,ダ1400,ダ,1400,良,11.0,13,109.4,35.2,1.5,58,14-14,1:24.7,太宰啓介,476(-2),晴,14.0,14.0,,14.0
2026-07-25-03-12,202601010112,2026-07-25,札幌,12,桑園特別,11,マッスルバック,https://db.netkeiba.com/horse/2021103809/,2021103809,牡,5,58.0,黛,,,2,2026/03/08,1阪神6,4歳以上2勝クラス,,8,8,ダ1800,ダ,1800,良,7.0,6,27.8,36.8,1.4,58,8-8-8-9,1:56.3,太宰啓介,478(-6),晴,8.0,8.0,8.0,9.0
2026-07-25-03-12,202601010112,2026-07-25,札幌,12,桑園特別,11,マッスルバック,https://db.netkeiba.com/horse/2021103809/,2021103809,牡,5,58.0,黛,,,3,2026/01/25,1京都9,4歳以上2勝クラス,,2,2,ダ1800,ダ,1800,良,7.0,7,40.7,37.2,0.8,58,1-2-3-4,1:55.4,菱田裕二,484(+2),晴,1.0,2.0,3.0,4.0
2026-07-25-03-12,202601010112,2026-07-25,札幌,12,桑園特別,11,マッスルバック,https://db.netkeiba.com/horse/2021103809/,2021103809,牡,5,58.0,黛,,,4,2026/01/04,1京都1,天ケ瀬特別(2勝クラス),,5,6,ダ1800,ダ,1800,良,6.0,10,78.6,37.6,1.2,58,2-3-3-3,1:53.6,菱田裕二,482(0),曇,2.0,3.0,3.0,3.0
2026-07-25-03-12,202601010112,2026-07-25,札幌,12,桑園特別,11,マッスルバック,https://db.netkeiba.com/horse/2021103809/,2021103809,牡,5,58.0,黛,,,5,2025/10/26,4東京9,三鷹特別(2勝クラス),,6,8,ダ1600,ダ,1600,不,6.0,12,40.7,34.6,0.7,58,12-12,1:36.2,柴田善臣,482(+12),曇,12.0,12.0,,12.0
2026-07-25-03-12,202601010112,2026-07-25,札幌,12,桑園特別,11,マッスルバック,https://db.netkeiba.com/horse/2021103809/,2021103809,牡,5,58.0,黛,,,6,2025/04/26,1福島5,4歳以上1勝クラス,,7,10,ダ1700,ダ,1700,良,1.0,3,5.4,37.9,-0.4,58,3-3-4-4,1:47.1,菊沢一樹,470(-4),晴,3.0,3.0,4.0,4.0
2026-07-25-03-12,202601010112,2026-07-25,札幌,12,桑園特別,11,マッスルバック,https://db.netkeiba.com/horse/2021103809/,2021103809,牡,5,58.0,黛,,,7,2025/03/30,3中山2,4歳以上1勝クラス,,4,8,ダ1800,ダ,1800,稍,4.0,6,14.1,38.6,1.0,58,12-14-13-11,1:54.6,武藤雅,474(-2),晴,12.0,14.0,13.0,11.0
2026-07-25-03-12,202601010112,2026-07-25,札幌,12,桑園特別,11,マッスルバック,https://db.netkeiba.com/horse/2021103809/,2021103809,牡,5,58.0,黛,,,8,2025/03/22,2中山7,4歳以上1勝クラス,,7,13,ダ1800,ダ,1800,稍,6.0,3,7.6,38.8,0.8,58,6-6-9-10,1:55.2,武藤雅,476(+4),晴,6.0,6.0,9.0,10.0
2026-07-25-03-12,202601010112,2026-07-25,札幌,12,桑園特別,11,マッスルバック,https://db.netkeiba.com/horse/2021103809/,2021103809,牡,5,58.0,黛,,,9,2025/03/02,1小倉12,4歳以上1勝クラス,,1,2,ダ1700,ダ,1700,稍,4.0,3,6.4,37.8,0.3,58,3-3-3-4,1:45.3,小沢大仁,472(-8),曇,3.0,3.0,3.0,4.0
2026-07-25-03-12,202601010112,2026-07-25,札幌,12,桑園特別,11,マッスルバック,https://db.netkeiba.com/horse/2021103809/,2021103809,牡,5,58.0,黛,,,10,2025/01/26,1中山9,4歳以上1勝クラス,,5,9,ダ1800,ダ,1800,良,6.0,4,7.1,39.6,0.5,57,6-6-6-6,1:55.8,菅原明良,480(+6),晴,6.0,6.0,6.0,6.0
2026-07-25-03-12,202601010112,2026-07-25,札幌,12,桑園特別,11,マッスルバック,https://db.netkeiba.com/horse/2021103809/,2021103809,牡,5,58.0,黛,,,11,2025/01/06,1中山2,4歳以上1勝クラス,,4,7,ダ1800,ダ,1800,良,4.0,3,6.1,39.0,0.4,57,4-4-5-3,1:56.2,菅原明良,474(+8),小雨,4.0,4.0,5.0,3.0
2026-07-25-03-12,202601010112,2026-07-25,札幌,12,桑園特別,11,マッスルバック,https://db.netkeiba.com/horse/2021103809/,2021103809,牡,5,58.0,黛,,,12,2024/11/02,3福島1,3歳以上1勝クラス,,8,10,ダ1700,ダ,1700,重,7.0,1,2.1,37.7,0.5,56,3-3-3-3,1:45.5,柴田善臣,466(-4),雨,3.0,3.0,3.0,3.0
2026-07-25-03-12,202601010112,2026-07-25,札幌,12,桑園特別,11,マッスルバック,https://db.netkeiba.com/horse/2021103809/,2021103809,牡,5,58.0,黛,,,13,2024/10/06,4東京2,3歳以上1勝クラス,,4,7,ダ1600,ダ,1600,重,4.0,5,14.2,36.0,0.4,56,15-14,1:35.5,柴田善臣,470(0),曇,15.0,14.0,,14.0
2026-07-25-03-12,202601010112,2026-07-25,札幌,12,桑園特別,11,マッスルバック,https://db.netkeiba.com/horse/2021103809/,2021103809,牡,5,58.0,黛,,,14,2024/09/21,4中山6,3歳以上1勝クラス,,8,14,ダ1800,ダ,1800,良,5.0,4,7.7,37.3,0.8,51,11-11-11-10,1:55.0,大江原比,470(+12),曇,11.0,11.0,11.0,10.0
2026-07-25-03-12,202601010112,2026-07-25,札幌,12,桑園特別,11,マッスルバック,https://db.netkeiba.com/horse/2021103809/,2021103809,牡,5,58.0,黛,,,15,2024/06/29,2福島1,3歳以上1勝クラス,,7,13,ダ1700,ダ,1700,良,2.0,6,10.3,37.4,0.0,55,6-7-4-4,1:46.9,柴田善臣,458(+10),晴,6.0,7.0,4.0,4.0
2026-07-25-03-12,202601010112,2026-07-25,札幌,12,桑園特別,11,マッスルバック,https://db.netkeiba.com/horse/2021103809/,2021103809,牡,5,58.0,黛,,,16,2024/04/20,3京都1,3歳1勝クラス,,6,6,ダ1800,ダ,1800,良,5.0,7,32.5,36.8,0.5,57,10-10-10-10,1:54.1,武豊,448(-4),曇,10.0,10.0,10.0,10.0
2026-07-25-03-12,202601010112,2026-07-25,札幌,12,桑園特別,11,マッスルバック,https://db.netkeiba.com/horse/2021103809/,2021103809,牡,5,58.0,黛,,,17,2024/03/31,3中山4,3歳1勝クラス,,7,8,芝1600,芝,1600,良,5.0,9,122.6,34.9,0.6,57,6-8-8,1:34.3,柴田善臣,452(-12),晴,6.0,8.0,8.0,8.0
2026-07-25-03-12,202601010112,2026-07-25,札幌,12,桑園特別,11,マッスルバック,https://db.netkeiba.com/horse/2021103809/,2021103809,牡,5,58.0,黛,,,18,2024/03/10,2中山6,3歳1勝クラス,,2,3,ダ1800,ダ,1800,稍,16.0,10,59.9,43.9,4.6,53,1-1-1-2,1:58.7,大江原比,464(-2),晴,1.0,1.0,1.0,2.0
2026-07-25-03-12,202601010112,2026-07-25,札幌,12,桑園特別,11,マッスルバック,https://db.netkeiba.com/horse/2021103809/,2021103809,牡,5,58.0,黛,,,19,2023/12/28,5中山9,2歳未勝利,,7,13,ダ1800,ダ,1800,良,1.0,5,13.3,38.9,-0.8,56,8-8-5-2,1:56.5,田中勝春,466(+2),曇,8.0,8.0,5.0,2.0
2026-07-25-03-12,202601010112,2026-07-25,札幌,12,桑園特別,11,マッスルバック,https://db.netkeiba.com/horse/2021103809/,2021103809,牡,5,58.0,黛,,,20,2023/11/25,5東京7,2歳未勝利,,6,9,芝1800,芝,1800,良,6.0,6,26.1,34.6,1.0,56,7-7-7,1:48.4,柴田善臣,464(+4),晴,7.0,7.0,7.0,7.0
2026-07-25-03-12,202601010112,2026-07-25,札幌,12,桑園特別,11,マッスルバック,https://db.netkeiba.com/horse/2021103809/,2021103809,牡,5,58.0,黛,,,21,2023/10/29,4東京9,2歳新馬,,3,3,芝2000,芝,2000,良,3.0,8,108.0,34.2,0.5,56,3-3-3,2:02.8,柴田善臣,460(0),曇,3.0,3.0,3.0,3.0
2026-07-25-03-12,202601010112,2026-07-25,札幌,12,桑園特別,12,メイショウタイピン,https://db.netkeiba.com/horse/2022102828/,2022102828,牡,4,58.0,池添,,,0,2026/07/19,1函館12,駒場特別(2勝クラス),,7,11,ダ1700,ダ,1700,不,7.0,7,29.0,37.6,1.8,58,11-11-12-13,1:44.2,池添謙一,502(+2),晴,11.0,11.0,12.0,13.0
2026-07-25-03-12,202601010112,2026-07-25,札幌,12,桑園特別,12,メイショウタイピン,https://db.netkeiba.com/horse/2022102828/,2022102828,牡,4,58.0,池添,,,1,2026/07/04,1函館7,竜飛崎特別(2勝クラス),,7,11,ダ1700,ダ,1700,良,4.0,9,57.9,38.7,0.4,58,4-5-4-4,1:45.9,池添謙一,500(-2),晴,4.0,5.0,4.0,4.0
2026-07-25-03-12,202601010112,2026-07-25,札幌,12,桑園特別,12,メイショウタイピン,https://db.netkeiba.com/horse/2022102828/,2022102828,牡,4,58.0,池添,,,2,2026/06/14,1函館2,津軽海峡特別(2勝クラス),,6,8,ダ1700,ダ,1700,良,5.0,2,5.3,38.1,0.9,55,3-4-5-4,1:45.1,池添謙一,502(-8),晴,3.0,4.0,5.0,4.0
2026-07-25-03-12,202601010112,2026-07-25,札幌,12,桑園特別,12,メイショウタイピン,https://db.netkeiba.com/horse/2022102828/,2022102828,牡,4,58.0,池添,,,3,2026/05/17,2東京8,青梅特別(2勝クラス),,2,3,ダ1600,ダ,1600,良,5.0,9,18.3,36.2,0.5,55,7-7,1:37.6,大野拓弥,510(+2),晴,7.0,7.0,,7.0
2026-07-25-03-12,202601010112,2026-07-25,札幌,12,桑園特別,12,メイショウタイピン,https://db.netkeiba.com/horse/2022102828/,2022102828,牡,4,58.0,池添,,,4,2026/05/02,2東京3,4歳以上2勝クラス,,7,11,ダ1600,ダ,1600,稍,5.0,7,20.1,35.9,0.6,58,9-11,1:37.3,大野拓弥,508(-6),晴,9.0,11.0,,11.0
2026-07-25-03-12,202601010112,2026-07-25,札幌,12,桑園特別,12,メイショウタイピン,https://db.netkeiba.com/horse/2022102828/,2022102828,牡,4,58.0,池添,,,5,2026/01/18,1京都7,大津特別(2勝クラス),,2,4,ダ1800,ダ,1800,良,9.0,8,41.5,37.5,0.7,57,6-6-6-6,1:54.3,角田大和,514(+10),晴,6.0,6.0,6.0,6.0
2026-07-25-03-12,202601010112,2026-07-25,札幌,12,桑園特別,12,メイショウタイピン,https://db.netkeiba.com/horse/2022102828/,2022102828,牡,4,58.0,池添,,,6,2025/12/21,5阪神6,3歳以上2勝クラス,,6,10,ダ1800,ダ,1800,重,14.0,7,26.5,40.3,3.2,57,3-5-4-4,1:53.6,池添謙一,504(0),雨,3.0,5.0,4.0,4.0
2026-07-25-03-12,202601010112,2026-07-25,札幌,12,桑園特別,12,メイショウタイピン,https://db.netkeiba.com/horse/2022102828/,2022102828,牡,4,58.0,池添,,,7,2025/11/15,3福島3,西郷特別(2勝クラス),,4,7,ダ1700,ダ,1700,良,11.0,8,22.8,38.4,1.7,54,8-10-4-7,1:47.6,川又賢治,504(+2),晴,8.0,10.0,4.0,7.0
2026-07-25-03-12,202601010112,2026-07-25,札幌,12,桑園特別,12,メイショウタイピン,https://db.netkeiba.com/horse/2022102828/,2022102828,牡,4,58.0,池添,,,8,2025/08/10,1札幌6,3歳以上1勝クラス,,4,4,ダ1700,ダ,1700,稍,1.0,1,3.4,37.1,-0.2,55,3-3-2-2,1:46.2,池添謙一,502(+2),曇,3.0,3.0,2.0,2.0
2026-07-25-03-12,202601010112,2026-07-25,札幌,12,桑園特別,12,メイショウタイピン,https://db.netkeiba.com/horse/2022102828/,2022102828,牡,4,58.0,池添,,,9,2025/07/19,1函館11,3歳以上1勝クラス,,4,4,ダ1700,ダ,1700,良,6.0,3,5.6,37.9,0.7,55,5-4-3-6,1:46.4,池添謙一,500(-2),晴,5.0,4.0,3.0,6.0
2026-07-25-03-12,202601010112,2026-07-25,札幌,12,桑園特別,12,メイショウタイピン,https://db.netkeiba.com/horse/2022102828/,2022102828,牡,4,58.0,池添,,,10,2025/07/05,1函館7,3歳未勝利,,6,8,ダ1700,ダ,1700,重,1.0,1,2.9,37.4,-0.5,57,2-2-2-2,1:44.6,池添謙一,502(0),晴,2.0,2.0,2.0,2.0
2026-07-25-03-12,202601010112,2026-07-25,札幌,12,桑園特別,12,メイショウタイピン,https://db.netkeiba.com/horse/2022102828/,2022102828,牡,4,58.0,池添,,,11,2025/06/21,1函館3,3歳未勝利,,6,9,ダ1700,ダ,1700,良,2.0,1,2.9,39.0,0.9,57,10-10-4-4,1:47.0,横山和生,502(+4),晴,10.0,10.0,4.0,4.0
2026-07-25-03-12,202601010112,2026-07-25,札幌,12,桑園特別,12,メイショウタイピン,https://db.netkeiba.com/horse/2022102828/,2022102828,牡,4,58.0,池添,,,12,2025/05/10,1新潟3,3歳未勝利,,7,12,ダ1800,ダ,1800,稍,2.0,3,4.9,38.4,0.7,57,8-6-7-7,1:56.3,酒井学,498(+8),曇,8.0,6.0,7.0,7.0
2026-07-25-03-12,202601010112,2026-07-25,札幌,12,桑園特別,12,メイショウタイピン,https://db.netkeiba.com/horse/2022102828/,2022102828,牡,4,58.0,池添,,,13,2025/04/20,2阪神8,3歳未勝利,,7,13,ダ1800,ダ,1800,良,4.0,4,5.8,38.5,0.5,57,5-7-8-7,1:56.6,池添謙一,490(+2),曇,5.0,7.0,8.0,7.0
2026-07-25-03-12,202601010112,2026-07-25,札幌,12,桑園特別,12,メイショウタイピン,https://db.netkeiba.com/horse/2022102828/,2022102828,牡,4,58.0,池添,,,14,2025/03/30,2阪神2,3歳未勝利,,4,4,ダ1800,ダ,1800,良,3.0,5,12.6,38.3,0.5,57,9-9-7-7,1:56.1,池添謙一,488(-2),晴,9.0,9.0,7.0,7.0
2026-07-25-03-12,202601010112,2026-07-25,札幌,12,桑園特別,12,メイショウタイピン,https://db.netkeiba.com/horse/2022102828/,2022102828,牡,4,58.0,池添,,,15,2025/03/16,2中京2,3歳未勝利,,7,13,ダ1400,ダ,1400,重,6.0,5,12.9,38.4,2.4,57,3-4,1:25.9,池添謙一,490(+10),曇,3.0,4.0,,4.0
2026-07-25-03-12,202601010112,2026-07-25,札幌,12,桑園特別,12,メイショウタイピン,https://db.netkeiba.com/horse/2022102828/,2022102828,牡,4,58.0,池添,,,16,2024/12/15,7京都6,2歳未勝利,,6,12,ダ1400,ダ,1400,良,4.0,5,38.0,37.9,1.4,56,8-8,1:27.2,池添謙一,480(0),晴,8.0,8.0,,8.0
2026-07-25-03-12,202601010112,2026-07-25,札幌,12,桑園特別,12,メイショウタイピン,https://db.netkeiba.com/horse/2022102828/,2022102828,牡,4,58.0,池添,,,17,2024/11/30,7京都1,2歳未勝利,,6,8,ダ1400,ダ,1400,稍,8.0,8,28.4,37.5,1.9,56,13-13,1:28.5,角田大和,480(-4),晴,13.0,13.0,,13.0
2026-07-25-03-12,202601010112,2026-07-25,札幌,12,桑園特別,12,メイショウタイピン,https://db.netkeiba.com/horse/2022102828/,2022102828,牡,4,58.0,池添,,,18,2024/10/27,5京都8,2歳未勝利,,3,3,ダ1800,ダ,1800,良,7.0,5,10.0,40.3,2.1,56,3-3-5-5,1:55.8,池添謙一,484(0),晴,3.0,3.0,5.0,5.0
2026-07-25-03-12,202601010112,2026-07-25,札幌,12,桑園特別,12,メイショウタイピン,https://db.netkeiba.com/horse/2022102828/,2022102828,牡,4,58.0,池添,,,19,2024/10/06,5京都2,2歳新馬,,5,9,ダ1800,ダ,1800,良,3.0,2,5.8,38.8,1.5,56,4-3-5-5,1:58.0,池添謙一,484(0),晴,4.0,3.0,5.0,5.0
2026-07-25-03-12,202601010112,2026-07-25,札幌,12,桑園特別,13,ライフゲート,https://db.netkeiba.com/horse/2022103778/,2022103778,セ,4,58.0,丹内,,,0,2026/07/04,1函館7,竜飛崎特別(2勝クラス),,4,5,ダ1700,ダ,1700,良,9.0,3,5.8,38.3,0.7,58,12-13-12-10,1:46.2,丹内祐次,512(-2),晴,12.0,13.0,12.0,10.0
2026-07-25-03-12,202601010112,2026-07-25,札幌,12,桑園特別,13,ライフゲート,https://db.netkeiba.com/horse/2022103778/,2022103778,セ,4,58.0,丹内,,,1,2026/06/21,1函館4,檜山特別(2勝クラス),,8,9,ダ1700,ダ,1700,良,2.0,2,6.4,37.0,0.1,58,1-1-1-1,1:44.4,丹内祐次,514(0),小雨,1.0,1.0,1.0,1.0
2026-07-25-03-12,202601010112,2026-07-25,札幌,12,桑園特別,13,ライフゲート,https://db.netkeiba.com/horse/2022103778/,2022103778,セ,4,58.0,丹内,,,2,2026/05/24,2東京10,三峰山特別(2勝クラス),,2,4,ダ1600,ダ,1600,稍,13.0,5,12.0,36.9,2.2,58,7-8,1:38.8,松山弘平,514(+2),曇,7.0,8.0,,8.0
2026-07-25-03-12,202601010112,2026-07-25,札幌,12,桑園特別,13,ライフゲート,https://db.netkeiba.com/horse/2022103778/,2022103778,セ,4,58.0,丹内,,,3,2026/05/02,2東京3,4歳以上2勝クラス,,5,7,ダ1600,ダ,1600,稍,3.0,6,19.2,36.2,0.3,58,3-5,1:37.0,佐々木大,512(+2),晴,3.0,5.0,,5.0
2026-07-25-03-12,202601010112,2026-07-25,札幌,12,桑園特別,13,ライフゲート,https://db.netkeiba.com/horse/2022103778/,2022103778,セ,4,58.0,丹内,,,4,2026/04/18,1福島3,ラジオ福島賞(2勝クラス),,6,10,ダ1700,ダ,1700,良,4.0,5,7.8,37.5,0.5,56,9-8-8-6,1:45.6,丹内祐次,510(-2),晴,9.0,8.0,8.0,6.0
2026-07-25-03-12,202601010112,2026-07-25,札幌,12,桑園特別,13,ライフゲート,https://db.netkeiba.com/horse/2022103778/,2022103778,セ,4,58.0,丹内,,,5,2026/02/22,1小倉10,和布刈特別(2勝クラス),,5,10,ダ1700,ダ,1700,良,5.0,5,9.0,37.9,0.7,57,3-3-3-3,1:46.4,鮫島克駿,512(-4),晴,3.0,3.0,3.0,3.0
2026-07-25-03-12,202601010112,2026-07-25,札幌,12,桑園特別,13,ライフゲート,https://db.netkeiba.com/horse/2022103778/,2022103778,セ,4,58.0,丹内,,,6,2026/02/08,1小倉6,由布院特別(2勝クラス),,1,2,ダ1700,ダ,1700,良,4.0,1,4.8,38.3,0.3,57,7-7-8-7,1:46.9,丹内祐次,516(0),曇,7.0,7.0,8.0,7.0
2026-07-25-03-12,202601010112,2026-07-25,札幌,12,桑園特別,13,ライフゲート,https://db.netkeiba.com/horse/2022103778/,2022103778,セ,4,58.0,丹内,,,7,2026/01/25,1小倉2,響灘特別(2勝クラス),,4,8,ダ1700,ダ,1700,良,4.0,6,10.8,36.6,0.2,57,7-7-6-5,1:46.0,菊沢一樹,516(+2),晴,7.0,7.0,6.0,5.0
2026-07-25-03-12,202601010112,2026-07-25,札幌,12,桑園特別,13,ライフゲート,https://db.netkeiba.com/horse/2022103778/,2022103778,セ,4,58.0,丹内,,,8,2025/12/06,5中山1,鹿島特別(2勝クラス),,8,11,ダ1800,ダ,1800,良,7.0,4,7.7,39.0,0.5,57,1-1-1-1,1:53.7,丹内祐次,514(+8),晴,1.0,1.0,1.0,1.0
2026-07-25-03-12,202601010112,2026-07-25,札幌,12,桑園特別,13,ライフゲート,https://db.netkeiba.com/horse/2022103778/,2022103778,セ,4,58.0,丹内,,,9,2025/11/15,3福島3,西郷特別(2勝クラス),,6,10,ダ1700,ダ,1700,良,5.0,3,5.0,37.9,0.9,55,3-3-2-3,1:46.8,丹内祐次,506(-8),晴,3.0,3.0,2.0,3.0
2026-07-25-03-12,202601010112,2026-07-25,札幌,12,桑園特別,13,ライフゲート,https://db.netkeiba.com/horse/2022103778/,2022103778,セ,4,58.0,丹内,,,10,2025/08/10,1札幌6,Fビレッジ特別(2勝クラス),,7,11,ダ1700,ダ,1700,良,3.0,3,10.7,38.4,1.3,54,5-5-5-3,1:45.2,丹内祐次,514(0),曇,5.0,5.0,5.0,3.0
2026-07-25-03-12,202601010112,2026-07-25,札幌,12,桑園特別,13,ライフゲート,https://db.netkeiba.com/horse/2022103778/,2022103778,セ,4,58.0,丹内,,,11,2025/07/19,1函館11,3歳以上1勝クラス,,7,8,ダ1700,ダ,1700,良,1.0,1,1.9,37.4,-0.1,55,2-2-2-2,1:45.7,丹内祐次,514(0),晴,2.0,2.0,2.0,2.0
2026-07-25-03-12,202601010112,2026-07-25,札幌,12,桑園特別,13,ライフゲート,https://db.netkeiba.com/horse/2022103778/,2022103778,セ,4,58.0,丹内,,,12,2025/06/29,1函館6,3歳以上1勝クラス,,7,9,ダ1700,ダ,1700,良,2.0,4,7.0,39.4,0.2,55,6-5-5-2,1:45.3,丹内祐次,514(+2),晴,6.0,5.0,5.0,2.0
2026-07-25-03-12,202601010112,2026-07-25,札幌,12,桑園特別,13,ライフゲート,https://db.netkeiba.com/horse/2022103778/,2022103778,セ,4,58.0,丹内,,,13,2025/06/15,1函館2,3歳未勝利,,8,14,ダ1700,ダ,1700,良,1.0,1,2.2,38.6,-0.5,57,1-1-1-1,1:46.0,丹内祐次,512(+12),晴,1.0,1.0,1.0,1.0
2026-07-25-03-12,202601010112,2026-07-25,札幌,12,桑園特別,13,ライフゲート,https://db.netkeiba.com/horse/2022103778/,2022103778,セ,4,58.0,丹内,,,14,2025/04/20,3中山8,3歳未勝利,,7,10,ダ1800,ダ,1800,良,2.0,1,1.8,40.6,0.2,57,1-1-1-1,1:54.8,丹内祐次,500(-2),曇,1.0,1.0,1.0,1.0
2026-07-25-03-12,202601010112,2026-07-25,札幌,12,桑園特別,13,ライフゲート,https://db.netkeiba.com/horse/2022103778/,2022103778,セ,4,58.0,丹内,,,15,2025/03/30,3中山2,3歳未勝利,,6,10,ダ1800,ダ,1800,稍,2.0,4,4.5,38.9,0.1,57,2-2-2-2,1:54.7,丹内祐次,502(-2),曇,2.0,2.0,2.0,2.0
2026-07-25-03-12,202601010112,2026-07-25,札幌,12,桑園特別,13,ライフゲート,https://db.netkeiba.com/horse/2022103778/,2022103778,セ,4,58.0,丹内,,,16,2025/03/15,2中山5,3歳未勝利,,6,12,ダ1800,ダ,1800,稍,4.0,6,28.3,39.8,0.0,57,2-2-1-1,1:56.1,丹内祐次,504(+4),晴,2.0,2.0,1.0,1.0
2026-07-25-03-12,202601010112,2026-07-25,札幌,12,桑園特別,13,ライフゲート,https://db.netkeiba.com/horse/2022103778/,2022103778,セ,4,58.0,丹内,,,17,2025/02/23,1小倉10,3歳未勝利,,7,7,ダ1700,ダ,1700,良,5.0,6,14.9,38.6,0.7,55,2-2-2-2,1:49.5,小林脩斗,500(-2),晴,2.0,2.0,2.0,2.0
2026-07-25-03-12,202601010112,2026-07-25,札幌,12,桑園特別,13,ライフゲート,https://db.netkeiba.com/horse/2022103778/,2022103778,セ,4,58.0,丹内,,,18,2025/02/15,1小倉7,3歳未勝利,,5,7,ダ1700,ダ,1700,良,3.0,10,66.3,39.0,0.7,55,3-3-3-3,1:48.3,小林脩斗,502(-12),晴,3.0,3.0,3.0,3.0
2026-07-25-03-12,202601010112,2026-07-25,札幌,12,桑園特別,13,ライフゲート,https://db.netkeiba.com/horse/2022103778/,2022103778,セ,4,58.0,丹内,,,19,2024/10/20,4新潟6,2歳未勝利,,6,6,ダ1800,ダ,1800,稍,8.0,5,15.8,44.0,6.1,54,1-1-1-2,1:59.1,小林脩斗,514(+6),晴,1.0,1.0,1.0,2.0
2026-07-25-03-12,202601010112,2026-07-25,札幌,12,桑園特別,13,ライフゲート,https://db.netkeiba.com/horse/2022103778/,2022103778,セ,4,58.0,丹内,,,20,2024/10/06,4東京2,2歳新馬,,2,4,ダ1600,ダ,1600,重,10.0,8,28.0,38.1,2.7,56,11-11,1:39.5,永野猛蔵,508(0),曇,11.0,11.0,,11.0
2026-07-25-03-12,202601010112,2026-07-25,札幌,12,桑園特別,14,リメンバーヒム,https://db.netkeiba.com/horse/2022100321/,2022100321,牡,4,58.0,石橋脩,,,0,2026/04/26,2東京2,4歳以上2勝クラス,,2,3,ダ1400,ダ,1400,稍,8.0,11,101.2,36.2,1.3,58,9-9,1:25.0,石橋脩,460(+8),晴,9.0,9.0,,9.0
2026-07-25-03-12,202601010112,2026-07-25,札幌,12,桑園特別,14,リメンバーヒム,https://db.netkeiba.com/horse/2022100321/,2022100321,牡,4,58.0,石橋脩,,,1,2026/04/18,2阪神7,吹田特別(2勝クラス),,6,9,ダ1400,ダ,1400,良,9.0,8,20.5,35.9,1.3,58,9-10,1:24.5,高杉吏麒,452(-10),晴,9.0,10.0,,10.0
2026-07-25-03-12,202601010112,2026-07-25,札幌,12,桑園特別,14,リメンバーヒム,https://db.netkeiba.com/horse/2022100321/,2022100321,牡,4,58.0,石橋脩,,,2,2026/03/22,1阪神10,4歳以上2勝クラス,,8,13,ダ1400,ダ,1400,良,5.0,9,29.5,36.2,1.0,58,3-3,1:24.6,斎藤新,462(0),曇,3.0,3.0,,3.0
2026-07-25-03-12,202601010112,2026-07-25,札幌,12,桑園特別,14,リメンバーヒム,https://db.netkeiba.com/horse/2022100321/,2022100321,牡,4,58.0,石橋脩,,,3,2026/03/08,1阪神6,4歳以上2勝クラス,,6,10,ダ1400,ダ,1400,良,8.0,5,10.8,37.6,2.0,58,5-4,1:25.1,西村淳也,462(+6),晴,5.0,4.0,,4.0
2026-07-25-03-12,202601010112,2026-07-25,札幌,12,桑園特別,14,リメンバーヒム,https://db.netkeiba.com/horse/2022100321/,2022100321,牡,4,58.0,石橋脩,,,4,2025/12/06,5阪神1,3歳以上2勝クラス,,2,3,ダ1400,ダ,1400,良,10.0,7,15.9,37.5,1.0,57,8-8,1:24.9,松山弘平,456(0),晴,8.0,8.0,,8.0
2026-07-25-03-12,202601010112,2026-07-25,札幌,12,桑園特別,14,リメンバーヒム,https://db.netkeiba.com/horse/2022100321/,2022100321,牡,4,58.0,石橋脩,,,5,2025/11/22,4京都5,3歳以上2勝クラス,,3,6,ダ1400,ダ,1400,良,2.0,4,10.3,36.8,0.0,57,10-11,1:24.1,高杉吏麒,456(+4),晴,10.0,11.0,,11.0
2026-07-25-03-12,202601010112,2026-07-25,札幌,12,桑園特別,14,リメンバーヒム,https://db.netkeiba.com/horse/2022100321/,2022100321,牡,4,58.0,石橋脩,,,6,2025/09/21,4阪神7,3歳以上2勝クラス,,4,8,ダ1400,ダ,1400,良,8.0,5,9.4,36.7,1.4,55,8-6,1:24.6,吉村誠之,452(0),曇,8.0,6.0,,6.0
2026-07-25-03-12,202601010112,2026-07-25,札幌,12,桑園特別,14,リメンバーヒム,https://db.netkeiba.com/horse/2022100321/,2022100321,牡,4,58.0,石橋脩,,,7,2025/09/06,4阪神1,3歳以上1勝クラス,,7,11,ダ1400,ダ,1400,稍,1.0,2,4.4,36.4,-0.4,55,5-4,1:24.6,高杉吏麒,452(-2),晴,5.0,4.0,,4.0
2026-07-25-03-12,202601010112,2026-07-25,札幌,12,桑園特別,14,リメンバーヒム,https://db.netkeiba.com/horse/2022100321/,2022100321,牡,4,58.0,石橋脩,,,8,2025/06/22,3阪神6,3歳未勝利,,8,15,ダ1400,ダ,1400,良,1.0,1,1.2,38.2,-0.5,56,7-4,1:25.7,高杉吏麒,454(+4),曇,7.0,4.0,,4.0
2026-07-25-03-12,202601010112,2026-07-25,札幌,12,桑園特別,14,リメンバーヒム,https://db.netkeiba.com/horse/2022100321/,2022100321,牡,4,58.0,石橋脩,,,9,2025/06/08,3阪神2,3歳未勝利,,5,10,ダ1400,ダ,1400,良,2.0,1,3.1,37.5,0.2,56,5-3,1:25.8,高杉吏麒,450(-8),晴,5.0,3.0,,3.0
2026-07-25-03-12,202601010112,2026-07-25,札幌,12,桑園特別,14,リメンバーヒム,https://db.netkeiba.com/horse/2022100321/,2022100321,牡,4,58.0,石橋脩,,,10,2025/05/18,2京都8,3歳未勝利,,7,14,ダ1400,ダ,1400,重,2.0,7,24.8,36.4,0.1,56,3-3,1:24.0,高杉吏麒,458(+4),晴,3.0,3.0,,3.0
2026-07-25-03-12,202601010112,2026-07-25,札幌,12,桑園特別,14,リメンバーヒム,https://db.netkeiba.com/horse/2022100321/,2022100321,牡,4,58.0,石橋脩,,,11,2025/03/02,1阪神2,3歳未勝利,,2,3,ダ1400,ダ,1400,良,5.0,5,13.3,39.3,0.9,56,7-5,1:27.4,高杉吏麒,454(+6),小雨,7.0,5.0,,5.0
2026-07-25-03-12,202601010112,2026-07-25,札幌,12,桑園特別,14,リメンバーヒム,https://db.netkeiba.com/horse/2022100321/,2022100321,牡,4,58.0,石橋脩,,,12,2025/02/10,1京都3,3歳未勝利,,5,5,ダ1400,ダ,1400,良,2.0,10,83.9,37.7,1.0,56,8-9,1:26.9,高杉吏麒,448(-12),晴,8.0,9.0,,9.0
2026-07-25-03-12,202601010112,2026-07-25,札幌,12,桑園特別,14,リメンバーヒム,https://db.netkeiba.com/horse/2022100321/,2022100321,牡,4,58.0,石橋脩,,,13,2025/01/11,1中京3,3歳未勝利,,1,2,ダ1200,ダ,1200,良,7.0,15,139.5,38.5,0.5,55,6-6,1:14.1,高杉吏麒,460(-2),晴,6.0,6.0,,6.0
2026-07-25-03-12,202601010112,2026-07-25,札幌,12,桑園特別,14,リメンバーヒム,https://db.netkeiba.com/horse/2022100321/,2022100321,牡,4,58.0,石橋脩,,,14,2024/12/15,7京都6,2歳未勝利,,3,6,ダ1400,ダ,1400,良,8.0,9,75.9,39.4,3.1,56,10-9,1:28.9,幸英明,462(-2),晴,10.0,9.0,,9.0
2026-07-25-03-12,202601010112,2026-07-25,札幌,12,桑園特別,14,リメンバーヒム,https://db.netkeiba.com/horse/2022100321/,2022100321,牡,4,58.0,石橋脩,,,15,2024/11/30,7京都1,2歳新馬,,1,1,ダ1200,ダ,1200,稍,5.0,7,51.6,37.6,2.6,56,11-11,1:15.6,団野大成,464(0),晴,11.0,11.0,,11.0
